{
 "omicstype": "",
"nodes": [
 {
 "id": "C002",
"label": "C002",
"size":       18,
"meta": "control",
"fx":   -470.5,
"fy":   10.425,
"fz": 374.2423,
"origX":   -4.587,
"origY":   2.0834,
"origZ": -0.13485,
"colorb": "#E6194B" 
},
{
 "id": "C004",
"label": "C004",
"size":       18,
"meta": "control",
"fx": -459.2714,
"fy": -328.0312,
"fz": 354.4369,
"origX":  -4.4298,
"origY": -0.62425,
"origZ": -0.39232,
"colorb": "#E6194B" 
},
{
 "id": "C005",
"label": "C005",
"size":       18,
"meta": "control",
"fx": -593.3714,
"fy":   -401.5,
"fz": 583.3077,
"origX":  -6.3072,
"origY":   -1.212,
"origZ":    2.583,
"colorb": "#E6194B" 
},
{
 "id": "C006",
"label": "C006",
"size":       18,
"meta": "control",
"fx": -395.7357,
"fy": -742.2125,
"fz": 209.9462,
"origX":  -3.5403,
"origY":  -3.9377,
"origZ":  -2.2707,
"colorb": "#E6194B" 
},
{
 "id": "C007",
"label": "C007",
"size":       18,
"meta": "control",
"fx": -629.4786,
"fy":   153.85,
"fz":   355.62,
"origX":  -6.8127,
"origY":   3.2308,
"origZ": -0.37694,
"colorb": "#E6194B" 
},
{
 "id": "C009",
"label": "C009",
"size":       18,
"meta": "control",
"fx": -595.5143,
"fy":  -537.55,
"fz": 404.7123,
"origX":  -6.3372,
"origY":  -2.3004,
"origZ":  0.26126,
"colorb": "#E6194B" 
},
{
 "id": "C010",
"label": "C010",
"size":       18,
"meta": "control",
"fx": -486.7571,
"fy": -226.9963,
"fz": 342.6531,
"origX":  -4.8146,
"origY":  0.18403,
"origZ": -0.54551,
"colorb": "#E6194B" 
},
{
 "id": "C011",
"label": "C011",
"size":       18,
"meta": "control",
"fx": -545.7071,
"fy":   -405.3,
"fz": 116.6615,
"origX":  -5.6399,
"origY":  -1.2424,
"origZ":  -3.4834,
"colorb": "#E6194B" 
},
{
 "id": "C012",
"label": "C012",
"size":       18,
"meta": "control",
"fx":   -459.4,
"fy": -606.6125,
"fz": 227.7385,
"origX":  -4.4316,
"origY":  -2.8529,
"origZ":  -2.0394,
"colorb": "#E6194B" 
},
{
 "id": "C015",
"label": "C015",
"size":       18,
"meta": "control",
"fx": -566.7643,
"fy":  -513.15,
"fz": 359.3977,
"origX":  -5.9347,
"origY":  -2.1052,
"origZ": -0.32783,
"colorb": "#E6194B" 
},
{
 "id": "C016",
"label": "C016",
"size":       18,
"meta": "control",
"fx":   -509.6,
"fy": -617.675,
"fz": 214.3769,
"origX":  -5.1344,
"origY":  -2.9414,
"origZ":  -2.2131,
"colorb": "#E6194B" 
},
{
 "id": "C017",
"label": "C017",
"size":       18,
"meta": "control",
"fx": -544.0071,
"fy":   -3.025,
"fz": 233.1923,
"origX":  -5.6161,
"origY":   1.9758,
"origZ":  -1.9685,
"colorb": "#E6194B" 
},
{
 "id": "C019",
"label": "C019",
"size":       18,
"meta": "control",
"fx": -569.1286,
"fy": -510.4125,
"fz": 429.6223,
"origX":  -5.9678,
"origY":  -2.0833,
"origZ":  0.58509,
"colorb": "#E6194B" 
},
{
 "id": "C020",
"label": "C020",
"size":       18,
"meta": "control",
"fx": -772.0071,
"fy": -488.9625,
"fz": 533.0154,
"origX":  -8.8081,
"origY":  -1.9117,
"origZ":   1.9292,
"colorb": "#E6194B" 
},
{
 "id": "C021",
"label": "C021",
"size":       18,
"meta": "control",
"fx": -666.0286,
"fy": -290.3525,
"fz": 615.3154,
"origX":  -7.3244,
"origY": -0.32282,
"origZ":   2.9991,
"colorb": "#E6194B" 
},
{
 "id": "C022",
"label": "C022",
"size":       18,
"meta": "control",
"fx": -655.5643,
"fy": -76.2625,
"fz": 564.5385,
"origX":  -7.1779,
"origY":   1.3899,
"origZ":    2.339,
"colorb": "#E6194B" 
},
{
 "id": "C024",
"label": "C024",
"size":       18,
"meta": "control",
"fx": -505.6571,
"fy": -825.425,
"fz": 241.1231,
"origX":  -5.0792,
"origY":  -4.6034,
"origZ":  -1.8654,
"colorb": "#E6194B" 
},
{
 "id": "C026",
"label": "C026",
"size":       18,
"meta": "control",
"fx": -754.6571,
"fy": -304.485,
"fz": 355.5362,
"origX":  -8.5652,
"origY": -0.43588,
"origZ": -0.37803,
"colorb": "#E6194B" 
},
{
 "id": "C028",
"label": "C028",
"size":       18,
"meta": "control",
"fx": -543.7429,
"fy": -640.2375,
"fz":    136.2,
"origX":  -5.6124,
"origY":  -3.1219,
"origZ":  -3.2294,
"colorb": "#E6194B" 
},
{
 "id": "C029",
"label": "C029",
"size":       18,
"meta": "control",
"fx": -487.0429,
"fy":  -474.95,
"fz": 559.8923,
"origX":  -4.8186,
"origY":  -1.7996,
"origZ":   2.2786,
"colorb": "#E6194B" 
},
{
 "id": "C030",
"label": "C030",
"size":       18,
"meta": "control",
"fx": -646.6286,
"fy": -222.4525,
"fz": 409.8838,
"origX":  -7.0528,
"origY":  0.22038,
"origZ":  0.32849,
"colorb": "#E6194B" 
},
{
 "id": "C031",
"label": "C031",
"size":       18,
"meta": "control",
"fx": -448.3786,
"fy":  -389.15,
"fz": 67.73846,
"origX":  -4.2773,
"origY":  -1.1132,
"origZ":  -4.1194,
"colorb": "#E6194B" 
},
{
 "id": "C032",
"label": "C032",
"size":       18,
"meta": "control",
"fx": -605.4143,
"fy": -502.8375,
"fz": 450.1992,
"origX":  -6.4758,
"origY":  -2.0227,
"origZ":  0.85259,
"colorb": "#E6194B" 
},
{
 "id": "C033",
"label": "C033",
"size":       18,
"meta": "control",
"fx": -618.1286,
"fy": -576.5875,
"fz": 228.7462,
"origX":  -6.6538,
"origY":  -2.6127,
"origZ":  -2.0263,
"colorb": "#E6194B" 
},
{
 "id": "C034",
"label": "C034",
"size":       18,
"meta": "control",
"fx":   -307.1,
"fy": -764.075,
"fz": 46.33077,
"origX":  -2.2994,
"origY":  -4.1126,
"origZ":  -4.3977,
"colorb": "#E6194B" 
},
{
 "id": "P002",
"label": "P002",
"size":       18,
"meta": "patient",
"fx": 197.5214,
"fy": 536.3875,
"fz": -105.4538,
"origX":   4.7653,
"origY":   6.2911,
"origZ":  -6.3709,
"colorb": "#3CB44B" 
},
{
 "id": "P012",
"label": "P012",
"size":       18,
"meta": "patient",
"fx": 631.7857,
"fy": -754.3625,
"fz": 507.1154,
"origX":   10.845,
"origY":  -4.0349,
"origZ":   1.5925,
"colorb": "#3CB44B" 
},
{
 "id": "P014",
"label": "P014",
"size":       18,
"meta": "patient",
"fx": 620.0714,
"fy": -515.4375,
"fz": 337.5869,
"origX":   10.681,
"origY":  -2.1235,
"origZ": -0.61137,
"colorb": "#3CB44B" 
},
{
 "id": "P027",
"label": "P027",
"size":       18,
"meta": "patient",
"fx":    82.35,
"fy": -301.2588,
"fz": 564.8462,
"origX":   3.1529,
"origY": -0.41007,
"origZ":    2.343,
"colorb": "#3CB44B" 
},
{
 "id": "P034",
"label": "P034",
"size":       18,
"meta": "patient",
"fx": 246.7429,
"fy":    488.5,
"fz": 405.0054,
"origX":   5.4544,
"origY":    5.908,
"origZ":  0.26507,
"colorb": "#3CB44B" 
},
{
 "id": "P037",
"label": "P037",
"size":       18,
"meta": "patient",
"fx": -119.0471,
"fy":  688.225,
"fz": 491.0154,
"origX":  0.33334,
"origY":   7.5058,
"origZ":   1.3832,
"colorb": "#3CB44B" 
},
{
 "id": "P038",
"label": "P038",
"size":       18,
"meta": "patient",
"fx":   175.85,
"fy":   -122.4,
"fz":    639.7,
"origX":   4.4619,
"origY":   1.0208,
"origZ":   3.3161,
"colorb": "#3CB44B" 
},
{
 "id": "P041",
"label": "P041",
"size":       18,
"meta": "patient",
"fx": 445.7143,
"fy":      144,
"fz": 353.3154,
"origX":     8.24,
"origY":    3.152,
"origZ":  -0.4069,
"colorb": "#3CB44B" 
},
{
 "id": "P042",
"label": "P042",
"size":       18,
"meta": "patient",
"fx": 222.8643,
"fy":   -516.7,
"fz": 638.3308,
"origX":   5.1201,
"origY":  -2.1336,
"origZ":   3.2983,
"colorb": "#3CB44B" 
},
{
 "id": "P049",
"label": "P049",
"size":       18,
"meta": "patient",
"fx": -50.92857,
"fy":  12.3125,
"fz": 737.4769,
"origX":    1.287,
"origY":   2.0985,
"origZ":   4.5872,
"colorb": "#3CB44B" 
},
{
 "id": "P056",
"label": "P056",
"size":       18,
"meta": "patient",
"fx": -228.9571,
"fy":   197.45,
"fz":    810.2,
"origX":  -1.2054,
"origY":   3.5796,
"origZ":   5.5326,
"colorb": "#3CB44B" 
},
{
 "id": "P058",
"label": "P058",
"size":       18,
"meta": "patient",
"fx": -198.3971,
"fy": 535.9875,
"fz": 667.5538,
"origX": -0.77756,
"origY":   6.2879,
"origZ":   3.6782,
"colorb": "#3CB44B" 
},
{
 "id": "P060",
"label": "P060",
"size":       18,
"meta": "patient",
"fx": 7.957143,
"fy":   69.725,
"fz": 608.1769,
"origX":   2.1114,
"origY":   2.5578,
"origZ":   2.9063,
"colorb": "#3CB44B" 
},
{
 "id": "P064",
"label": "P064",
"size":       18,
"meta": "patient",
"fx": 455.7929,
"fy": -503.775,
"fz": 449.4723,
"origX":   8.3811,
"origY":  -2.0302,
"origZ":  0.84314,
"colorb": "#3CB44B" 
},
{
 "id": "P065",
"label": "P065",
"size":       18,
"meta": "patient",
"fx": 606.8571,
"fy": -697.9625,
"fz": 408.5877,
"origX":   10.496,
"origY":  -3.5837,
"origZ":  0.31164,
"colorb": "#3CB44B" 
},
{
 "id": "P070",
"label": "P070",
"size":       18,
"meta": "patient",
"fx": 0.2285714,
"fy": 310.3625,
"fz": 543.8308,
"origX":   2.0032,
"origY":   4.4829,
"origZ":   2.0698,
"colorb": "#3CB44B" 
},
{
 "id": "P080",
"label": "P080",
"size":       18,
"meta": "patient",
"fx":    397.6,
"fy": 421.9125,
"fz":     -756,
"origX":   7.5664,
"origY":   5.3753,
"origZ":  -14.828,
"colorb": "#3CB44B" 
},
{
 "id": "P085",
"label": "P085",
"size":       18,
"meta": "patient",
"fx": 659.6429,
"fy": -657.4125,
"fz": 819.0154,
"origX":   11.235,
"origY":  -3.2593,
"origZ":   5.6472,
"colorb": "#3CB44B" 
},
{
 "id": "P086",
"label": "P086",
"size":       18,
"meta": "patient",
"fx":      490,
"fy":     -597,
"fz": 405.2023,
"origX":     8.86,
"origY":   -2.776,
"origZ":  0.26763,
"colorb": "#3CB44B" 
},
{
 "id": "P089",
"label": "P089",
"size":       18,
"meta": "patient",
"fx": 772.3571,
"fy": -730.6625,
"fz": 376.5523,
"origX":   12.813,
"origY":  -3.8453,
"origZ": -0.10482,
"colorb": "#3CB44B" 
},
{
 "id": "P092",
"label": "P092",
"size":       18,
"meta": "patient",
"fx": -35.66429,
"fy": 240.6625,
"fz": 585.0385,
"origX":   1.5007,
"origY":   3.9253,
"origZ":   2.6055,
"colorb": "#3CB44B" 
},
{
 "id": "P099",
"label": "P099",
"size":       18,
"meta": "patient",
"fx": -175.3414,
"fy":   453.85,
"fz": 794.9538,
"origX": -0.45478,
"origY":   5.6308,
"origZ":   5.3344,
"colorb": "#3CB44B" 
},
{
 "id": "P113",
"label": "P113",
"size":       18,
"meta": "patient",
"fx": 29.60714,
"fy":    337.3,
"fz":   -144.2,
"origX":   2.4145,
"origY":   4.6984,
"origZ":  -6.8746,
"colorb": "#3CB44B" 
},
{
 "id": "P013b",
"label": "P013b",
"size":       18,
"meta": "patient",
"fx": 780.8571,
"fy": -768.1125,
"fz": 205.1077,
"origX":   12.932,
"origY":  -4.1449,
"origZ":  -2.3336,
"colorb": "#3CB44B" 
},
{
 "id": "P100b",
"label": "P100b",
"size":       18,
"meta": "patient",
"fx": 677.2857,
"fy": -487.575,
"fz": 473.9154,
"origX":   11.482,
"origY":  -1.9006,
"origZ":   1.1609,
"colorb": "#3CB44B" 
} 
],
"meta": [ "control", "control", "control", "control", "control", "control", "control", "control", "control", "control", "control", "control", "control", "control", "control", "control", "control", "control", "control", "control", "control", "control", "control", "control", "control", "patient", "patient", "patient", "patient", "patient", "patient", "patient", "patient", "patient", "patient", "patient", "patient", "patient", "patient", "patient", "patient", "patient", "patient", "patient", "patient", "patient", "patient", "patient", "patient", "patient" ],
"loading": [
 {
 "id": "Bin.9.98",
"label": "Bin.9.98",
"size":       24,
"opacity":     0.31,
"fx": 118.9923,
"fy": -72.06222,
"fz":   366.59,
"origX": 0.025469,
"origY": 0.008786,
"origZ": 0.023318,
"seedArr": "notSeed",
"colorb": "#FCF4DD",
"colorw": "#FCF4DD" 
},
{
 "id": "Bin.9.94",
"label": "Bin.9.94",
"size":       24,
"opacity":     0.32,
"fx": 253.1846,
"fy":   -24.04,
"fz":  214.941,
"origX": 0.042914,
"origY": 0.019591,
"origZ": -0.0070118,
"seedArr": "notSeed",
"colorb": "#FCF4D9",
"colorw": "#FCF4D9" 
},
{
 "id": "Bin.9.90",
"label": "Bin.9.90",
"size":       24,
"opacity":     0.35,
"fx": 228.5385,
"fy": -162.0444,
"fz":   531.28,
"origX":  0.03971,
"origY": -0.01146,
"origZ": 0.056256,
"seedArr": "notSeed",
"colorb": "#FCF3D2",
"colorw": "#FCF3D2" 
},
{
 "id": "Bin.9.86",
"label": "Bin.9.86",
"size":       24,
"opacity":     0.32,
"fx": 163.8308,
"fy":  -241.56,
"fz":  331.685,
"origX": 0.031298,
"origY": -0.029351,
"origZ": 0.016337,
"seedArr": "notSeed",
"colorb": "#FCF4DA",
"colorw": "#FCF4DA" 
},
{
 "id": "Bin.9.82",
"label": "Bin.9.82",
"size":       24,
"opacity":     0.31,
"fx":    145.3,
"fy": -210.9733,
"fz": 206.0425,
"origX": 0.028889,
"origY": -0.022469,
"origZ": -0.0087915,
"seedArr": "notSeed",
"colorb": "#FCF4DC",
"colorw": "#FCF4DC" 
},
{
 "id": "Bin.9.78",
"label": "Bin.9.78",
"size":       24,
"opacity":     0.31,
"fx": 250.7308,
"fy": -155.1924,
"fz":    230.8,
"origX": 0.042595,
"origY": -0.0099183,
"origZ": -0.00384,
"seedArr": "notSeed",
"colorb": "#FCF4DB",
"colorw": "#FCF4DB" 
},
{
 "id": "Bin.9.74",
"label": "Bin.9.74",
"size":       24,
"opacity":     0.32,
"fx": 218.5769,
"fy": -214.8533,
"fz":  353.285,
"origX": 0.038415,
"origY": -0.023342,
"origZ": 0.020657,
"seedArr": "notSeed",
"colorb": "#FCF4D9",
"colorw": "#FCF4D9" 
},
{
 "id": "Bin.9.70",
"label": "Bin.9.70",
"size":       24,
"opacity":     0.41,
"fx": 503.9615,
"fy": -345.4889,
"fz":  327.915,
"origX": 0.075515,
"origY": -0.052735,
"origZ": 0.015583,
"seedArr": "notSeed",
"colorb": "#FDF1C3",
"colorw": "#FDF1C3" 
},
{
 "id": "Bin.9.66",
"label": "Bin.9.66",
"size":       24,
"opacity":     0.38,
"fx": 425.5154,
"fy": -269.3422,
"fz":  354.135,
"origX": 0.065317,
"origY": -0.035602,
"origZ": 0.020827,
"seedArr": "notSeed",
"colorb": "#FCF2CC",
"colorw": "#FCF2CC" 
},
{
 "id": "Bin.9.62",
"label": "Bin.9.62",
"size":       24,
"opacity":     0.42,
"fx": 329.6615,
"fy": -409.6756,
"fz":  455.405,
"origX": 0.052856,
"origY": -0.067177,
"origZ": 0.041081,
"seedArr": "notSeed",
"colorb": "#FDF1BF",
"colorw": "#FDF1BF" 
},
{
 "id": "Bin.9.58",
"label": "Bin.9.58",
"size":       24,
"opacity":     0.37,
"fx": 377.7077,
"fy": -315.0978,
"fz":   167.57,
"origX": 0.059102,
"origY": -0.045897,
"origZ": -0.016486,
"seedArr": "notSeed",
"colorb": "#FCF2CD",
"colorw": "#FCF2CD" 
},
{
 "id": "Bin.9.54",
"label": "Bin.9.54",
"size":       24,
"opacity":     0.42,
"fx": 421.7231,
"fy": -412.7911,
"fz": 246.8343,
"origX": 0.064824,
"origY": -0.067878,
"origZ": -0.00063315,
"seedArr": "notSeed",
"colorb": "#FDF1C1",
"colorw": "#FDF1C1" 
},
{
 "id": "Bin.9.50",
"label": "Bin.9.50",
"size":       24,
"opacity":     0.41,
"fx": 578.4923,
"fy": -197.3822,
"fz":  368.965,
"origX": 0.085204,
"origY": -0.019411,
"origZ": 0.023793,
"seedArr": "notSeed",
"colorb": "#FDF1C4",
"colorw": "#FDF1C4" 
},
{
 "id": "Bin.9.46",
"label": "Bin.9.46",
"size":       24,
"opacity":     0.54,
"fx": 563.7692,
"fy": -542.2578,
"fz": 290.6325,
"origX":  0.08329,
"origY": -0.097008,
"origZ": 0.0081265,
"seedArr": "notSeed",
"colorb": "#FEEDA3",
"colorw": "#FEEDA3" 
},
{
 "id": "Bin.9.42",
"label": "Bin.9.42",
"size":       24,
"opacity":      0.5,
"fx":    645.1,
"fy": -430.6933,
"fz":  416.635,
"origX": 0.093863,
"origY": -0.071906,
"origZ": 0.033327,
"seedArr": "notSeed",
"colorb": "#FEEEAB",
"colorw": "#FEEEAB" 
},
{
 "id": "Bin.9.38",
"label": "Bin.9.38",
"size":       24,
"opacity":     0.48,
"fx": 574.7308,
"fy": -483.7111,
"fz": 262.5675,
"origX": 0.084715,
"origY": -0.083835,
"origZ": 0.0025135,
"seedArr": "notSeed",
"colorb": "#FEEFB2",
"colorw": "#FEEFB2" 
},
{
 "id": "Bin.9.34",
"label": "Bin.9.34",
"size":       24,
"opacity":     0.55,
"fx": 582.4231,
"fy": -524.3822,
"fz":    424.8,
"origX": 0.085715,
"origY": -0.092986,
"origZ":  0.03496,
"seedArr": "notSeed",
"colorb": "#FEEC9F",
"colorw": "#FEEC9F" 
},
{
 "id": "Bin.9.30",
"label": "Bin.9.30",
"size":       24,
"opacity":     0.71,
"fx": 334.4077,
"fy": -856.7111,
"fz":  447.005,
"origX": 0.053473,
"origY": -0.16776,
"origZ": 0.039401,
"seedArr": "notSeed",
"colorb": "#F5774B",
"colorw": "#F5774B" 
},
{
 "id": "Bin.9.26",
"label": "Bin.9.26",
"size":       24,
"opacity":     0.53,
"fx": 203.8692,
"fy": -651.7778,
"fz": 278.7185,
"origX": 0.036503,
"origY": -0.12165,
"origZ": 0.0057437,
"seedArr": "notSeed",
"colorb": "#FEEDA5",
"colorw": "#FEEDA5" 
},
{
 "id": "Bin.9.22",
"label": "Bin.9.22",
"size":       24,
"opacity":     0.52,
"fx": 759.0769,
"fy": -335.4311,
"fz":    438.3,
"origX":  0.10868,
"origY": -0.050472,
"origZ":  0.03766,
"seedArr": "notSeed",
"colorb": "#FEEDA7",
"colorw": "#FEEDA7" 
},
{
 "id": "Bin.9.18",
"label": "Bin.9.18",
"size":       24,
"opacity":     0.51,
"fx": 719.6923,
"fy": -268.7511,
"fz":  531.855,
"origX":  0.10356,
"origY": -0.035469,
"origZ": 0.056371,
"seedArr": "notSeed",
"colorb": "#FEEEAB",
"colorw": "#FEEEAB" 
},
{
 "id": "Bin.9.14",
"label": "Bin.9.14",
"size":       24,
"opacity":     0.48,
"fx": -343.9385,
"fy": -305.0578,
"fz":   783.35,
"origX": -0.034712,
"origY": -0.043638,
"origZ":  0.10667,
"seedArr": "notSeed",
"colorb": "#FEEFB0",
"colorw": "#FEEFB0" 
},
{
 "id": "Bin.9.10",
"label": "Bin.9.10",
"size":       24,
"opacity":     0.66,
"fx": 287.8923,
"fy": -572.6667,
"fz":   749.22,
"origX": 0.047426,
"origY": -0.10385,
"origZ": 0.099844,
"seedArr": "notSeed",
"colorb": "#F8A069",
"colorw": "#F8A069" 
},
{
 "id": "Bin.9.06",
"label": "Bin.9.06",
"size":       24,
"opacity":     0.68,
"fx": 240.9538,
"fy": -567.8222,
"fz":    820.1,
"origX": 0.041324,
"origY": -0.10276,
"origZ":  0.11402,
"seedArr": "notSeed",
"colorb": "#F7925F",
"colorw": "#F7925F" 
},
{
 "id": "Bin.9.02",
"label": "Bin.9.02",
"size":       24,
"opacity":     0.64,
"fx": 555.6923,
"fy": -504.7156,
"fz":    679.4,
"origX":  0.08224,
"origY": -0.088561,
"origZ":  0.08588,
"seedArr": "notSeed",
"colorb": "#F9AD72",
"colorw": "#F9AD72" 
},
{
 "id": "Bin.8.98",
"label": "Bin.8.98",
"size":       24,
"opacity":     0.74,
"fx": 536.7615,
"fy": -914.8444,
"fz":  401.545,
"origX": 0.079779,
"origY": -0.18084,
"origZ": 0.030309,
"seedArr": "notSeed",
"colorb": "#F3643D",
"colorw": "#F3643D" 
},
{
 "id": "Bin.8.94",
"label": "Bin.8.94",
"size":       24,
"opacity":     0.67,
"fx": 838.3846,
"fy":  -447.44,
"fz":  567.705,
"origX":  0.11899,
"origY": -0.075674,
"origZ": 0.063541,
"seedArr": "notSeed",
"colorb": "#F79964",
"colorw": "#F79964" 
},
{
 "id": "Bin.8.90",
"label": "Bin.8.90",
"size":       24,
"opacity":     0.74,
"fx": 509.3462,
"fy": -896.5778,
"fz":  441.495,
"origX": 0.076215,
"origY": -0.17673,
"origZ": 0.038299,
"seedArr": "notSeed",
"colorb": "#F3653E",
"colorw": "#F3653E" 
},
{
 "id": "Bin.8.86",
"label": "Bin.8.86",
"size":       24,
"opacity":     0.56,
"fx": -116.9485,
"fy": -374.4356,
"fz":    846.8,
"origX": -0.0052033,
"origY": -0.059248,
"origZ":  0.11936,
"seedArr": "notSeed",
"colorb": "#FEE398",
"colorw": "#FEE398" 
},
{
 "id": "Bin.8.82",
"label": "Bin.8.82",
"size":       24,
"opacity":     0.49,
"fx": -295.9615,
"fy": -308.9244,
"fz":    791.8,
"origX": -0.028475,
"origY": -0.044508,
"origZ":  0.10836,
"seedArr": "notSeed",
"colorb": "#FEEFB0",
"colorw": "#FEEFB0" 
},
{
 "id": "Bin.8.78",
"label": "Bin.8.78",
"size":       24,
"opacity":     0.62,
"fx": 679.9385,
"fy":  -348.64,
"fz":   710.34,
"origX": 0.098392,
"origY": -0.053444,
"origZ": 0.092068,
"seedArr": "notSeed",
"colorb": "#FABA7B",
"colorw": "#FABA7B" 
},
{
 "id": "Bin.8.74",
"label": "Bin.8.74",
"size":       24,
"opacity":     0.62,
"fx": 908.1538,
"fy": -200.1556,
"fz":    574.5,
"origX":  0.12806,
"origY": -0.020035,
"origZ":   0.0649,
"seedArr": "notSeed",
"colorb": "#FABB7C",
"colorw": "#FABB7C" 
},
{
 "id": "Bin.8.70",
"label": "Bin.8.70",
"size":       24,
"opacity":     0.59,
"fx": 892.6923,
"fy": -206.3689,
"fz":   546.02,
"origX":  0.12605,
"origY": -0.021433,
"origZ": 0.059204,
"seedArr": "notSeed",
"colorb": "#FCCD89",
"colorw": "#FCCD89" 
},
{
 "id": "Bin.8.66",
"label": "Bin.8.66",
"size":       24,
"opacity":     0.67,
"fx": 885.1538,
"fy": -351.8578,
"fz":  623.425,
"origX":  0.12507,
"origY": -0.054168,
"origZ": 0.074685,
"seedArr": "notSeed",
"colorb": "#F79661",
"colorw": "#F79661" 
},
{
 "id": "Bin.8.62",
"label": "Bin.8.62",
"size":       24,
"opacity":     0.63,
"fx": 853.7692,
"fy": -282.7289,
"fz":  604.905,
"origX":  0.12099,
"origY": -0.038614,
"origZ": 0.070981,
"seedArr": "notSeed",
"colorb": "#FAB477",
"colorw": "#FAB477" 
},
{
 "id": "Bin.8.58",
"label": "Bin.8.58",
"size":       24,
"opacity":     0.62,
"fx": 787.3077,
"fy": -363.1067,
"fz":  607.215,
"origX":  0.11235,
"origY": -0.056699,
"origZ": 0.071443,
"seedArr": "notSeed",
"colorb": "#FBBD7D",
"colorw": "#FBBD7D" 
},
{
 "id": "Bin.8.54",
"label": "Bin.8.54",
"size":       24,
"opacity":     0.55,
"fx":     -483,
"fy": -456.5778,
"fz":  708.595,
"origX": -0.05279,
"origY": -0.07773,
"origZ": 0.091719,
"seedArr": "notSeed",
"colorb": "#FEEA9E",
"colorw": "#FEEA9E" 
},
{
 "id": "Bin.8.50",
"label": "Bin.8.50",
"size":       24,
"opacity":     0.61,
"fx": 328.9077,
"fy":  -423.36,
"fz":   817.95,
"origX": 0.052758,
"origY": -0.070256,
"origZ":  0.11359,
"seedArr": "notSeed",
"colorb": "#FBC180",
"colorw": "#FBC180" 
},
{
 "id": "Bin.8.46",
"label": "Bin.8.46",
"size":       24,
"opacity":     0.37,
"fx":    288.1,
"fy": -340.6844,
"fz":  392.595,
"origX": 0.047453,
"origY": -0.051654,
"origZ": 0.028519,
"seedArr": "notSeed",
"colorb": "#FCF2CD",
"colorw": "#FCF2CD" 
},
{
 "id": "Bin.8.42",
"label": "Bin.8.42",
"size":       24,
"opacity":      0.6,
"fx": 833.6154,
"fy": -344.6222,
"fz":  530.325,
"origX":  0.11837,
"origY": -0.05254,
"origZ": 0.056065,
"seedArr": "notSeed",
"colorb": "#FCCB88",
"colorw": "#FCCB88" 
},
{
 "id": "Bin.8.38",
"label": "Bin.8.38",
"size":       24,
"opacity":     0.64,
"fx": 847.2308,
"fy": -430.6489,
"fz":   463.65,
"origX":  0.12014,
"origY": -0.071896,
"origZ":  0.04273,
"seedArr": "notSeed",
"colorb": "#F9AF73",
"colorw": "#F9AF73" 
},
{
 "id": "Bin.8.34",
"label": "Bin.8.34",
"size":       24,
"opacity":     0.56,
"fx": 628.4923,
"fy": -472.5556,
"fz":   492.63,
"origX": 0.091704,
"origY": -0.081325,
"origZ": 0.048526,
"seedArr": "notSeed",
"colorb": "#FEE69B",
"colorw": "#FEE69B" 
},
{
 "id": "Bin.8.30",
"label": "Bin.8.30",
"size":       24,
"opacity":     0.62,
"fx": 784.6923,
"fy": -237.0489,
"fz":  688.955,
"origX":  0.11201,
"origY": -0.028336,
"origZ": 0.087791,
"seedArr": "notSeed",
"colorb": "#FAB87A",
"colorw": "#FAB87A" 
},
{
 "id": "Bin.8.26",
"label": "Bin.8.26",
"size":       24,
"opacity":     0.61,
"fx":      824,
"fy": -352.4578,
"fz":  560.515,
"origX":  0.11712,
"origY": -0.054303,
"origZ": 0.062103,
"seedArr": "notSeed",
"colorb": "#FBC483",
"colorw": "#FBC483" 
},
{
 "id": "Bin.8.22",
"label": "Bin.8.22",
"size":       24,
"opacity":     0.65,
"fx": 539.1308,
"fy":     -666,
"fz":  335.425,
"origX": 0.080087,
"origY": -0.12485,
"origZ": 0.017085,
"seedArr": "notSeed",
"colorb": "#F9A66D",
"colorw": "#F9A66D" 
},
{
 "id": "Bin.8.18",
"label": "Bin.8.18",
"size":       24,
"opacity":     0.41,
"fx": -33.27615,
"fy": -516.4711,
"fz":   159.05,
"origX": 0.0056741,
"origY": -0.091206,
"origZ": -0.01819,
"seedArr": "notSeed",
"colorb": "#FDF1C3",
"colorw": "#FDF1C3" 
},
{
 "id": "Bin.8.14",
"label": "Bin.8.14",
"size":       24,
"opacity":     0.53,
"fx": 781.1538,
"fy": -207.0933,
"fz":  536.265,
"origX":  0.11155,
"origY": -0.021596,
"origZ": 0.057253,
"seedArr": "notSeed",
"colorb": "#FEEDA4",
"colorw": "#FEEDA4" 
},
{
 "id": "Bin.8.10",
"label": "Bin.8.10",
"size":       24,
"opacity":     0.58,
"fx": 152.2769,
"fy": -384.0089,
"fz":    840.7,
"origX": 0.029796,
"origY": -0.061402,
"origZ":  0.11814,
"seedArr": "notSeed",
"colorb": "#FDD68F",
"colorw": "#FDD68F" 
},
{
 "id": "Bin.8.06",
"label": "Bin.8.06",
"size":       24,
"opacity":      0.6,
"fx": 240.1077,
"fy": -644.1778,
"fz":   572.28,
"origX": 0.041214,
"origY": -0.11994,
"origZ": 0.064456,
"seedArr": "notSeed",
"colorb": "#FCCA86",
"colorw": "#FCCA86" 
},
{
 "id": "Bin.8.02",
"label": "Bin.8.02",
"size":       24,
"opacity":     0.46,
"fx":     32.5,
"fy": -616.7111,
"fz":  225.137,
"origX": 0.014225,
"origY": -0.11376,
"origZ": -0.0049726,
"seedArr": "notSeed",
"colorb": "#FDEFB5",
"colorw": "#FDEFB5" 
},
{
 "id": "Bin.7.98",
"label": "Bin.7.98",
"size":       24,
"opacity":     0.43,
"fx": -189.0231,
"fy": 302.1111,
"fz":  173.225,
"origX": -0.014573,
"origY": 0.092975,
"origZ": -0.015355,
"seedArr": "notSeed",
"colorb": "#FDF0BF",
"colorw": "#FDF0BF" 
},
{
 "id": "Bin.7.94",
"label": "Bin.7.94",
"size":       24,
"opacity":     0.43,
"fx": -156.4462,
"fy": -29.29333,
"fz":   739.43,
"origX": -0.010338,
"origY": 0.018409,
"origZ": 0.097886,
"seedArr": "notSeed",
"colorb": "#FDF0BE",
"colorw": "#FDF0BE" 
},
{
 "id": "Bin.7.90",
"label": "Bin.7.90",
"size":       24,
"opacity":     0.36,
"fx": 175.0385,
"fy": 148.6133,
"fz":  117.665,
"origX": 0.032755,
"origY": 0.058438,
"origZ": -0.026467,
"seedArr": "notSeed",
"colorb": "#FCF3D1",
"colorw": "#FCF3D1" 
},
{
 "id": "Bin.7.86",
"label": "Bin.7.86",
"size":       24,
"opacity":     0.49,
"fx": -927.0769,
"fy": -31.23556,
"fz":    478.4,
"origX": -0.11052,
"origY": 0.017972,
"origZ":  0.04568,
"seedArr": "notSeed",
"colorb": "#FEEEAF",
"colorw": "#FEEEAF" 
},
{
 "id": "Bin.7.82",
"label": "Bin.7.82",
"size":       24,
"opacity":     0.48,
"fx": -932.1538,
"fy": -32.54222,
"fz":  454.685,
"origX": -0.11118,
"origY": 0.017678,
"origZ": 0.040937,
"seedArr": "notSeed",
"colorb": "#FEEFB1",
"colorw": "#FEEFB1" 
},
{
 "id": "Bin.7.78",
"label": "Bin.7.78",
"size":       24,
"opacity":     0.35,
"fx": 419.5154,
"fy": -243.3156,
"fz": 289.9175,
"origX": 0.064537,
"origY": -0.029746,
"origZ": 0.0079835,
"seedArr": "notSeed",
"colorb": "#FCF3D2",
"colorw": "#FCF3D2" 
},
{
 "id": "Bin.7.74",
"label": "Bin.7.74",
"size":       24,
"opacity":     0.36,
"fx": 202.8462,
"fy": -401.5111,
"fz":  259.886,
"origX":  0.03637,
"origY": -0.06534,
"origZ": 0.0019772,
"seedArr": "notSeed",
"colorb": "#FCF3CF",
"colorw": "#FCF3CF" 
},
{
 "id": "Bin.7.70",
"label": "Bin.7.70",
"size":       24,
"opacity":     0.33,
"fx": 42.26154,
"fy": -80.16756,
"fz":  503.385,
"origX": 0.015494,
"origY": 0.0069623,
"origZ": 0.050677,
"seedArr": "notSeed",
"colorb": "#FCF4D8",
"colorw": "#FCF4D8" 
},
{
 "id": "Bin.7.66",
"label": "Bin.7.66",
"size":       24,
"opacity":     0.49,
"fx": -937.5385,
"fy": 6.564444,
"fz":   445.86,
"origX": -0.11188,
"origY": 0.026477,
"origZ": 0.039172,
"seedArr": "notSeed",
"colorb": "#FEEEAE",
"colorw": "#FEEEAE" 
},
{
 "id": "Bin.7.62",
"label": "Bin.7.62",
"size":       24,
"opacity":      0.5,
"fx":   -819.7,
"fy": -0.6577778,
"fz":  597.495,
"origX": -0.096561,
"origY": 0.024852,
"origZ": 0.069499,
"seedArr": "notSeed",
"colorb": "#FEEEAD",
"colorw": "#FEEEAD" 
},
{
 "id": "Bin.7.58",
"label": "Bin.7.58",
"size":       24,
"opacity":     0.51,
"fx": -887.7692,
"fy": -22.43556,
"fz":  560.395,
"origX": -0.10541,
"origY": 0.019952,
"origZ": 0.062079,
"seedArr": "notSeed",
"colorb": "#FEEEAA",
"colorw": "#FEEEAA" 
},
{
 "id": "Bin.7.54",
"label": "Bin.7.54",
"size":       24,
"opacity":     0.52,
"fx": -944.2308,
"fy": -36.85333,
"fz":  510.565,
"origX": -0.11275,
"origY": 0.016708,
"origZ": 0.052113,
"seedArr": "notSeed",
"colorb": "#FEEEA7",
"colorw": "#FEEEA7" 
},
{
 "id": "Bin.7.50",
"label": "Bin.7.50",
"size":       24,
"opacity":     0.33,
"fx": -161.4308,
"fy": -30.70667,
"fz":   516.03,
"origX": -0.010986,
"origY": 0.018091,
"origZ": 0.053206,
"seedArr": "notSeed",
"colorb": "#FCF3D6",
"colorw": "#FCF3D6" 
},
{
 "id": "Bin.7.46",
"label": "Bin.7.46",
"size":       24,
"opacity":     0.68,
"fx": 270.8846,
"fy":    566.4,
"fz":    374.3,
"origX": 0.045215,
"origY":  0.15244,
"origZ":  0.02486,
"seedArr": "notSeed",
"colorb": "#F78F5C",
"colorw": "#F78F5C" 
},
{
 "id": "Bin.7.42",
"label": "Bin.7.42",
"size":       24,
"opacity":     0.76,
"fx": -106.5346,
"fy": 788.0444,
"fz":    -3.62,
"origX": -0.0038495,
"origY":  0.20231,
"origZ": -0.050724,
"seedArr": "notSeed",
"colorb": "#F25935",
"colorw": "#F25935" 
},
{
 "id": "Bin.7.38",
"label": "Bin.7.38",
"size":       24,
"opacity":     0.75,
"fx": -149.7192,
"fy": 798.9333,
"fz":   194.67,
"origX": -0.0094635,
"origY":  0.20476,
"origZ": -0.011066,
"seedArr": "notSeed",
"colorb": "#F35E39",
"colorw": "#F35E39" 
},
{
 "id": "Bin.7.34",
"label": "Bin.7.34",
"size":       24,
"opacity":     0.77,
"fx": -116.2669,
"fy": 788.4889,
"fz": -121.275,
"origX": -0.0051147,
"origY":  0.20241,
"origZ": -0.074255,
"seedArr": "notSeed",
"colorb": "#F14E2E",
"colorw": "#F14E2E" 
},
{
 "id": "Bin.7.30",
"label": "Bin.7.30",
"size":       24,
"opacity":      0.4,
"fx": -661.7769,
"fy": 6.444444,
"fz":    96.04,
"origX": -0.076031,
"origY":  0.02645,
"origZ": -0.030792,
"seedArr": "notSeed",
"colorb": "#FDF1C6",
"colorw": "#FDF1C6" 
},
{
 "id": "Bin.7.26",
"label": "Bin.7.26",
"size":       24,
"opacity":     0.67,
"fx": -253.7077,
"fy": 565.6444,
"fz":   373.42,
"origX": -0.022982,
"origY":  0.15227,
"origZ": 0.024684,
"seedArr": "notSeed",
"colorb": "#F79460",
"colorw": "#F79460" 
},
{
 "id": "Bin.7.22",
"label": "Bin.7.22",
"size":       24,
"opacity":     0.58,
"fx":   -540.7,
"fy": 430.5778,
"fz": 232.5495,
"origX": -0.060291,
"origY":  0.12188,
"origZ": -0.0034901,
"seedArr": "notSeed",
"colorb": "#FDD891",
"colorw": "#FDD891" 
},
{
 "id": "Bin.7.18",
"label": "Bin.7.18",
"size":       24,
"opacity":      0.3,
"fx":   -284.7,
"fy": -146.5516,
"fz": 211.2335,
"origX": -0.027011,
"origY": -0.0079741,
"origZ": -0.0077533,
"seedArr": "notSeed",
"colorb": "#FCF5DF",
"colorw": "#FCF5DF" 
},
{
 "id": "Bin.7.14",
"label": "Bin.7.14",
"size":       24,
"opacity":     0.37,
"fx": -227.9615,
"fy": -404.1289,
"fz":   400.86,
"origX": -0.019635,
"origY": -0.065929,
"origZ": 0.030172,
"seedArr": "notSeed",
"colorb": "#FCF2CE",
"colorw": "#FCF2CE" 
},
{
 "id": "Bin.7.10",
"label": "Bin.7.10",
"size":       24,
"opacity":     0.38,
"fx": -111.5192,
"fy": -394.7333,
"fz":  478.555,
"origX": -0.0044975,
"origY": -0.063815,
"origZ": 0.045711,
"seedArr": "notSeed",
"colorb": "#FCF2CA",
"colorw": "#FCF2CA" 
},
{
 "id": "Bin.7.06",
"label": "Bin.7.06",
"size":       24,
"opacity":      0.7,
"fx": 209.9462,
"fy": 589.8667,
"fz":   480.02,
"origX": 0.037293,
"origY":  0.15772,
"origZ": 0.046004,
"seedArr": "notSeed",
"colorb": "#F68454",
"colorw": "#F68454" 
},
{
 "id": "Bin.7.02",
"label": "Bin.7.02",
"size":       24,
"opacity":     0.57,
"fx": 397.4538,
"fy":    350.4,
"fz":  550.295,
"origX": 0.061669,
"origY":  0.10384,
"origZ": 0.060059,
"seedArr": "notSeed",
"colorb": "#FDDF96",
"colorw": "#FDDF96" 
},
{
 "id": "Bin.6.98",
"label": "Bin.6.98",
"size":       24,
"opacity":      0.4,
"fx":   -38.28,
"fy": 8.537778,
"fz":  -162.13,
"origX": 0.0050236,
"origY": 0.026921,
"origZ": -0.082426,
"seedArr": "notSeed",
"colorb": "#FDF1C5",
"colorw": "#FDF1C5" 
},
{
 "id": "Bin.6.94",
"label": "Bin.6.94",
"size":       24,
"opacity":     0.45,
"fx": 69.24615,
"fy": -4.297778,
"fz":   -270.4,
"origX": 0.019002,
"origY": 0.024033,
"origZ": -0.10408,
"seedArr": "notSeed",
"colorb": "#FDF0B9",
"colorw": "#FDF0B9" 
},
{
 "id": "Bin.6.90",
"label": "Bin.6.90",
"size":       24,
"opacity":     0.34,
"fx": 118.9231,
"fy": -304.7867,
"fz":    103.9,
"origX":  0.02546,
"origY": -0.043577,
"origZ": -0.02922,
"seedArr": "notSeed",
"colorb": "#FCF3D6",
"colorw": "#FCF3D6" 
},
{
 "id": "Bin.6.86",
"label": "Bin.6.86",
"size":       24,
"opacity":     0.39,
"fx": -109.5831,
"fy": -433.2133,
"fz":   416.75,
"origX": -0.0042458,
"origY": -0.072473,
"origZ":  0.03335,
"seedArr": "notSeed",
"colorb": "#FDF2C9",
"colorw": "#FDF2C9" 
},
{
 "id": "Bin.6.82",
"label": "Bin.6.82",
"size":       24,
"opacity":     0.44,
"fx": 611.4846,
"fy": -275.6844,
"fz":  453.425,
"origX": 0.089493,
"origY": -0.037029,
"origZ": 0.040685,
"seedArr": "notSeed",
"colorb": "#FDF0BB",
"colorw": "#FDF0BB" 
},
{
 "id": "Bin.6.78",
"label": "Bin.6.78",
"size":       24,
"opacity":     0.51,
"fx": 356.7769,
"fy": -264.0622,
"fz":   775.05,
"origX": 0.056381,
"origY": -0.034414,
"origZ":  0.10501,
"seedArr": "notSeed",
"colorb": "#FEEEA9",
"colorw": "#FEEEA9" 
},
{
 "id": "Bin.6.74",
"label": "Bin.6.74",
"size":       24,
"opacity":     0.57,
"fx": 480.1615,
"fy": -138.2858,
"fz":   815.05,
"origX": 0.072421,
"origY": -0.0061143,
"origZ":  0.11301,
"seedArr": "notSeed",
"colorb": "#FEE197",
"colorw": "#FEE197" 
},
{
 "id": "Bin.6.70",
"label": "Bin.6.70",
"size":       24,
"opacity":     0.63,
"fx": 453.1308,
"fy": -356.2889,
"fz":   828.45,
"origX": 0.068907,
"origY": -0.055165,
"origZ":  0.11569,
"seedArr": "notSeed",
"colorb": "#FAB276",
"colorw": "#FAB276" 
},
{
 "id": "Bin.6.66",
"label": "Bin.6.66",
"size":       24,
"opacity":     0.59,
"fx": 78.33077,
"fy":  -500.32,
"fz":    786.9,
"origX": 0.020183,
"origY": -0.087572,
"origZ":  0.10738,
"seedArr": "notSeed",
"colorb": "#FCD18C",
"colorw": "#FCD18C" 
},
{
 "id": "Bin.6.62",
"label": "Bin.6.62",
"size":       24,
"opacity":     0.61,
"fx": 256.5538,
"fy":  -475.88,
"fz":   796.15,
"origX": 0.043352,
"origY": -0.082073,
"origZ":  0.10923,
"seedArr": "notSeed",
"colorb": "#FBC281",
"colorw": "#FBC281" 
},
{
 "id": "Bin.6.58",
"label": "Bin.6.58",
"size":       24,
"opacity":     0.45,
"fx": 178.4769,
"fy": -318.9333,
"fz":  711.365,
"origX": 0.033202,
"origY": -0.04676,
"origZ": 0.092273,
"seedArr": "notSeed",
"colorb": "#FDF0B9",
"colorw": "#FDF0B9" 
},
{
 "id": "Bin.6.54",
"label": "Bin.6.54",
"size":       24,
"opacity":     0.38,
"fx": 265.7308,
"fy": -186.2533,
"fz":  554.825,
"origX": 0.044545,
"origY": -0.016907,
"origZ": 0.060965,
"seedArr": "notSeed",
"colorb": "#FCF2CB",
"colorw": "#FCF2CB" 
},
{
 "id": "Bin.6.50",
"label": "Bin.6.50",
"size":       24,
"opacity":     0.32,
"fx": 94.03077,
"fy": 59.91556,
"fz":  222.063,
"origX": 0.022224,
"origY": 0.038481,
"origZ": -0.0055874,
"seedArr": "notSeed",
"colorb": "#FCF4DB",
"colorw": "#FCF4DB" 
},
{
 "id": "Bin.6.46",
"label": "Bin.6.46",
"size":       24,
"opacity":     0.34,
"fx": 222.8846,
"fy": 118.1378,
"fz": 252.0933,
"origX": 0.038975,
"origY": 0.051581,
"origZ": 0.00041866,
"seedArr": "notSeed",
"colorb": "#FCF3D4",
"colorw": "#FCF3D4" 
},
{
 "id": "Bin.6.42",
"label": "Bin.6.42",
"size":       24,
"opacity":     0.39,
"fx": 192.7231,
"fy": -168.7067,
"fz":  615.315,
"origX": 0.035054,
"origY": -0.012959,
"origZ": 0.073063,
"seedArr": "notSeed",
"colorb": "#FDF2C8",
"colorw": "#FDF2C8" 
},
{
 "id": "Bin.6.38",
"label": "Bin.6.38",
"size":       24,
"opacity":     0.33,
"fx": 61.67692,
"fy": 98.78667,
"fz":   157.03,
"origX": 0.018018,
"origY": 0.047227,
"origZ": -0.018594,
"seedArr": "notSeed",
"colorb": "#FCF4D8",
"colorw": "#FCF4D8" 
},
{
 "id": "Bin.6.34",
"label": "Bin.6.34",
"size":       24,
"opacity":     0.37,
"fx": 203.0615,
"fy": -15.55111,
"fz":   571.38,
"origX": 0.036398,
"origY": 0.021501,
"origZ": 0.064276,
"seedArr": "notSeed",
"colorb": "#FCF2CC",
"colorw": "#FCF2CC" 
},
{
 "id": "Bin.6.30",
"label": "Bin.6.30",
"size":       24,
"opacity":      0.3,
"fx": -63.80846,
"fy": -6.204444,
"fz":  139.295,
"origX": 0.0017049,
"origY": 0.023604,
"origZ": -0.022141,
"seedArr": "notSeed",
"colorb": "#FCF4DE",
"colorw": "#FCF4DE" 
},
{
 "id": "Bin.4.38",
"label": "Bin.4.38",
"size":       24,
"opacity":     0.44,
"fx": -242.4769,
"fy": -139.0053,
"fz":   -256.3,
"origX": -0.021522,
"origY": -0.0062762,
"origZ": -0.10126,
"seedArr": "notSeed",
"colorb": "#FDF0BC",
"colorw": "#FDF0BC" 
},
{
 "id": "Bin.4.34",
"label": "Bin.4.34",
"size":       24,
"opacity":     0.49,
"fx": 268.0846,
"fy": 248.8756,
"fz": -140.245,
"origX": 0.044851,
"origY": 0.080997,
"origZ": -0.078049,
"seedArr": "notSeed",
"colorb": "#FEEEAE",
"colorw": "#FEEEAE" 
},
{
 "id": "Bin.4.30",
"label": "Bin.4.30",
"size":       24,
"opacity":     0.46,
"fx": 452.2692,
"fy": 158.9333,
"fz":  -86.205,
"origX": 0.068795,
"origY":  0.06076,
"origZ": -0.067241,
"seedArr": "notSeed",
"colorb": "#FDEFB6",
"colorw": "#FDEFB6" 
},
{
 "id": "Bin.4.26",
"label": "Bin.4.26",
"size":       24,
"opacity":     0.58,
"fx": 599.6154,
"fy": 237.8756,
"fz":  -113.08,
"origX":  0.08795,
"origY": 0.078522,
"origZ": -0.072616,
"seedArr": "notSeed",
"colorb": "#FCD48E",
"colorw": "#FCD48E" 
},
{
 "id": "Bin.4.22",
"label": "Bin.4.22",
"size":       24,
"opacity":     0.64,
"fx": 356.9154,
"fy":    443.6,
"fz":   -34.34,
"origX": 0.056399,
"origY":  0.12481,
"origZ": -0.056868,
"seedArr": "notSeed",
"colorb": "#F9AB71",
"colorw": "#F9AB71" 
},
{
 "id": "Bin.4.18",
"label": "Bin.4.18",
"size":       24,
"opacity":     0.76,
"fx": 194.5692,
"fy": 527.0222,
"fz":   -525.5,
"origX": 0.035294,
"origY":  0.14358,
"origZ":  -0.1551,
"seedArr": "notSeed",
"colorb": "#F25432",
"colorw": "#F25432" 
},
{
 "id": "Bin.4.14",
"label": "Bin.4.14",
"size":       24,
"opacity":     0.72,
"fx": 383.9385,
"fy": 140.1289,
"fz":   -564.3,
"origX": 0.059912,
"origY": 0.056529,
"origZ": -0.16286,
"seedArr": "notSeed",
"colorb": "#F4764A",
"colorw": "#F4764A" 
},
{
 "id": "Bin.4.10",
"label": "Bin.4.10",
"size":       24,
"opacity":      0.5,
"fx": 285.9154,
"fy": 5.484444,
"fz":   -297.8,
"origX": 0.047169,
"origY": 0.026234,
"origZ": -0.10956,
"seedArr": "notSeed",
"colorb": "#FEEEAC",
"colorw": "#FEEEAC" 
},
{
 "id": "Bin.4.06",
"label": "Bin.4.06",
"size":       24,
"opacity":     0.35,
"fx": -432.3077,
"fy": -315.7556,
"fz":  205.563,
"origX":  -0.0462,
"origY": -0.046045,
"origZ": -0.0088874,
"seedArr": "notSeed",
"colorb": "#FCF3D3",
"colorw": "#FCF3D3" 
},
{
 "id": "Bin.4.02",
"label": "Bin.4.02",
"size":       24,
"opacity":     0.33,
"fx": 13.15385,
"fy":  -150.36,
"fz":  -23.735,
"origX":  0.01171,
"origY": -0.008831,
"origZ": -0.054747,
"seedArr": "notSeed",
"colorb": "#FCF4D7",
"colorw": "#FCF4D7" 
},
{
 "id": "Bin.4.04",
"label": "Bin.4.04",
"size":       24,
"opacity":     0.34,
"fx": -383.1308,
"fy": -304.7733,
"fz":   160.86,
"origX": -0.039807,
"origY": -0.043574,
"origZ": -0.017828,
"seedArr": "notSeed",
"colorb": "#FCF3D5",
"colorw": "#FCF3D5" 
},
{
 "id": "Bin.3.98",
"label": "Bin.3.98",
"size":       24,
"opacity":     0.44,
"fx": -897.2308,
"fy": -57.84444,
"fz":  290.004,
"origX": -0.10664,
"origY": 0.011985,
"origZ": 0.0080008,
"seedArr": "notSeed",
"colorb": "#FDF0BA",
"colorw": "#FDF0BA" 
},
{
 "id": "Bin.3.94",
"label": "Bin.3.94",
"size":       24,
"opacity":     0.71,
"fx": -347.4308,
"fy": 164.6756,
"fz":   -547.7,
"origX": -0.035166,
"origY": 0.062052,
"origZ": -0.15954,
"seedArr": "notSeed",
"colorb": "#F57B4E",
"colorw": "#F57B4E" 
},
{
 "id": "Bin.3.90",
"label": "Bin.3.90",
"size":       24,
"opacity":     0.79,
"fx":    264.3,
"fy": 417.7778,
"fz":   -748.4,
"origX": 0.044359,
"origY":    0.119,
"origZ": -0.19968,
"seedArr": "notSeed",
"colorb": "#F03E22",
"colorw": "#F03E22" 
},
{
 "id": "Bin.3.86",
"label": "Bin.3.86",
"size":       24,
"opacity":     0.77,
"fx": 268.1077,
"fy": 277.4489,
"fz":   -732.7,
"origX": 0.044854,
"origY": 0.087426,
"origZ": -0.19654,
"seedArr": "notSeed",
"colorb": "#F14C2C",
"colorw": "#F14C2C" 
},
{
 "id": "Bin.3.82",
"label": "Bin.3.82",
"size":       24,
"opacity":     0.73,
"fx": 60.26154,
"fy": 320.9733,
"fz":   -571.9,
"origX": 0.017834,
"origY": 0.097219,
"origZ": -0.16438,
"seedArr": "notSeed",
"colorb": "#F46D44",
"colorw": "#F46D44" 
},
{
 "id": "Bin.3.78",
"label": "Bin.3.78",
"size":       24,
"opacity":     0.75,
"fx": 119.8308,
"fy": 120.3289,
"fz":   -751.8,
"origX": 0.025578,
"origY": 0.052074,
"origZ": -0.20036,
"seedArr": "notSeed",
"colorb": "#F25B37",
"colorw": "#F25B37" 
},
{
 "id": "Bin.3.74",
"label": "Bin.3.74",
"size":       24,
"opacity":     0.76,
"fx": 400.3308,
"fy": 188.2844,
"fz":  -694.55,
"origX": 0.062043,
"origY": 0.067364,
"origZ": -0.18891,
"seedArr": "notSeed",
"colorb": "#F25533",
"colorw": "#F25533" 
},
{
 "id": "Bin.3.70",
"label": "Bin.3.70",
"size":       24,
"opacity":      0.8,
"fx": 287.7769,
"fy": 571.1111,
"fz":   -625.6,
"origX": 0.047411,
"origY":   0.1535,
"origZ": -0.17512,
"seedArr": "notSeed",
"colorb": "#F03C21",
"colorw": "#F03C21" 
},
{
 "id": "Bin.3.66",
"label": "Bin.3.66",
"size":       24,
"opacity":     0.71,
"fx": 23.24615,
"fy": 540.3556,
"fz": -233.295,
"origX": 0.013022,
"origY":  0.14658,
"origZ": -0.096659,
"seedArr": "notSeed",
"colorb": "#F5794D",
"colorw": "#F5794D" 
},
{
 "id": "Bin.3.62",
"label": "Bin.3.62",
"size":       24,
"opacity":     0.73,
"fx": 71.27692,
"fy": 592.4444,
"fz":  -257.05,
"origX": 0.019266,
"origY":   0.1583,
"origZ": -0.10141,
"seedArr": "notSeed",
"colorb": "#F46E45",
"colorw": "#F46E45" 
},
{
 "id": "Bin.3.58",
"label": "Bin.3.58",
"size":       24,
"opacity":     0.69,
"fx":   -307.4,
"fy": -361.3378,
"fz":  -495.35,
"origX": -0.029962,
"origY": -0.056301,
"origZ": -0.14907,
"seedArr": "notSeed",
"colorb": "#F68B59",
"colorw": "#F68B59" 
},
{
 "id": "Bin.3.54",
"label": "Bin.3.54",
"size":       24,
"opacity":     0.78,
"fx": 256.1385,
"fy": 367.5556,
"fz":  -695.45,
"origX": 0.043298,
"origY":   0.1077,
"origZ": -0.18909,
"seedArr": "notSeed",
"colorb": "#F14B2B",
"colorw": "#F14B2B" 
},
{
 "id": "Bin.3.50",
"label": "Bin.3.50",
"size":       24,
"opacity":     0.79,
"fx": 241.8615,
"fy": 374.8889,
"fz":  -758.75,
"origX": 0.041442,
"origY":  0.10935,
"origZ": -0.20175,
"seedArr": "notSeed",
"colorb": "#F04023",
"colorw": "#F04023" 
},
{
 "id": "Bin.3.46",
"label": "Bin.3.46",
"size":       24,
"opacity":      0.8,
"fx":      160,
"fy": 309.2711,
"fz":  -841.45,
"origX":   0.0308,
"origY": 0.094586,
"origZ": -0.21829,
"seedArr": "notSeed",
"colorb": "#F03B20",
"colorw": "#F03B20" 
},
{
 "id": "Bin.3.42",
"label": "Bin.3.42",
"size":       24,
"opacity":     0.79,
"fx": 132.2615,
"fy": 164.0756,
"fz":  -848.75,
"origX": 0.027194,
"origY": 0.061917,
"origZ": -0.21975,
"seedArr": "notSeed",
"colorb": "#F04326",
"colorw": "#F04326" 
},
{
 "id": "Bin.3.38",
"label": "Bin.3.38",
"size":       24,
"opacity":     0.78,
"fx": 262.2538,
"fy":   232.56,
"fz":   -791.7,
"origX": 0.044093,
"origY": 0.077326,
"origZ": -0.20834,
"seedArr": "notSeed",
"colorb": "#F04527",
"colorw": "#F04527" 
},
{
 "id": "Bin.3.34",
"label": "Bin.3.34",
"size":       24,
"opacity":     0.54,
"fx": -385.6077,
"fy": -291.8489,
"fz":   -324.1,
"origX": -0.040129,
"origY": -0.040666,
"origZ": -0.11482,
"seedArr": "notSeed",
"colorb": "#FEEDA2",
"colorw": "#FEEDA2" 
},
{
 "id": "Bin.3.30",
"label": "Bin.3.30",
"size":       24,
"opacity":     0.55,
"fx": -199.1923,
"fy": -593.9111,
"fz":   -109.2,
"origX": -0.015895,
"origY": -0.10863,
"origZ": -0.07184,
"seedArr": "notSeed",
"colorb": "#FEEDA0",
"colorw": "#FEEDA0" 
},
{
 "id": "Bin.3.26",
"label": "Bin.3.26",
"size":       24,
"opacity":     0.46,
"fx": -171.4231,
"fy": -79.61867,
"fz":   -313.1,
"origX": -0.012285,
"origY": 0.0070858,
"origZ": -0.11262,
"seedArr": "notSeed",
"colorb": "#FDEFB7",
"colorw": "#FDEFB7" 
},
{
 "id": "Bin.3.22",
"label": "Bin.3.22",
"size":       24,
"opacity":      0.6,
"fx": 160.9923,
"fy": 123.2489,
"fz":   -397.3,
"origX": 0.030929,
"origY": 0.052731,
"origZ": -0.12946,
"seedArr": "notSeed",
"colorb": "#FBC684",
"colorw": "#FBC684" 
},
{
 "id": "Bin.3.18",
"label": "Bin.3.18",
"size":       24,
"opacity":     0.66,
"fx": -311.8923,
"fy": -175.1111,
"fz":  -491.15,
"origX": -0.030546,
"origY":  -0.0144,
"origZ": -0.14823,
"seedArr": "notSeed",
"colorb": "#F89D66",
"colorw": "#F89D66" 
},
{
 "id": "Bin.3.14",
"label": "Bin.3.14",
"size":       24,
"opacity":     0.69,
"fx": -589.4769,
"fy": -631.7333,
"fz": -234.315,
"origX": -0.066632,
"origY": -0.11714,
"origZ": -0.096863,
"seedArr": "notSeed",
"colorb": "#F68757",
"colorw": "#F68757" 
},
{
 "id": "Bin.3.10",
"label": "Bin.3.10",
"size":       24,
"opacity":     0.39,
"fx": 131.9846,
"fy": -346.2533,
"fz":  -34.755,
"origX": 0.027158,
"origY": -0.052907,
"origZ": -0.056951,
"seedArr": "notSeed",
"colorb": "#FDF2C8",
"colorw": "#FDF2C8" 
},
{
 "id": "Bin.3.06",
"label": "Bin.3.06",
"size":       24,
"opacity":     0.44,
"fx": -445.0846,
"fy": -500.2133,
"fz":   400.61,
"origX": -0.047861,
"origY": -0.087548,
"origZ": 0.030122,
"seedArr": "notSeed",
"colorb": "#FDF0BC",
"colorw": "#FDF0BC" 
},
{
 "id": "Bin.3.02",
"label": "Bin.3.02",
"size":       24,
"opacity":     0.34,
"fx": -223.2231,
"fy":    57.48,
"fz":    21.58,
"origX": -0.019019,
"origY": 0.037933,
"origZ": -0.045684,
"seedArr": "notSeed",
"colorb": "#FCF3D4",
"colorw": "#FCF3D4" 
},
{
 "id": "Bin.3.04",
"label": "Bin.3.04",
"size":       24,
"opacity":      0.4,
"fx": -460.8538,
"fy": -434.1644,
"fz":   330.34,
"origX": -0.049911,
"origY": -0.072687,
"origZ": 0.016068,
"seedArr": "notSeed",
"colorb": "#FDF1C5",
"colorw": "#FDF1C5" 
},
{
 "id": "Bin.2.98",
"label": "Bin.2.98",
"size":       24,
"opacity":     0.36,
"fx": 337.3769,
"fy": -309.3289,
"fz":   384.55,
"origX": 0.053859,
"origY": -0.044599,
"origZ":  0.02691,
"seedArr": "notSeed",
"colorb": "#FCF2CF",
"colorw": "#FCF2CF" 
},
{
 "id": "Bin.2.94",
"label": "Bin.2.94",
"size":       24,
"opacity":     0.35,
"fx": -36.46769,
"fy": -369.4622,
"fz":   41.285,
"origX": 0.0052592,
"origY": -0.058129,
"origZ": -0.041743,
"seedArr": "notSeed",
"colorb": "#FCF3D1",
"colorw": "#FCF3D1" 
},
{
 "id": "Bin.2.90",
"label": "Bin.2.90",
"size":       24,
"opacity":     0.41,
"fx": -139.9962,
"fy":    84.84,
"fz": -160.295,
"origX": -0.0081995,
"origY": 0.044089,
"origZ": -0.082059,
"seedArr": "notSeed",
"colorb": "#FDF1C2",
"colorw": "#FDF1C2" 
},
{
 "id": "Bin.2.86",
"label": "Bin.2.86",
"size":       24,
"opacity":     0.43,
"fx": 125.2923,
"fy": 155.9333,
"fz": -123.585,
"origX": 0.026288,
"origY": 0.060085,
"origZ": -0.074717,
"seedArr": "notSeed",
"colorb": "#FDF0BE",
"colorw": "#FDF0BE" 
},
{
 "id": "Bin.2.82",
"label": "Bin.2.82",
"size":       24,
"opacity":     0.36,
"fx":  -74.703,
"fy": -127.4453,
"fz":   -114.1,
"origX": 0.00028861,
"origY": -0.0036752,
"origZ": -0.07282,
"seedArr": "notSeed",
"colorb": "#FCF3D0",
"colorw": "#FCF3D0" 
},
{
 "id": "Bin.2.78",
"label": "Bin.2.78",
"size":       24,
"opacity":     0.31,
"fx": 59.36923,
"fy": -227.4311,
"fz":   150.27,
"origX": 0.017718,
"origY": -0.026172,
"origZ": -0.019946,
"seedArr": "notSeed",
"colorb": "#FCF4DD",
"colorw": "#FCF4DD" 
},
{
 "id": "Bin.2.74",
"label": "Bin.2.74",
"size":       24,
"opacity":      0.4,
"fx": -282.0769,
"fy": -459.5422,
"fz":  170.255,
"origX": -0.02667,
"origY": -0.078397,
"origZ": -0.015949,
"seedArr": "notSeed",
"colorb": "#FDF1C6",
"colorw": "#FDF1C6" 
},
{
 "id": "Bin.2.70",
"label": "Bin.2.70",
"size":       24,
"opacity":     0.73,
"fx": -787.9538,
"fy": -666.3556,
"fz":   -319.2,
"origX": -0.092434,
"origY": -0.12493,
"origZ": -0.11384,
"seedArr": "notSeed",
"colorb": "#F36941",
"colorw": "#F36941" 
},
{
 "id": "Bin.2.66",
"label": "Bin.2.66",
"size":       24,
"opacity":     0.69,
"fx": -730.2077,
"fy": -640.5778,
"fz": -139.925,
"origX": -0.084927,
"origY": -0.11913,
"origZ": -0.077985,
"seedArr": "notSeed",
"colorb": "#F68958",
"colorw": "#F68958" 
},
{
 "id": "Bin.2.62",
"label": "Bin.2.62",
"size":       24,
"opacity":      0.7,
"fx": -522.8077,
"fy": -636.5333,
"fz":  -300.95,
"origX": -0.057965,
"origY": -0.11822,
"origZ": -0.11019,
"seedArr": "notSeed",
"colorb": "#F57E50",
"colorw": "#F57E50" 
},
{
 "id": "Bin.2.58",
"label": "Bin.2.58",
"size":       24,
"opacity":      0.7,
"fx": -677.9615,
"fy": -702.9778,
"fz": -113.225,
"origX": -0.078135,
"origY": -0.13317,
"origZ": -0.072645,
"seedArr": "notSeed",
"colorb": "#F68253",
"colorw": "#F68253" 
},
{
 "id": "Bin.2.54",
"label": "Bin.2.54",
"size":       24,
"opacity":     0.72,
"fx": -798.9538,
"fy": -702.1333,
"fz":  -216.77,
"origX": -0.093864,
"origY": -0.13298,
"origZ": -0.093354,
"seedArr": "notSeed",
"colorb": "#F47046",
"colorw": "#F47046" 
},
{
 "id": "Bin.2.50",
"label": "Bin.2.50",
"size":       24,
"opacity":     0.72,
"fx": -348.2692,
"fy":   -706.8,
"fz":     -375,
"origX": -0.035275,
"origY": -0.13403,
"origZ":   -0.125,
"seedArr": "notSeed",
"colorb": "#F47449",
"colorw": "#F47449" 
},
{
 "id": "Bin.2.46",
"label": "Bin.2.46",
"size":       24,
"opacity":     0.77,
"fx":   -301.3,
"fy": -530.6356,
"fz":  -706.45,
"origX": -0.029169,
"origY": -0.094393,
"origZ": -0.19129,
"seedArr": "notSeed",
"colorb": "#F1502F",
"colorw": "#F1502F" 
},
{
 "id": "Bin.2.42",
"label": "Bin.2.42",
"size":       24,
"opacity":     0.78,
"fx": 35.38462,
"fy": 3.066667,
"fz":   -862.3,
"origX":   0.0146,
"origY":  0.02569,
"origZ": -0.22246,
"seedArr": "notSeed",
"colorb": "#F1492A",
"colorw": "#F1492A" 
},
{
 "id": "Bin.2.38",
"label": "Bin.2.38",
"size":       24,
"opacity":     0.78,
"fx": 188.0231,
"fy": -119.1284,
"fz":  -860.95,
"origX": 0.034443,
"origY": -0.0018039,
"origZ": -0.22219,
"seedArr": "notSeed",
"colorb": "#F14729",
"colorw": "#F14729" 
},
{
 "id": "Bin.2.34",
"label": "Bin.2.34",
"size":       24,
"opacity":     0.54,
"fx": -396.7846,
"fy": 299.3867,
"fz":  -158.22,
"origX": -0.041582,
"origY": 0.092362,
"origZ": -0.081644,
"seedArr": "notSeed",
"colorb": "#FEEDA1",
"colorw": "#FEEDA1" 
},
{
 "id": "Bin.2.30",
"label": "Bin.2.30",
"size":       24,
"opacity":     0.73,
"fx": 467.8385,
"fy": 276.1022,
"fz":   -532.4,
"origX": 0.070819,
"origY": 0.087123,
"origZ": -0.15648,
"seedArr": "notSeed",
"colorb": "#F46B42",
"colorw": "#F46B42" 
},
{
 "id": "Bin.2.26",
"label": "Bin.2.26",
"size":       24,
"opacity":     0.77,
"fx": 298.6385,
"fy": 721.4667,
"fz":  -219.35,
"origX": 0.048823,
"origY":  0.18733,
"origZ": -0.09387,
"seedArr": "notSeed",
"colorb": "#F15230",
"colorw": "#F15230" 
},
{
 "id": "Bin.2.22",
"label": "Bin.2.22",
"size":       24,
"opacity":     0.74,
"fx": 420.9231,
"fy": 129.9822,
"fz":   -665.9,
"origX":  0.06472,
"origY": 0.054246,
"origZ": -0.18318,
"seedArr": "notSeed",
"colorb": "#F3623C",
"colorw": "#F3623C" 
},
{
 "id": "Bin.2.18",
"label": "Bin.2.18",
"size":       24,
"opacity":     0.38,
"fx": -162.4769,
"fy": -449.0311,
"fz":   168.16,
"origX": -0.011122,
"origY": -0.076032,
"origZ": -0.016368,
"seedArr": "notSeed",
"colorb": "#FCF2CA",
"colorw": "#FCF2CA" 
},
{
 "id": "Bin.2.14",
"label": "Bin.2.14",
"size":       24,
"opacity":     0.76,
"fx": 261.5308,
"fy": -57.83111,
"fz":  -774.55,
"origX": 0.043999,
"origY": 0.011988,
"origZ": -0.20491,
"seedArr": "notSeed",
"colorb": "#F25734",
"colorw": "#F25734" 
},
{
 "id": "Bin.2.10",
"label": "Bin.2.10",
"size":       24,
"opacity":     0.52,
"fx": 680.1769,
"fy":    68.12,
"fz":   -73.62,
"origX": 0.098423,
"origY": 0.040327,
"origZ": -0.064724,
"seedArr": "notSeed",
"colorb": "#FEEEA8",
"colorw": "#FEEEA8" 
},
{
 "id": "Bin.2.06",
"label": "Bin.2.06",
"size":       24,
"opacity":     0.45,
"fx": 483.5846,
"fy": -456.8667,
"fz":  170.695,
"origX": 0.072866,
"origY": -0.077795,
"origZ": -0.015861,
"seedArr": "notSeed",
"colorb": "#FDF0BA",
"colorw": "#FDF0BA" 
},
{
 "id": "Bin.2.02",
"label": "Bin.2.02",
"size":       24,
"opacity":     0.42,
"fx": 394.6385,
"fy": -269.0844,
"fz":  -61.815,
"origX": 0.061303,
"origY": -0.035544,
"origZ": -0.062363,
"seedArr": "notSeed",
"colorb": "#FDF1C1",
"colorw": "#FDF1C1" 
},
{
 "id": "Bin.1.98",
"label": "Bin.1.98",
"size":       24,
"opacity":     0.42,
"fx": 611.6615,
"fy":  -242.52,
"fz": 204.3555,
"origX": 0.089516,
"origY": -0.029567,
"origZ": -0.0091289,
"seedArr": "notSeed",
"colorb": "#FDF1C0",
"colorw": "#FDF1C0" 
},
{
 "id": "Bin.1.94",
"label": "Bin.1.94",
"size":       24,
"opacity":     0.51,
"fx": 455.0923,
"fy":   330.16,
"fz":   104.47,
"origX": 0.069162,
"origY": 0.099286,
"origZ": -0.029106,
"seedArr": "notSeed",
"colorb": "#FEEEA9",
"colorw": "#FEEEA9" 
},
{
 "id": "Bin.1.90",
"label": "Bin.1.90",
"size":       24,
"opacity":     0.65,
"fx": 413.9385,
"fy":   282.08,
"fz":   -254.3,
"origX": 0.063812,
"origY": 0.088468,
"origZ": -0.10086,
"seedArr": "notSeed",
"colorb": "#F9A86E",
"colorw": "#F9A86E" 
},
{
 "id": "Bin.1.86",
"label": "Bin.1.86",
"size":       24,
"opacity":     0.47,
"fx": 730.2308,
"fy":  -311.52,
"fz":   336.04,
"origX":  0.10493,
"origY": -0.045092,
"origZ": 0.017208,
"seedArr": "notSeed",
"colorb": "#FDEFB5",
"colorw": "#FDEFB5" 
},
{
 "id": "Bin.1.82",
"label": "Bin.1.82",
"size":       24,
"opacity":     0.47,
"fx": 650.8846,
"fy": -417.7556,
"fz":  298.758,
"origX": 0.094615,
"origY": -0.068995,
"origZ": 0.0097516,
"seedArr": "notSeed",
"colorb": "#FEEFB3",
"colorw": "#FEEFB3" 
},
{
 "id": "Bin.1.78",
"label": "Bin.1.78",
"size":       24,
"opacity":     0.46,
"fx": 657.2692,
"fy": -381.0711,
"fz":  252.869,
"origX": 0.095445,
"origY": -0.060741,
"origZ": 0.0005738,
"seedArr": "notSeed",
"colorb": "#FDF0B7",
"colorw": "#FDF0B7" 
},
{
 "id": "Bin.1.74",
"label": "Bin.1.74",
"size":       24,
"opacity":     0.52,
"fx": 688.7615,
"fy": -368.9244,
"fz":     -4.2,
"origX": 0.099539,
"origY": -0.058008,
"origZ": -0.05084,
"seedArr": "notSeed",
"colorb": "#FEEDA6",
"colorw": "#FEEDA6" 
},
{
 "id": "Bin.1.70",
"label": "Bin.1.70",
"size":       24,
"opacity":      0.5,
"fx": 811.6923,
"fy": -286.7556,
"fz": 211.6055,
"origX":  0.11552,
"origY": -0.03952,
"origZ": -0.0076789,
"seedArr": "notSeed",
"colorb": "#FEEEAC",
"colorw": "#FEEEAC" 
},
{
 "id": "Bin.1.66",
"label": "Bin.1.66",
"size":       24,
"opacity":     0.47,
"fx": 748.3077,
"fy": -247.6933,
"fz":   86.745,
"origX":  0.10728,
"origY": -0.030731,
"origZ": -0.032651,
"seedArr": "notSeed",
"colorb": "#FEEFB4",
"colorw": "#FEEFB4" 
},
{
 "id": "Bin.1.62",
"label": "Bin.1.62",
"size":       24,
"opacity":     0.56,
"fx": 774.4615,
"fy":   -179.2,
"fz":   -96.71,
"origX":  0.11068,
"origY": -0.01532,
"origZ": -0.069342,
"seedArr": "notSeed",
"colorb": "#FEE89C",
"colorw": "#FEE89C" 
},
{
 "id": "Bin.1.58",
"label": "Bin.1.58",
"size":       24,
"opacity":     0.47,
"fx": 688.7769,
"fy": -292.8667,
"fz":    26.85,
"origX": 0.099541,
"origY": -0.040895,
"origZ": -0.04463,
"seedArr": "notSeed",
"colorb": "#FEEFB3",
"colorw": "#FEEFB3" 
},
{
 "id": "Bin.1.54",
"label": "Bin.1.54",
"size":       24,
"opacity":     0.39,
"fx": 444.3308,
"fy": 14.43111,
"fz":    49.47,
"origX": 0.067763,
"origY": 0.028247,
"origZ": -0.040106,
"seedArr": "notSeed",
"colorb": "#FDF2C7",
"colorw": "#FDF2C7" 
},
{
 "id": "Bin.1.50",
"label": "Bin.1.50",
"size":       24,
"opacity":     0.71,
"fx": 619.0538,
"fy": -306.9733,
"fz":   -452.7,
"origX": 0.090477,
"origY": -0.044069,
"origZ": -0.14054,
"seedArr": "notSeed",
"colorb": "#F57D4F",
"colorw": "#F57D4F" 
},
{
 "id": "Bin.1.46",
"label": "Bin.1.46",
"size":       24,
"opacity":     0.75,
"fx": 547.8615,
"fy": 59.35556,
"fz":   -663.2,
"origX": 0.081222,
"origY": 0.038355,
"origZ": -0.18264,
"seedArr": "notSeed",
"colorb": "#F3603B",
"colorw": "#F3603B" 
},
{
 "id": "Bin.1.42",
"label": "Bin.1.42",
"size":       24,
"opacity":     0.68,
"fx": 790.6154,
"fy": -62.30222,
"fz":   -325.6,
"origX":  0.11278,
"origY": 0.010982,
"origZ": -0.11512,
"seedArr": "notSeed",
"colorb": "#F68D5B",
"colorw": "#F68D5B" 
},
{
 "id": "Bin.1.38",
"label": "Bin.1.38",
"size":       24,
"opacity":     0.43,
"fx": 623.5692,
"fy": -132.6422,
"fz":   10.835,
"origX": 0.091064,
"origY": -0.0048445,
"origZ": -0.047833,
"seedArr": "notSeed",
"colorb": "#FDF0BD",
"colorw": "#FDF0BD" 
},
{
 "id": "Bin.1.34",
"label": "Bin.1.34",
"size":       24,
"opacity":     0.79,
"fx": 267.8154,
"fy": 337.2444,
"fz":   -760.5,
"origX": 0.044816,
"origY":  0.10088,
"origZ":  -0.2021,
"seedArr": "notSeed",
"colorb": "#F04225",
"colorw": "#F04225" 
},
{
 "id": "Bin.1.30",
"label": "Bin.1.30",
"size":       24,
"opacity":      0.7,
"fx": 141.6385,
"fy": 82.04889,
"fz":  -565.15,
"origX": 0.028413,
"origY": 0.043461,
"origZ": -0.16303,
"seedArr": "notSeed",
"colorb": "#F58052",
"colorw": "#F58052" 
},
{
 "id": "Bin.1.26",
"label": "Bin.1.26",
"size":       24,
"opacity":     0.72,
"fx": -140.8823,
"fy":   -658.8,
"fz":   -453.5,
"origX": -0.0083147,
"origY": -0.12323,
"origZ":  -0.1407,
"seedArr": "notSeed",
"colorb": "#F47247",
"colorw": "#F47247" 
},
{
 "id": "Bin.1.22",
"label": "Bin.1.22",
"size":       24,
"opacity":     0.74,
"fx": 85.38462,
"fy": -307.0222,
"fz":  -691.95,
"origX":   0.0211,
"origY": -0.04408,
"origZ": -0.18839,
"seedArr": "notSeed",
"colorb": "#F36740",
"colorw": "#F36740" 
},
{
 "id": "Bin.1.18",
"label": "Bin.1.18",
"size":       24,
"opacity":     0.75,
"fx": 303.9538,
"fy": 156.2489,
"fz":   -700.1,
"origX": 0.049514,
"origY": 0.060156,
"origZ": -0.19002,
"seedArr": "notSeed",
"colorb": "#F25C38",
"colorw": "#F25C38" 
},
{
 "id": "Bin.1.14",
"label": "Bin.1.14",
"size":       24,
"opacity":     0.45,
"fx": 235.7385,
"fy": 112.2578,
"fz":  -203.28,
"origX": 0.040646,
"origY": 0.050258,
"origZ": -0.090656,
"seedArr": "notSeed",
"colorb": "#FDF0B8",
"colorw": "#FDF0B8" 
},
{
 "id": "Bin.1.10",
"label": "Bin.1.10",
"size":       24,
"opacity":     0.69,
"fx": 229.3923,
"fy": -822.2667,
"fz":    95.92,
"origX": 0.039821,
"origY": -0.16001,
"origZ": -0.030816,
"seedArr": "notSeed",
"colorb": "#F68656",
"colorw": "#F68656" 
},
{
 "id": "Bin.1.06",
"label": "Bin.1.06",
"size":       24,
"opacity":     0.68,
"fx": 673.2923,
"fy":  -510.48,
"fz":  -196.05,
"origX": 0.097528,
"origY": -0.089858,
"origZ": -0.08921,
"seedArr": "notSeed",
"colorb": "#F7905D",
"colorw": "#F7905D" 
},
{
 "id": "Bin.1.02",
"label": "Bin.1.02",
"size":       24,
"opacity":     0.55,
"fx": 871.3077,
"fy": -261.1778,
"fz":   115.39,
"origX":  0.12327,
"origY": -0.033765,
"origZ": -0.026922,
"seedArr": "notSeed",
"colorb": "#FEEDA0",
"colorw": "#FEEDA0" 
},
{
 "id": "Bin.0.98",
"label": "Bin.0.98",
"size":       24,
"opacity":     0.57,
"fx": 875.3077,
"fy":  -255.36,
"fz":   28.525,
"origX":  0.12379,
"origY": -0.032456,
"origZ": -0.044295,
"seedArr": "notSeed",
"colorb": "#FDDD95",
"colorw": "#FDDD95" 
},
{
 "id": "Bin.0.94",
"label": "Bin.0.94",
"size":       24,
"opacity":     0.56,
"fx":      934,
"fy": -182.9956,
"fz": 254.6382,
"origX":  0.13142,
"origY": -0.016174,
"origZ": 0.00092764,
"seedArr": "notSeed",
"colorb": "#FEE49A",
"colorw": "#FEE49A" 
},
{
 "id": "Bin.0.90",
"label": "Bin.0.90",
"size":       24,
"opacity":     0.54,
"fx": 820.0769,
"fy": -317.5956,
"fz":  117.425,
"origX":  0.11661,
"origY": -0.046459,
"origZ": -0.026515,
"seedArr": "notSeed",
"colorb": "#FEEDA2",
"colorw": "#FEEDA2" 
},
{
 "id": "Bin.0.86",
"label": "Bin.0.86",
"size":       24,
"opacity":     0.53,
"fx": 857.7692,
"fy": -278.4622,
"fz":  206.389,
"origX":  0.12151,
"origY": -0.037654,
"origZ": -0.0087222,
"seedArr": "notSeed",
"colorb": "#FEEDA4",
"colorw": "#FEEDA4" 
},
{
 "id": "Bin.0.82",
"label": "Bin.0.82",
"size":       24,
"opacity":     0.63,
"fx": 954.8462,
"fy": -232.1733,
"fz":  500.345,
"origX":  0.13413,
"origY": -0.027239,
"origZ": 0.050069,
"seedArr": "notSeed",
"colorb": "#F9B174",
"colorw": "#F9B174" 
},
{
 "id": "Bin.0.78",
"label": "Bin.0.78",
"size":       24,
"opacity":     0.67,
"fx": 917.6923,
"fy": -335.9822,
"fz":  591.515,
"origX":   0.1293,
"origY": -0.050596,
"origZ": 0.068303,
"seedArr": "notSeed",
"colorb": "#F79862",
"colorw": "#F79862" 
},
{
 "id": "Bin.0.74",
"label": "Bin.0.74",
"size":       24,
"opacity":     0.66,
"fx": 800.4615,
"fy":  -382.88,
"fz":   669.92,
"origX":  0.11406,
"origY": -0.061148,
"origZ": 0.083984,
"seedArr": "notSeed",
"colorb": "#F89B65",
"colorw": "#F89B65" 
},
{
 "id": "Bin.0.70",
"label": "Bin.0.70",
"size":       24,
"opacity":     0.66,
"fx": 878.6923,
"fy": -357.1422,
"fz":   589.57,
"origX":  0.12423,
"origY": -0.055357,
"origZ": 0.067914,
"seedArr": "notSeed",
"colorb": "#F89F68",
"colorw": "#F89F68" 
},
{
 "id": "Bin.0.66",
"label": "Bin.0.66",
"size":       24,
"opacity":     0.65,
"fx":      871,
"fy": -364.6489,
"fz":  580.865,
"origX":  0.12323,
"origY": -0.057046,
"origZ": 0.066173,
"seedArr": "notSeed",
"colorb": "#F8A26A",
"colorw": "#F8A26A" 
},
{
 "id": "Bin.0.62",
"label": "Bin.0.62",
"size":       24,
"opacity":     0.64,
"fx": 880.6154,
"fy": -304.2933,
"fz":    590.2,
"origX":  0.12448,
"origY": -0.043466,
"origZ":  0.06804,
"seedArr": "notSeed",
"colorb": "#F9A96F",
"colorw": "#F9A96F" 
},
{
 "id": "Bin.0.58",
"label": "Bin.0.58",
"size":       24,
"opacity":     0.48,
"fx": 792.7692,
"fy": -159.2844,
"fz":   67.215,
"origX":  0.11306,
"origY": -0.010839,
"origZ": -0.036557,
"seedArr": "notSeed",
"colorb": "#FEEFB2",
"colorw": "#FEEFB2" 
},
{
 "id": "Bin.0.54",
"label": "Bin.0.54",
"size":       24,
"opacity":     0.59,
"fx": 871.2308,
"fy": -359.8756,
"fz":  445.155,
"origX":  0.12326,
"origY": -0.055972,
"origZ": 0.039031,
"seedArr": "notSeed",
"colorb": "#FCCF8A",
"colorw": "#FCCF8A" 
},
{
 "id": "Bin.0.50",
"label": "Bin.0.50",
"size":       24,
"opacity":     0.63,
"fx": 893.1538,
"fy":  -277.92,
"fz":   556.47,
"origX":  0.12611,
"origY": -0.037532,
"origZ": 0.061294,
"seedArr": "notSeed",
"colorb": "#FAB678",
"colorw": "#FAB678" 
},
{
 "id": "Bin.0.46",
"label": "Bin.0.46",
"size":       24,
"opacity":     0.61,
"fx": 835.7692,
"fy": -436.5244,
"fz":   435.26,
"origX":  0.11865,
"origY": -0.073218,
"origZ": 0.037052,
"seedArr": "notSeed",
"colorb": "#FBBF7F",
"colorw": "#FBBF7F" 
},
{
 "id": "Bin.0.42",
"label": "Bin.0.42",
"size":       24,
"opacity":      0.6,
"fx":      793,
"fy": -492.1422,
"fz":  337.415,
"origX":  0.11309,
"origY": -0.085732,
"origZ": 0.017483,
"seedArr": "notSeed",
"colorb": "#FBC885",
"colorw": "#FBC885" 
},
{
 "id": "Bin.0.38",
"label": "Bin.0.38",
"size":       24,
"opacity":     0.58,
"fx": 661.6615,
"fy": -535.2756,
"fz":  294.308,
"origX": 0.096016,
"origY": -0.095437,
"origZ": 0.0088616,
"seedArr": "notSeed",
"colorb": "#FDDA92",
"colorw": "#FDDA92" 
},
{
 "id": "Bin.0.34",
"label": "Bin.0.34",
"size":       24,
"opacity":     0.59,
"fx": 727.6923,
"fy": -512.6267,
"fz":   337.96,
"origX":   0.1046,
"origY": -0.090341,
"origZ": 0.017592,
"seedArr": "notSeed",
"colorb": "#FCD38D",
"colorw": "#FCD38D" 
},
{
 "id": "Bin.0.30",
"label": "Bin.0.30",
"size":       24,
"opacity":     0.57,
"fx": 753.9231,
"fy": -444.9911,
"fz":  413.995,
"origX":  0.10801,
"origY": -0.075123,
"origZ": 0.032799,
"seedArr": "notSeed",
"colorb": "#FDDC93",
"colorw": "#FDDC93" 
},
{
 "id": "Bin.0.26",
"label": "Bin.0.26",
"size":       24,
"opacity":     0.65,
"fx": 770.7692,
"fy": -562.9333,
"fz":  279.166,
"origX":   0.1102,
"origY": -0.10166,
"origZ": 0.0058332,
"seedArr": "notSeed",
"colorb": "#F8A46B",
"colorw": "#F8A46B" 
},
{
 "id": "Bin.0.22",
"label": "Bin.0.22",
"size":       24,
"opacity":     0.53,
"fx": 803.1538,
"fy": -354.7333,
"fz": 289.9925,
"origX":  0.11441,
"origY": -0.054815,
"origZ": 0.0079985,
"seedArr": "notSeed",
"colorb": "#FEEDA6",
"colorw": "#FEEDA6" 
} 
],
"misc": "",
"ticks": {
 "x": [      -12,      -10,       -8,       -6,       -4,       -2,        0,        2,        4,        6,        8,       10,       12,       14,       16 ],
"y": [       -6,       -4,       -2,        0,        2,        4,        6,        8,       10 ],
"z": [      -18,      -16,      -14,      -12,      -10,       -8,       -6,       -4,       -2,        0,        2,        4,        6,        8 ] 
},
"ticksLoading": {
 "x": [    -0.12,     -0.1,    -0.08,    -0.06,    -0.04,    -0.02,        0,     0.02,     0.04,     0.06,     0.08,      0.1,     0.12,     0.14 ],
"y": [     -0.2,    -0.15,     -0.1,    -0.05,        0,     0.05,      0.1,     0.15,      0.2,     0.25 ],
"z": [    -0.25,     -0.2,    -0.15,     -0.1,    -0.05,        0,     0.05,      0.1,     0.15 ] 
},
"axis": [ "Component1 (23.7%)", "Component2 (7%)", "Component3 (10.4%)" ],
"axisLoading": [ "Loading 1", "Loading 2", "Loading 3" ],
"metaCol": {
 "label": [ "control", "patient" ],
"color": [ "#E6194B", "#3CB44B" ],
"type": null 
} 
}