{
 "omicstype": "",
"nodes": [
 {
 "id": "C002",
"label": "C002",
"size":       18,
"meta": "control",
"fx": -683.1382,
"fy":  -559.24,
"fz":    12.92,
"origX":  -1.2863,
"origY":  -2.2867,
"origZ": -0.85788,
"colorb": "#E6194B" 
},
{
 "id": "C004",
"label": "C004",
"size":       18,
"meta": "control",
"fx": -592.1345,
"fy": -666.3143,
"fz": 42.98727,
"origX":   1.2163,
"origY":  -4.1605,
"origZ": -0.52714,
"colorb": "#E6194B" 
},
{
 "id": "C005",
"label": "C005",
"size":       18,
"meta": "control",
"fx": -677.0327,
"fy": -440.0949,
"fz": 281.1364,
"origX":  -1.1184,
"origY": -0.20166,
"origZ":   2.0925,
"colorb": "#E6194B" 
},
{
 "id": "C006",
"label": "C006",
"size":       18,
"meta": "control",
"fx": -647.1924,
"fy":  -542.04,
"fz": 117.0327,
"origX": -0.29779,
"origY":  -1.9857,
"origZ":  0.28736,
"colorb": "#E6194B" 
},
{
 "id": "C007",
"label": "C007",
"size":       18,
"meta": "control",
"fx": -694.5455,
"fy": -580.6457,
"fz": 71.20727,
"origX":     -1.6,
"origY":  -2.6613,
"origZ": -0.21672,
"colorb": "#E6194B" 
},
{
 "id": "C009",
"label": "C009",
"size":       18,
"meta": "control",
"fx": -574.3018,
"fy": -380.872,
"fz": 492.4091,
"origX":   1.7067,
"origY":  0.83474,
"origZ":   4.4165,
"colorb": "#E6194B" 
},
{
 "id": "C010",
"label": "C010",
"size":       18,
"meta": "control",
"fx": -670.4171,
"fy": -498.9771,
"fz": 128.0164,
"origX": -0.93647,
"origY":  -1.2321,
"origZ":  0.40818,
"colorb": "#E6194B" 
},
{
 "id": "C011",
"label": "C011",
"size":       18,
"meta": "control",
"fx":  -335.12,
"fy": -582.6057,
"fz": 513.1909,
"origX":   8.2842,
"origY":  -2.6956,
"origZ":   4.6451,
"colorb": "#E6194B" 
},
{
 "id": "C012",
"label": "C012",
"size":       18,
"meta": "control",
"fx": -627.5335,
"fy": -601.5657,
"fz": 37.04182,
"origX":  0.24283,
"origY":  -3.0274,
"origZ": -0.59254,
"colorb": "#E6194B" 
},
{
 "id": "C015",
"label": "C015",
"size":       18,
"meta": "control",
"fx": -599.0764,
"fy": -527.1314,
"fz": 326.0182,
"origX":   1.0254,
"origY":  -1.7248,
"origZ":   2.5862,
"colorb": "#E6194B" 
},
{
 "id": "C016",
"label": "C016",
"size":       18,
"meta": "control",
"fx": -538.5855,
"fy": -291.1543,
"fz": 434.3182,
"origX":   2.6889,
"origY":   2.4048,
"origZ":   3.7775,
"colorb": "#E6194B" 
},
{
 "id": "C017",
"label": "C017",
"size":       18,
"meta": "control",
"fx": -711.5127,
"fy": -571.6229,
"fz": 56.95273,
"origX":  -2.0666,
"origY":  -2.5034,
"origZ": -0.37352,
"colorb": "#E6194B" 
},
{
 "id": "C019",
"label": "C019",
"size":       18,
"meta": "control",
"fx": -484.9636,
"fy":  -353.16,
"fz": 738.2818,
"origX":   4.1635,
"origY":   1.3197,
"origZ":   7.1211,
"colorb": "#E6194B" 
},
{
 "id": "C020",
"label": "C020",
"size":       18,
"meta": "control",
"fx": -567.5018,
"fy": -342.4743,
"fz": 638.5091,
"origX":   1.8937,
"origY":   1.5067,
"origZ":   6.0236,
"colorb": "#E6194B" 
},
{
 "id": "C021",
"label": "C021",
"size":       18,
"meta": "control",
"fx": -590.9818,
"fy": -491.9543,
"fz": 300.0727,
"origX":    1.248,
"origY":  -1.1092,
"origZ":   2.3008,
"colorb": "#E6194B" 
},
{
 "id": "C022",
"label": "C022",
"size":       18,
"meta": "control",
"fx": -594.7564,
"fy": -659.3029,
"fz": 81.47545,
"origX":   1.1442,
"origY":  -4.0378,
"origZ": -0.10377,
"colorb": "#E6194B" 
},
{
 "id": "C024",
"label": "C024",
"size":       18,
"meta": "control",
"fx": -649.944,
"fy": -543.8343,
"fz": 109.7691,
"origX": -0.37346,
"origY":  -2.0171,
"origZ":  0.20746,
"colorb": "#E6194B" 
},
{
 "id": "C026",
"label": "C026",
"size":       18,
"meta": "control",
"fx": -632.7113,
"fy": -591.4343,
"fz": 82.88091,
"origX":  0.10044,
"origY":  -2.8501,
"origZ": -0.08831,
"colorb": "#E6194B" 
},
{
 "id": "C028",
"label": "C028",
"size":       18,
"meta": "control",
"fx": -648.4164,
"fy": -619.7943,
"fz": -46.71818,
"origX": -0.33145,
"origY":  -3.3464,
"origZ":  -1.5139,
"colorb": "#E6194B" 
},
{
 "id": "C029",
"label": "C029",
"size":       18,
"meta": "control",
"fx": -687.6073,
"fy": -527.0171,
"fz": 76.71455,
"origX":  -1.4092,
"origY":  -1.7228,
"origZ": -0.15614,
"colorb": "#E6194B" 
},
{
 "id": "C030",
"label": "C030",
"size":       18,
"meta": "control",
"fx": -567.9964,
"fy": -498.0171,
"fz": 301.4455,
"origX":   1.8801,
"origY":  -1.2153,
"origZ":   2.3159,
"colorb": "#E6194B" 
},
{
 "id": "C031",
"label": "C031",
"size":       18,
"meta": "control",
"fx": -481.0836,
"fy":  -572.12,
"fz": 287.5727,
"origX":   4.2702,
"origY":  -2.5121,
"origZ":   2.1633,
"colorb": "#E6194B" 
},
{
 "id": "C032",
"label": "C032",
"size":       18,
"meta": "control",
"fx": -616.5022,
"fy": -666.3714,
"fz": 83.49382,
"origX":  0.54619,
"origY":  -4.1615,
"origZ": -0.081568,
"colorb": "#E6194B" 
},
{
 "id": "C033",
"label": "C033",
"size":       18,
"meta": "control",
"fx": -606.888,
"fy": -438.7211,
"fz": 596.1909,
"origX":  0.81058,
"origY": -0.17762,
"origZ":   5.5581,
"colorb": "#E6194B" 
},
{
 "id": "C034",
"label": "C034",
"size":       18,
"meta": "control",
"fx": -729.9491,
"fy": -519.5371,
"fz": 6.169091,
"origX":  -2.5736,
"origY":  -1.5919,
"origZ": -0.93214,
"colorb": "#E6194B" 
},
{
 "id": "P002",
"label": "P002",
"size":       18,
"meta": "patient",
"fx": -641.8985,
"fy": -636.3886,
"fz": -195.4455,
"origX": -0.15221,
"origY":  -3.6368,
"origZ":  -3.1499,
"colorb": "#3CB44B" 
},
{
 "id": "P012",
"label": "P012",
"size":       18,
"meta": "patient",
"fx": -735.0218,
"fy": 230.6286,
"fz":   -189.1,
"origX":  -2.7131,
"origY":   11.536,
"origZ":  -3.0801,
"colorb": "#3CB44B" 
},
{
 "id": "P014",
"label": "P014",
"size":       18,
"meta": "patient",
"fx":  -862.84,
"fy": -526.8343,
"fz": -284.8636,
"origX":  -6.2281,
"origY":  -1.7196,
"origZ":  -4.1335,
"colorb": "#3CB44B" 
},
{
 "id": "P027",
"label": "P027",
"size":       18,
"meta": "patient",
"fx": -810.0255,
"fy": -473.2366,
"fz": -208.1727,
"origX":  -4.7757,
"origY": -0.78164,
"origZ":  -3.2899,
"colorb": "#3CB44B" 
},
{
 "id": "P034",
"label": "P034",
"size":       18,
"meta": "patient",
"fx": -758.6582,
"fy": -512.6229,
"fz": -106.6091,
"origX":  -3.3631,
"origY":  -1.4709,
"origZ":  -2.1727,
"colorb": "#3CB44B" 
},
{
 "id": "P037",
"label": "P037",
"size":       18,
"meta": "patient",
"fx": -567.3564,
"fy": -405.7491,
"fz": 423.0455,
"origX":   1.8977,
"origY":  0.39939,
"origZ":   3.6535,
"colorb": "#3CB44B" 
},
{
 "id": "P038",
"label": "P038",
"size":       18,
"meta": "patient",
"fx": -757.3345,
"fy": -331.3943,
"fz":    -49.7,
"origX":  -3.3267,
"origY":   1.7006,
"origZ":  -1.5467,
"colorb": "#3CB44B" 
},
{
 "id": "P041",
"label": "P041",
"size":       18,
"meta": "patient",
"fx": -458.2873,
"fy": 639.3143,
"fz": -21.58182,
"origX":   4.8971,
"origY":   18.688,
"origZ":  -1.2374,
"colorb": "#3CB44B" 
},
{
 "id": "P042",
"label": "P042",
"size":       18,
"meta": "patient",
"fx": -817.9564,
"fy": -399.7731,
"fz": -50.32727,
"origX":  -4.9938,
"origY":  0.50397,
"origZ":  -1.5536,
"colorb": "#3CB44B" 
},
{
 "id": "P049",
"label": "P049",
"size":       18,
"meta": "patient",
"fx": -652.1782,
"fy": -539.3886,
"fz":     2.51,
"origX":  -0.4349,
"origY":  -1.9393,
"origZ": -0.97239,
"colorb": "#3CB44B" 
},
{
 "id": "P056",
"label": "P056",
"size":       18,
"meta": "patient",
"fx": -655.7425,
"fy": -561.3486,
"fz": -47.80909,
"origX": -0.53292,
"origY":  -2.3236,
"origZ":  -1.5259,
"colorb": "#3CB44B" 
},
{
 "id": "P058",
"label": "P058",
"size":       18,
"meta": "patient",
"fx": -478.7309,
"fy": -190.5943,
"fz": 645.2364,
"origX":   4.3349,
"origY":   4.1646,
"origZ":   6.0976,
"colorb": "#3CB44B" 
},
{
 "id": "P060",
"label": "P060",
"size":       18,
"meta": "patient",
"fx": -673.4145,
"fy": -331.2343,
"fz": 120.8027,
"origX":  -1.0189,
"origY":   1.7034,
"origZ":  0.32883,
"colorb": "#3CB44B" 
},
{
 "id": "P064",
"label": "P064",
"size":       18,
"meta": "patient",
"fx": -850.9782,
"fy": -376.3497,
"fz": -247.3818,
"origX":  -5.9019,
"origY":  0.91388,
"origZ":  -3.7212,
"colorb": "#3CB44B" 
},
{
 "id": "P065",
"label": "P065",
"size":       18,
"meta": "patient",
"fx":  -807.72,
"fy":  -350.96,
"fz": -134.8182,
"origX":  -4.7123,
"origY":   1.3582,
"origZ":   -2.483,
"colorb": "#3CB44B" 
},
{
 "id": "P070",
"label": "P070",
"size":       18,
"meta": "patient",
"fx": -675.0655,
"fy": -262.5657,
"fz": 235.4364,
"origX":  -1.0643,
"origY":   2.9051,
"origZ":   1.5898,
"colorb": "#3CB44B" 
},
{
 "id": "P080",
"label": "P080",
"size":       18,
"meta": "patient",
"fx": -680.2582,
"fy": -327.0114,
"fz": -221.8091,
"origX":  -1.2071,
"origY":   1.7773,
"origZ":  -3.4399,
"colorb": "#3CB44B" 
},
{
 "id": "P085",
"label": "P085",
"size":       18,
"meta": "patient",
"fx": -904.1418,
"fy": -456.3629,
"fz": -234.7545,
"origX":  -7.3639,
"origY": -0.48635,
"origZ":  -3.5823,
"colorb": "#3CB44B" 
},
{
 "id": "P086",
"label": "P086",
"size":       18,
"meta": "patient",
"fx": -692.9927,
"fy": -248.9371,
"fz": 57.20273,
"origX":  -1.5573,
"origY":   3.1436,
"origZ": -0.37077,
"colorb": "#3CB44B" 
},
{
 "id": "P089",
"label": "P089",
"size":       18,
"meta": "patient",
"fx": -860.8982,
"fy": -326.2686,
"fz": -245.8182,
"origX":  -6.1747,
"origY":   1.7903,
"origZ":   -3.704,
"colorb": "#3CB44B" 
},
{
 "id": "P092",
"label": "P092",
"size":       18,
"meta": "patient",
"fx": -694.1127,
"fy": -296.7886,
"fz": 361.8091,
"origX":  -1.5881,
"origY":   2.3062,
"origZ":   2.9799,
"colorb": "#3CB44B" 
},
{
 "id": "P099",
"label": "P099",
"size":       18,
"meta": "patient",
"fx": -620.0462,
"fy": -704.0629,
"fz": 106.1982,
"origX":  0.44873,
"origY":  -4.8211,
"origZ":  0.16818,
"colorb": "#3CB44B" 
},
{
 "id": "P113",
"label": "P113",
"size":       18,
"meta": "patient",
"fx": 623.7455,
"fy": -459.5303,
"fz": -747.8727,
"origX":   34.653,
"origY": -0.54178,
"origZ":  -9.2266,
"colorb": "#3CB44B" 
},
{
 "id": "P013b",
"label": "P013b",
"size":       18,
"meta": "patient",
"fx": -783.5673,
"fy": -147.9714,
"fz": 12.73636,
"origX":  -4.0481,
"origY":   4.9105,
"origZ":  -0.8599,
"colorb": "#3CB44B" 
},
{
 "id": "P100b",
"label": "P100b",
"size":       18,
"meta": "patient",
"fx": -792.8145,
"fy":  -367.16,
"fz": -202.5818,
"origX":  -4.3024,
"origY":   1.0747,
"origZ":  -3.2284,
"colorb": "#3CB44B" 
} 
],
"meta": [ "control", "control", "control", "control", "control", "control", "control", "control", "control", "control", "control", "control", "control", "control", "control", "control", "control", "control", "control", "control", "control", "control", "control", "control", "control", "patient", "patient", "patient", "patient", "patient", "patient", "patient", "patient", "patient", "patient", "patient", "patient", "patient", "patient", "patient", "patient", "patient", "patient", "patient", "patient", "patient", "patient", "patient", "patient", "patient" ],
"loading": [
 {
 "id": "Bin.9.98",
"label": "Bin.9.98",
"size":       24,
"opacity":     0.77,
"fx": -131.8455,
"fy": -775.0667,
"fz": -113.0222,
"origX": -0.084503,
"origY": -0.19939,
"origZ": -0.10043,
"seedArr": "notSeed",
"colorb": "#F14E2E",
"colorw": "#F14E2E" 
},
{
 "id": "Bin.9.94",
"label": "Bin.9.94",
"size":       24,
"opacity":      0.8,
"fx": 275.5636,
"fy": -649.9111,
"fz": -813.3778,
"origX": -0.039688,
"origY": -0.17123,
"origZ": -0.25801,
"seedArr": "notSeed",
"colorb": "#F03B20",
"colorw": "#F03B20" 
},
{
 "id": "Bin.9.90",
"label": "Bin.9.90",
"size":       24,
"opacity":     0.79,
"fx":     -408,
"fy": -649.6889,
"fz": -469.0222,
"origX": -0.11488,
"origY": -0.17118,
"origZ": -0.18053,
"seedArr": "notSeed",
"colorb": "#F04225",
"colorw": "#F04225" 
},
{
 "id": "Bin.9.86",
"label": "Bin.9.86",
"size":       24,
"opacity":     0.76,
"fx": -188.0091,
"fy": -374.7111,
"fz": -502.4889,
"origX": -0.090681,
"origY": -0.10931,
"origZ": -0.18806,
"seedArr": "notSeed",
"colorb": "#F25533",
"colorw": "#F25533" 
},
{
 "id": "Bin.9.82",
"label": "Bin.9.82",
"size":       24,
"opacity":     0.73,
"fx": -304.3636,
"fy":   -611.2,
"fz": -13.33778,
"origX": -0.10348,
"origY": -0.16252,
"origZ": -0.078001,
"seedArr": "notSeed",
"colorb": "#F46D44",
"colorw": "#F46D44" 
},
{
 "id": "Bin.9.78",
"label": "Bin.9.78",
"size":       24,
"opacity":     0.68,
"fx": -166.4545,
"fy": -397.4222,
"fz": 37.04889,
"origX": -0.08831,
"origY": -0.11442,
"origZ": -0.066664,
"seedArr": "notSeed",
"colorb": "#F78F5C",
"colorw": "#F78F5C" 
},
{
 "id": "Bin.9.74",
"label": "Bin.9.74",
"size":       24,
"opacity":      0.7,
"fx": -398.6364,
"fy": -484.7556,
"fz":       74,
"origX": -0.11385,
"origY": -0.13407,
"origZ": -0.05835,
"seedArr": "notSeed",
"colorb": "#F68253",
"colorw": "#F68253" 
},
{
 "id": "Bin.9.70",
"label": "Bin.9.70",
"size":       24,
"opacity":      0.8,
"fx": 264.3364,
"fy": -411.8222,
"fz": -824.8889,
"origX": -0.040923,
"origY": -0.11766,
"origZ":  -0.2606,
"seedArr": "notSeed",
"colorb": "#F03C21",
"colorw": "#F03C21" 
},
{
 "id": "Bin.9.66",
"label": "Bin.9.66",
"size":       24,
"opacity":     0.75,
"fx": -573.5455,
"fy": -398.5333,
"fz": -325.2889,
"origX": -0.13309,
"origY": -0.11467,
"origZ": -0.14819,
"seedArr": "notSeed",
"colorb": "#F35E39",
"colorw": "#F35E39" 
},
{
 "id": "Bin.9.62",
"label": "Bin.9.62",
"size":       24,
"opacity":     0.79,
"fx": -641.2727,
"fy": -469.5111,
"fz": -407.0667,
"origX": -0.14054,
"origY": -0.13064,
"origZ": -0.16659,
"seedArr": "notSeed",
"colorb": "#F04326",
"colorw": "#F04326" 
},
{
 "id": "Bin.9.58",
"label": "Bin.9.58",
"size":       24,
"opacity":     0.78,
"fx": -466.1818,
"fy": -514.2667,
"fz": -384.5778,
"origX": -0.12128,
"origY": -0.14071,
"origZ": -0.16153,
"seedArr": "notSeed",
"colorb": "#F14729",
"colorw": "#F14729" 
},
{
 "id": "Bin.9.54",
"label": "Bin.9.54",
"size":       24,
"opacity":     0.74,
"fx": -463.4545,
"fy": -335.4222,
"fz": -358.1333,
"origX": -0.12098,
"origY": -0.10047,
"origZ": -0.15558,
"seedArr": "notSeed",
"colorb": "#F3623C",
"colorw": "#F3623C" 
},
{
 "id": "Bin.9.50",
"label": "Bin.9.50",
"size":       24,
"opacity":     0.74,
"fx": -651.3636,
"fy": 129.6329,
"fz": -407.5556,
"origX": -0.14165,
"origY": 0.0041674,
"origZ":  -0.1667,
"seedArr": "notSeed",
"colorb": "#F3643D",
"colorw": "#F3643D" 
},
{
 "id": "Bin.9.46",
"label": "Bin.9.46",
"size":       24,
"opacity":     0.65,
"fx": -359.6364,
"fy": 157.1689,
"fz": 357.0173,
"origX": -0.10956,
"origY": 0.010363,
"origZ": 0.0053289,
"seedArr": "notSeed",
"colorb": "#F9A86E",
"colorw": "#F9A86E" 
},
{
 "id": "Bin.9.42",
"label": "Bin.9.42",
"size":       24,
"opacity":     0.77,
"fx": -691.6364,
"fy": 149.3844,
"fz": -497.3333,
"origX": -0.14608,
"origY": 0.0086115,
"origZ":  -0.1869,
"seedArr": "notSeed",
"colorb": "#F15230",
"colorw": "#F15230" 
},
{
 "id": "Bin.9.38",
"label": "Bin.9.38",
"size":       24,
"opacity":     0.67,
"fx": -694.0909,
"fy": 166.0089,
"fz": 363.1253,
"origX": -0.14635,
"origY": 0.012352,
"origZ": 0.0067032,
"seedArr": "notSeed",
"colorb": "#F79460",
"colorw": "#F79460" 
},
{
 "id": "Bin.9.34",
"label": "Bin.9.34",
"size":       24,
"opacity":     0.77,
"fx": -628.4545,
"fy": -352.1778,
"fz": -410.9333,
"origX": -0.13913,
"origY": -0.10424,
"origZ": -0.16746,
"seedArr": "notSeed",
"colorb": "#F14C2C",
"colorw": "#F14C2C" 
},
{
 "id": "Bin.9.30",
"label": "Bin.9.30",
"size":       24,
"opacity":     0.67,
"fx": -534.4545,
"fy": 128.6627,
"fz": 542.1289,
"origX": -0.12879,
"origY": 0.0039491,
"origZ": 0.046979,
"seedArr": "notSeed",
"colorb": "#F79661",
"colorw": "#F79661" 
},
{
 "id": "Bin.9.26",
"label": "Bin.9.26",
"size":       24,
"opacity":     0.61,
"fx":    396.7,
"fy": 58.29778,
"fz": 6.888889,
"origX": -0.026363,
"origY": -0.011883,
"origZ": -0.07345,
"seedArr": "notSeed",
"colorb": "#FBC483",
"colorw": "#FBC483" 
},
{
 "id": "Bin.9.22",
"label": "Bin.9.22",
"size":       24,
"opacity":     0.66,
"fx":     -387,
"fy": 287.5556,
"fz": 190.8533,
"origX": -0.11257,
"origY":   0.0397,
"origZ": -0.032058,
"seedArr": "notSeed",
"colorb": "#F89F68",
"colorw": "#F89F68" 
},
{
 "id": "Bin.9.18",
"label": "Bin.9.18",
"size":       24,
"opacity":     0.69,
"fx": -630.9091,
"fy": -252.6578,
"fz": 11.36444,
"origX":  -0.1394,
"origY": -0.081848,
"origZ": -0.072443,
"seedArr": "notSeed",
"colorb": "#F68656",
"colorw": "#F68656" 
},
{
 "id": "Bin.9.14",
"label": "Bin.9.14",
"size":       24,
"opacity":     0.61,
"fx": 160.8727,
"fy": -23.55111,
"fz": 571.2889,
"origX": -0.052304,
"origY": -0.030299,
"origZ":  0.05354,
"seedArr": "notSeed",
"colorb": "#FBC180",
"colorw": "#FBC180" 
},
{
 "id": "Bin.9.10",
"label": "Bin.9.10",
"size":       24,
"opacity":     0.69,
"fx": -709.7273,
"fy": 176.6622,
"fz":   738.52,
"origX": -0.14807,
"origY": 0.014749,
"origZ": 0.091167,
"seedArr": "notSeed",
"colorb": "#F68B59",
"colorw": "#F68B59" 
},
{
 "id": "Bin.9.06",
"label": "Bin.9.06",
"size":       24,
"opacity":     0.69,
"fx": -644.0909,
"fy": 201.9111,
"fz": 789.2889,
"origX": -0.14085,
"origY":  0.02043,
"origZ":  0.10259,
"seedArr": "notSeed",
"colorb": "#F68958",
"colorw": "#F68958" 
},
{
 "id": "Bin.9.02",
"label": "Bin.9.02",
"size":       24,
"opacity":     0.68,
"fx": -661.5455,
"fy": 266.5733,
"fz": 584.9156,
"origX": -0.14277,
"origY": 0.034979,
"origZ": 0.056606,
"seedArr": "notSeed",
"colorb": "#F7905D",
"colorw": "#F7905D" 
},
{
 "id": "Bin.8.98",
"label": "Bin.8.98",
"size":       24,
"opacity":     0.53,
"fx": 226.2909,
"fy": 231.7778,
"fz": 274.8844,
"origX": -0.045108,
"origY":  0.02715,
"origZ": -0.013151,
"seedArr": "notSeed",
"colorb": "#FEEDA4",
"colorw": "#FEEDA4" 
},
{
 "id": "Bin.8.94",
"label": "Bin.8.94",
"size":       24,
"opacity":     0.68,
"fx": -685.3636,
"fy": 311.4978,
"fz": 508.0222,
"origX": -0.14539,
"origY": 0.045087,
"origZ": 0.039305,
"seedArr": "notSeed",
"colorb": "#F7925F",
"colorw": "#F7925F" 
},
{
 "id": "Bin.8.90",
"label": "Bin.8.90",
"size":       24,
"opacity":      0.6,
"fx": 33.32727,
"fy": 243.5956,
"fz": 363.7253,
"origX": -0.066334,
"origY": 0.029809,
"origZ": 0.0068382,
"seedArr": "notSeed",
"colorb": "#FCCA86",
"colorw": "#FCCA86" 
},
{
 "id": "Bin.8.86",
"label": "Bin.8.86",
"size":       24,
"opacity":     0.57,
"fx": 143.7273,
"fy": 121.8689,
"fz": 474.0178,
"origX": -0.05419,
"origY": 0.0024205,
"origZ": 0.031654,
"seedArr": "notSeed",
"colorb": "#FDDD95",
"colorw": "#FDDD95" 
},
{
 "id": "Bin.8.82",
"label": "Bin.8.82",
"size":       24,
"opacity":      0.6,
"fx":    113.8,
"fy": 60.49778,
"fz":   552.04,
"origX": -0.057482,
"origY": -0.011388,
"origZ": 0.049209,
"seedArr": "notSeed",
"colorb": "#FBC684",
"colorw": "#FBC684" 
},
{
 "id": "Bin.8.78",
"label": "Bin.8.78",
"size":       24,
"opacity":     0.63,
"fx": 242.9636,
"fy": 326.9778,
"fz": -14.27556,
"origX": -0.043274,
"origY":  0.04857,
"origZ": -0.078212,
"seedArr": "notSeed",
"colorb": "#F9B174",
"colorw": "#F9B174" 
},
{
 "id": "Bin.8.74",
"label": "Bin.8.74",
"size":       24,
"opacity":     0.68,
"fx": 78.01818,
"fy": 302.2889,
"fz": -350.3111,
"origX": -0.061418,
"origY": 0.043015,
"origZ": -0.15382,
"seedArr": "notSeed",
"colorb": "#F68D5B",
"colorw": "#F68D5B" 
},
{
 "id": "Bin.8.70",
"label": "Bin.8.70",
"size":       24,
"opacity":      0.7,
"fx": 151.9636,
"fy": 233.3289,
"fz": -434.8889,
"origX": -0.053284,
"origY": 0.027499,
"origZ": -0.17285,
"seedArr": "notSeed",
"colorb": "#F68454",
"colorw": "#F68454" 
},
{
 "id": "Bin.8.66",
"label": "Bin.8.66",
"size":       24,
"opacity":     0.64,
"fx": 195.2364,
"fy":   309.36,
"fz": -58.74222,
"origX": -0.048524,
"origY": 0.044606,
"origZ": -0.088217,
"seedArr": "notSeed",
"colorb": "#F9A96F",
"colorw": "#F9A96F" 
},
{
 "id": "Bin.8.62",
"label": "Bin.8.62",
"size":       24,
"opacity":     0.67,
"fx": 225.1091,
"fy":   279.36,
"fz":   -182.8,
"origX": -0.045238,
"origY": 0.037856,
"origZ": -0.11613,
"seedArr": "notSeed",
"colorb": "#F79862",
"colorw": "#F79862" 
},
{
 "id": "Bin.8.58",
"label": "Bin.8.58",
"size":       24,
"opacity":     0.62,
"fx": 171.8455,
"fy": 304.1422,
"fz": 54.25778,
"origX": -0.051097,
"origY": 0.043432,
"origZ": -0.062792,
"seedArr": "notSeed",
"colorb": "#FABA7B",
"colorw": "#FABA7B" 
},
{
 "id": "Bin.8.54",
"label": "Bin.8.54",
"size":       24,
"opacity":     0.53,
"fx":    380.6,
"fy":    35.68,
"fz":   518.64,
"origX": -0.028134,
"origY": -0.016972,
"origZ": 0.041694,
"seedArr": "notSeed",
"colorb": "#FEEDA6",
"colorw": "#FEEDA6" 
},
{
 "id": "Bin.8.50",
"label": "Bin.8.50",
"size":       24,
"opacity":     0.53,
"fx":    239.4,
"fy": 231.6044,
"fz": 264.8933,
"origX": -0.043666,
"origY": 0.027111,
"origZ": -0.015399,
"seedArr": "notSeed",
"colorb": "#FEEDA5",
"colorw": "#FEEDA5" 
},
{
 "id": "Bin.8.46",
"label": "Bin.8.46",
"size":       24,
"opacity":     0.46,
"fx": 394.7455,
"fy": 234.0622,
"fz": 258.4667,
"origX": -0.026578,
"origY": 0.027664,
"origZ": -0.016845,
"seedArr": "notSeed",
"colorb": "#FDEFB7",
"colorw": "#FDEFB7" 
},
{
 "id": "Bin.8.42",
"label": "Bin.8.42",
"size":       24,
"opacity":     0.65,
"fx": 301.9636,
"fy": 360.9333,
"fz": -59.33333,
"origX": -0.036784,
"origY":  0.05621,
"origZ": -0.08835,
"seedArr": "notSeed",
"colorb": "#F9A66D",
"colorw": "#F9A66D" 
},
{
 "id": "Bin.8.38",
"label": "Bin.8.38",
"size":       24,
"opacity":     0.64,
"fx":    335.5,
"fy": 323.4133,
"fz": -59.87111,
"origX": -0.033095,
"origY": 0.047768,
"origZ": -0.088471,
"seedArr": "notSeed",
"colorb": "#F9AF73",
"colorw": "#F9AF73" 
},
{
 "id": "Bin.8.34",
"label": "Bin.8.34",
"size":       24,
"opacity":     0.53,
"fx": 328.8636,
"fy": 186.4756,
"fz": 159.7644,
"origX": -0.033825,
"origY": 0.016957,
"origZ": -0.039053,
"seedArr": "notSeed",
"colorb": "#FEEDA4",
"colorw": "#FEEDA4" 
},
{
 "id": "Bin.8.30",
"label": "Bin.8.30",
"size":       24,
"opacity":     0.61,
"fx": 286.6818,
"fy": 289.0356,
"fz": 75.47556,
"origX": -0.038465,
"origY": 0.040033,
"origZ": -0.058018,
"seedArr": "notSeed",
"colorb": "#FBC281",
"colorw": "#FBC281" 
},
{
 "id": "Bin.8.26",
"label": "Bin.8.26",
"size":       24,
"opacity":     0.62,
"fx": 327.7818,
"fy": 336.6222,
"fz": 28.28889,
"origX": -0.033944,
"origY":  0.05074,
"origZ": -0.068635,
"seedArr": "notSeed",
"colorb": "#FABB7C",
"colorw": "#FABB7C" 
},
{
 "id": "Bin.8.22",
"label": "Bin.8.22",
"size":       24,
"opacity":     0.55,
"fx": 478.6818,
"fy":   253.32,
"fz": 130.7644,
"origX": -0.017345,
"origY": 0.031997,
"origZ": -0.045578,
"seedArr": "notSeed",
"colorb": "#FEEDA0",
"colorw": "#FEEDA0" 
},
{
 "id": "Bin.8.18",
"label": "Bin.8.18",
"size":       24,
"opacity":     0.36,
"fx": 441.3909,
"fy":  142.108,
"fz": 283.8622,
"origX": -0.021447,
"origY": 0.0069743,
"origZ": -0.011131,
"seedArr": "notSeed",
"colorb": "#FCF2CF",
"colorw": "#FCF2CF" 
},
{
 "id": "Bin.8.14",
"label": "Bin.8.14",
"size":       24,
"opacity":     0.62,
"fx": 310.3364,
"fy": 295.8311,
"fz": 46.82667,
"origX": -0.035863,
"origY": 0.041562,
"origZ": -0.064464,
"seedArr": "notSeed",
"colorb": "#FBBD7D",
"colorw": "#FBBD7D" 
},
{
 "id": "Bin.8.10",
"label": "Bin.8.10",
"size":       24,
"opacity":      0.4,
"fx": 349.5818,
"fy": 162.2711,
"fz": 309.1427,
"origX": -0.031546,
"origY": 0.011511,
"origZ": -0.0054429,
"seedArr": "notSeed",
"colorb": "#FDF1C6",
"colorw": "#FDF1C6" 
},
{
 "id": "Bin.8.06",
"label": "Bin.8.06",
"size":       24,
"opacity":     0.48,
"fx": 286.5545,
"fy": 171.9644,
"fz": 217.5956,
"origX": -0.038479,
"origY": 0.013692,
"origZ": -0.026041,
"seedArr": "notSeed",
"colorb": "#FEEFB1",
"colorw": "#FEEFB1" 
},
{
 "id": "Bin.8.02",
"label": "Bin.8.02",
"size":       24,
"opacity":     0.46,
"fx": 350.4545,
"fy":   72.944,
"fz": 221.8444,
"origX": -0.03145,
"origY": -0.0085876,
"origZ": -0.025085,
"seedArr": "notSeed",
"colorb": "#FDF0B7",
"colorw": "#FDF0B7" 
},
{
 "id": "Bin.7.98",
"label": "Bin.7.98",
"size":       24,
"opacity":     0.35,
"fx": 506.2636,
"fy": 52.67111,
"fz": 359.5796,
"origX": -0.014311,
"origY": -0.013149,
"origZ": 0.0059054,
"seedArr": "notSeed",
"colorb": "#FCF3D2",
"colorw": "#FCF3D2" 
},
{
 "id": "Bin.7.94",
"label": "Bin.7.94",
"size":       24,
"opacity":     0.54,
"fx": 443.8545,
"fy": 159.5556,
"fz": 565.3156,
"origX": -0.021176,
"origY":   0.0109,
"origZ": 0.052196,
"seedArr": "notSeed",
"colorb": "#FEEDA2",
"colorw": "#FEEDA2" 
},
{
 "id": "Bin.7.90",
"label": "Bin.7.90",
"size":       24,
"opacity":     0.42,
"fx": 562.2918,
"fy":   201.92,
"fz": 203.2978,
"origX": -0.0081479,
"origY": 0.020432,
"origZ": -0.029258,
"seedArr": "notSeed",
"colorb": "#FDF1C1",
"colorw": "#FDF1C1" 
},
{
 "id": "Bin.7.86",
"label": "Bin.7.86",
"size":       24,
"opacity":     0.66,
"fx": 604.4891,
"fy": -140.3244,
"fz": 801.1111,
"origX": -0.0035062,
"origY": -0.056573,
"origZ":  0.10525,
"seedArr": "notSeed",
"colorb": "#F8A069",
"colorw": "#F8A069" 
},
{
 "id": "Bin.7.82",
"label": "Bin.7.82",
"size":       24,
"opacity":     0.67,
"fx": 581.2818,
"fy":   -166.2,
"fz": 826.7556,
"origX": -0.006059,
"origY": -0.062395,
"origZ":  0.11102,
"seedArr": "notSeed",
"colorb": "#F79964",
"colorw": "#F79964" 
},
{
 "id": "Bin.7.78",
"label": "Bin.7.78",
"size":       24,
"opacity":     0.42,
"fx":    323.8,
"fy": 158.1378,
"fz": 291.5378,
"origX": -0.034382,
"origY": 0.010581,
"origZ": -0.009404,
"seedArr": "notSeed",
"colorb": "#FDF1BF",
"colorw": "#FDF1BF" 
},
{
 "id": "Bin.7.74",
"label": "Bin.7.74",
"size":       24,
"opacity":     0.37,
"fx": 402.3455,
"fy": 156.9156,
"fz": 334.2852,
"origX": -0.025742,
"origY": 0.010306,
"origZ": 0.00021417,
"seedArr": "notSeed",
"colorb": "#FCF2CC",
"colorw": "#FCF2CC" 
},
{
 "id": "Bin.7.70",
"label": "Bin.7.70",
"size":       24,
"opacity":     0.39,
"fx": 407.7273,
"fy": 35.88889,
"fz": 355.9484,
"origX": -0.02515,
"origY": -0.016925,
"origZ": 0.0050884,
"seedArr": "notSeed",
"colorb": "#FDF2C9",
"colorw": "#FDF2C9" 
},
{
 "id": "Bin.7.66",
"label": "Bin.7.66",
"size":       24,
"opacity":     0.64,
"fx":   605.64,
"fy": -123.9289,
"fz": 758.0978,
"origX": -0.0033796,
"origY": -0.052884,
"origZ": 0.095572,
"seedArr": "notSeed",
"colorb": "#F9AD72",
"colorw": "#F9AD72" 
},
{
 "id": "Bin.7.62",
"label": "Bin.7.62",
"size":       24,
"opacity":     0.64,
"fx": 443.1909,
"fy": -71.79111,
"fz": 776.2578,
"origX": -0.021249,
"origY": -0.041153,
"origZ": 0.099658,
"seedArr": "notSeed",
"colorb": "#F9AB71",
"colorw": "#F9AB71" 
},
{
 "id": "Bin.7.58",
"label": "Bin.7.58",
"size":       24,
"opacity":     0.66,
"fx": 421.6909,
"fy": -101.3378,
"fz": 842.6667,
"origX": -0.023614,
"origY": -0.047801,
"origZ":   0.1146,
"seedArr": "notSeed",
"colorb": "#F89D66",
"colorw": "#F89D66" 
},
{
 "id": "Bin.7.54",
"label": "Bin.7.54",
"size":       24,
"opacity":     0.66,
"fx": 539.3091,
"fy": -126.9333,
"fz": 843.1556,
"origX": -0.010676,
"origY": -0.05356,
"origZ":  0.11471,
"seedArr": "notSeed",
"colorb": "#F89B65",
"colorw": "#F89B65" 
},
{
 "id": "Bin.7.50",
"label": "Bin.7.50",
"size":       24,
"opacity":      0.5,
"fx": 237.7909,
"fy": 62.04889,
"fz": 437.2533,
"origX": -0.043843,
"origY": -0.011039,
"origZ": 0.023382,
"seedArr": "notSeed",
"colorb": "#FEEEAB",
"colorw": "#FEEEAB" 
},
{
 "id": "Bin.7.46",
"label": "Bin.7.46",
"size":       24,
"opacity":     0.43,
"fx": 337.7818,
"fy": 175.3289,
"fz": 281.2889,
"origX": -0.032844,
"origY": 0.014449,
"origZ": -0.01171,
"seedArr": "notSeed",
"colorb": "#FDF0BE",
"colorw": "#FDF0BE" 
},
{
 "id": "Bin.7.42",
"label": "Bin.7.42",
"size":       24,
"opacity":     0.31,
"fx": 561.1636,
"fy": 130.9191,
"fz": 358.5293,
"origX": -0.008272,
"origY": 0.0044568,
"origZ": 0.0056691,
"seedArr": "notSeed",
"colorb": "#FCF4DD",
"colorw": "#FCF4DD" 
},
{
 "id": "Bin.7.38",
"label": "Bin.7.38",
"size":       24,
"opacity":     0.34,
"fx": 542.1909,
"fy": 133.8831,
"fz": 397.9378,
"origX": -0.010359,
"origY": 0.0051237,
"origZ": 0.014536,
"seedArr": "notSeed",
"colorb": "#FCF3D6",
"colorw": "#FCF3D6" 
},
{
 "id": "Bin.7.34",
"label": "Bin.7.34",
"size":       24,
"opacity":     0.31,
"fx": 545.3727,
"fy": 111.3151,
"fz": 363.0036,
"origX": -0.010009,
"origY": 4.5898e-05,
"origZ": 0.0066758,
"seedArr": "notSeed",
"colorb": "#FCF4DD",
"colorw": "#FCF4DD" 
},
{
 "id": "Bin.7.30",
"label": "Bin.7.30",
"size":       24,
"opacity":     0.54,
"fx": 446.1273,
"fy": -29.77333,
"fz": 527.2933,
"origX": -0.020926,
"origY": -0.031699,
"origZ": 0.043641,
"seedArr": "notSeed",
"colorb": "#FEEDA1",
"colorw": "#FEEDA1" 
},
{
 "id": "Bin.7.26",
"label": "Bin.7.26",
"size":       24,
"opacity":      0.4,
"fx": 439.1545,
"fy": -4.897778,
"fz": 363.6693,
"origX": -0.021693,
"origY": -0.026102,
"origZ": 0.0068256,
"seedArr": "notSeed",
"colorb": "#FDF1C5",
"colorw": "#FDF1C5" 
},
{
 "id": "Bin.7.22",
"label": "Bin.7.22",
"size":       24,
"opacity":     0.47,
"fx": 512.3727,
"fy": -61.79556,
"fz":      423,
"origX": -0.013639,
"origY": -0.038904,
"origZ": 0.020175,
"seedArr": "notSeed",
"colorb": "#FEEFB3",
"colorw": "#FEEFB3" 
},
{
 "id": "Bin.7.18",
"label": "Bin.7.18",
"size":       24,
"opacity":     0.35,
"fx": 464.4636,
"fy": 69.11378,
"fz": 349.7093,
"origX": -0.018909,
"origY": -0.0094494,
"origZ": 0.0036846,
"seedArr": "notSeed",
"colorb": "#FCF3D1",
"colorw": "#FCF3D1" 
},
{
 "id": "Bin.7.14",
"label": "Bin.7.14",
"size":       24,
"opacity":     0.45,
"fx": 374.1364,
"fy": 119.1853,
"fz": 454.0844,
"origX": -0.028845,
"origY": 0.0018167,
"origZ": 0.027169,
"seedArr": "notSeed",
"colorb": "#FDF0B9",
"colorw": "#FDF0B9" 
},
{
 "id": "Bin.7.10",
"label": "Bin.7.10",
"size":       24,
"opacity":     0.38,
"fx":    480.1,
"fy": 177.0978,
"fz": 415.9111,
"origX": -0.017189,
"origY": 0.014847,
"origZ":  0.01858,
"seedArr": "notSeed",
"colorb": "#FCF2CB",
"colorw": "#FCF2CB" 
},
{
 "id": "Bin.7.06",
"label": "Bin.7.06",
"size":       24,
"opacity":     0.38,
"fx": 513.9636,
"fy": 219.2444,
"fz": 291.8102,
"origX": -0.013464,
"origY":  0.02433,
"origZ": -0.0093427,
"seedArr": "notSeed",
"colorb": "#FCF2CC",
"colorw": "#FCF2CC" 
},
{
 "id": "Bin.7.02",
"label": "Bin.7.02",
"size":       24,
"opacity":     0.44,
"fx": 328.2909,
"fy": 192.6844,
"fz": 299.3329,
"origX": -0.033888,
"origY": 0.018354,
"origZ": -0.0076501,
"seedArr": "notSeed",
"colorb": "#FDF0BA",
"colorw": "#FDF0BA" 
},
{
 "id": "Bin.6.98",
"label": "Bin.6.98",
"size":       24,
"opacity":     0.49,
"fx": 229.8091,
"fy": 94.54756,
"fz": 424.3244,
"origX": -0.044721,
"origY": -0.0037268,
"origZ": 0.020473,
"seedArr": "notSeed",
"colorb": "#FEEEAF",
"colorw": "#FEEEAF" 
},
{
 "id": "Bin.6.94",
"label": "Bin.6.94",
"size":       24,
"opacity":     0.72,
"fx": -760.2727,
"fy": 133.2769,
"fz": 884.7556,
"origX": -0.15363,
"origY": 0.0049873,
"origZ":  0.12407,
"seedArr": "notSeed",
"colorb": "#F4764A",
"colorw": "#F4764A" 
},
{
 "id": "Bin.6.90",
"label": "Bin.6.90",
"size":       24,
"opacity":     0.54,
"fx": 196.3727,
"fy": 154.4116,
"fz": 463.0267,
"origX": -0.048399,
"origY": 0.0097426,
"origZ": 0.029181,
"seedArr": "notSeed",
"colorb": "#FEEDA2",
"colorw": "#FEEDA2" 
},
{
 "id": "Bin.6.86",
"label": "Bin.6.86",
"size":       24,
"opacity":     0.59,
"fx": 159.8545,
"fy": 145.2004,
"fz": 534.4756,
"origX": -0.052416,
"origY": 0.0076701,
"origZ": 0.045257,
"seedArr": "notSeed",
"colorb": "#FCCF8A",
"colorw": "#FCCF8A" 
},
{
 "id": "Bin.6.82",
"label": "Bin.6.82",
"size":       24,
"opacity":     0.52,
"fx": 330.2909,
"fy": 192.7778,
"fz": 181.8622,
"origX": -0.033668,
"origY": 0.018375,
"origZ": -0.034081,
"seedArr": "notSeed",
"colorb": "#FEEEA8",
"colorw": "#FEEEA8" 
},
{
 "id": "Bin.6.78",
"label": "Bin.6.78",
"size":       24,
"opacity":     0.72,
"fx": -799.5455,
"fy":   160.44,
"fz": 899.8222,
"origX": -0.15795,
"origY": 0.011099,
"origZ":  0.12746,
"seedArr": "notSeed",
"colorb": "#F47046",
"colorw": "#F47046" 
},
{
 "id": "Bin.6.74",
"label": "Bin.6.74",
"size":       24,
"opacity":     0.72,
"fx": -824.2727,
"fy": 173.4889,
"fz": 870.8444,
"origX": -0.16067,
"origY": 0.014035,
"origZ":  0.12094,
"seedArr": "notSeed",
"colorb": "#F47247",
"colorw": "#F47247" 
},
{
 "id": "Bin.6.70",
"label": "Bin.6.70",
"size":       24,
"opacity":     0.73,
"fx": -822.7273,
"fy": 146.6338,
"fz": 898.2222,
"origX":  -0.1605,
"origY": 0.0079926,
"origZ":   0.1271,
"seedArr": "notSeed",
"colorb": "#F46E45",
"colorw": "#F46E45" 
},
{
 "id": "Bin.6.66",
"label": "Bin.6.66",
"size":       24,
"opacity":     0.74,
"fx": -834.0909,
"fy":    -0.48,
"fz": 937.0667,
"origX": -0.16175,
"origY": -0.025108,
"origZ":  0.13584,
"seedArr": "notSeed",
"colorb": "#F36740",
"colorw": "#F36740" 
},
{
 "id": "Bin.6.62",
"label": "Bin.6.62",
"size":       24,
"opacity":     0.77,
"fx": -801.3636,
"fy":   -463.2,
"fz": 876.9778,
"origX": -0.15815,
"origY": -0.12922,
"origZ":  0.12232,
"seedArr": "notSeed",
"colorb": "#F1502F",
"colorw": "#F1502F" 
},
{
 "id": "Bin.6.58",
"label": "Bin.6.58",
"size":       24,
"opacity":     0.78,
"fx":     -776,
"fy": -495.0222,
"fz": 895.9556,
"origX": -0.15536,
"origY": -0.13638,
"origZ":  0.12659,
"seedArr": "notSeed",
"colorb": "#F1492A",
"colorw": "#F1492A" 
},
{
 "id": "Bin.6.54",
"label": "Bin.6.54",
"size":       24,
"opacity":     0.78,
"fx": -759.6364,
"fy": -586.7556,
"fz": 852.6667,
"origX": -0.15356,
"origY": -0.15702,
"origZ":  0.11685,
"seedArr": "notSeed",
"colorb": "#F04527",
"colorw": "#F04527" 
},
{
 "id": "Bin.6.50",
"label": "Bin.6.50",
"size":       24,
"opacity":     0.76,
"fx":   603.85,
"fy": -935.4222,
"fz":   404.96,
"origX": -0.0035765,
"origY": -0.23547,
"origZ": 0.016116,
"seedArr": "notSeed",
"colorb": "#F25432",
"colorw": "#F25432" 
},
{
 "id": "Bin.6.46",
"label": "Bin.6.46",
"size":       24,
"opacity":     0.75,
"fx":   600.82,
"fy": -919.0667,
"fz": 344.3284,
"origX": -0.0039098,
"origY": -0.23179,
"origZ": 0.0024739,
"seedArr": "notSeed",
"colorb": "#F25C38",
"colorw": "#F25C38" 
},
{
 "id": "Bin.6.42",
"label": "Bin.6.42",
"size":       24,
"opacity":     0.79,
"fx": -616.9091,
"fy": -798.1333,
"fz": 934.0889,
"origX": -0.13786,
"origY": -0.20458,
"origZ":  0.13517,
"seedArr": "notSeed",
"colorb": "#F04023",
"colorw": "#F04023" 
},
{
 "id": "Bin.6.38",
"label": "Bin.6.38",
"size":       24,
"opacity":     0.78,
"fx":  643.505,
"fy": -954.0444,
"fz": 464.7067,
"origX": 0.00078555,
"origY": -0.23966,
"origZ": 0.029559,
"seedArr": "notSeed",
"colorb": "#F14B2B",
"colorw": "#F14B2B" 
},
{
 "id": "Bin.6.34",
"label": "Bin.6.34",
"size":       24,
"opacity":     0.79,
"fx": -622.1818,
"fy": -792.0889,
"fz":    946.4,
"origX": -0.13844,
"origY": -0.20322,
"origZ":  0.13794,
"seedArr": "notSeed",
"colorb": "#F03E22",
"colorw": "#F03E22" 
},
{
 "id": "Bin.6.30",
"label": "Bin.6.30",
"size":       24,
"opacity":     0.76,
"fx": 635.2372,
"fy": -928.0889,
"fz": 451.4756,
"origX": -0.00012391,
"origY": -0.23382,
"origZ": 0.026582,
"seedArr": "notSeed",
"colorb": "#F25734",
"colorw": "#F25734" 
},
{
 "id": "Bin.4.38",
"label": "Bin.4.38",
"size":       24,
"opacity":     0.36,
"fx":    805.2,
"fy": 51.18667,
"fz": 354.3893,
"origX": 0.018572,
"origY": -0.013483,
"origZ": 0.0047376,
"seedArr": "notSeed",
"colorb": "#FCF3D0",
"colorw": "#FCF3D0" 
},
{
 "id": "Bin.4.34",
"label": "Bin.4.34",
"size":       24,
"opacity":     0.56,
"fx": 728.4364,
"fy": 193.6978,
"fz": 80.14222,
"origX": 0.010128,
"origY": 0.018582,
"origZ": -0.056968,
"seedArr": "notSeed",
"colorb": "#FEE49A",
"colorw": "#FEE49A" 
},
{
 "id": "Bin.4.30",
"label": "Bin.4.30",
"size":       24,
"opacity":     0.58,
"fx": 606.3264,
"fy": 185.3733,
"fz": 52.06222,
"origX": -0.0033041,
"origY": 0.016709,
"origZ": -0.063286,
"seedArr": "notSeed",
"colorb": "#FDD891",
"colorw": "#FDD891" 
},
{
 "id": "Bin.4.26",
"label": "Bin.4.26",
"size":       24,
"opacity":     0.57,
"fx": 475.3727,
"fy": 229.6178,
"fz": 89.93778,
"origX": -0.017709,
"origY": 0.026664,
"origZ": -0.054764,
"seedArr": "notSeed",
"colorb": "#FDDC93",
"colorw": "#FDDC93" 
},
{
 "id": "Bin.4.22",
"label": "Bin.4.22",
"size":       24,
"opacity":     0.51,
"fx": 646.0527,
"fy": 199.3733,
"fz": 124.7778,
"origX": 0.0010658,
"origY": 0.019859,
"origZ": -0.046925,
"seedArr": "notSeed",
"colorb": "#FEEEAB",
"colorw": "#FEEEAB" 
},
{
 "id": "Bin.4.18",
"label": "Bin.4.18",
"size":       24,
"opacity":     0.39,
"fx": 589.6682,
"fy": 151.9449,
"fz": 200.8622,
"origX": -0.0051365,
"origY": 0.0091876,
"origZ": -0.029806,
"seedArr": "notSeed",
"colorb": "#FDF2C8",
"colorw": "#FDF2C8" 
},
{
 "id": "Bin.4.14",
"label": "Bin.4.14",
"size":       24,
"opacity":      0.5,
"fx": 614.4327,
"fy": 179.3956,
"fz": 119.5111,
"origX": -0.0024124,
"origY": 0.015364,
"origZ": -0.04811,
"seedArr": "notSeed",
"colorb": "#FEEEAC",
"colorw": "#FEEEAC" 
},
{
 "id": "Bin.4.10",
"label": "Bin.4.10",
"size":       24,
"opacity":     0.58,
"fx": 755.0545,
"fy": 155.7111,
"fz": 54.67111,
"origX": 0.013056,
"origY": 0.010035,
"origZ": -0.062699,
"seedArr": "notSeed",
"colorb": "#FDDA92",
"colorw": "#FDDA92" 
},
{
 "id": "Bin.4.06",
"label": "Bin.4.06",
"size":       24,
"opacity":     0.43,
"fx": 699.6382,
"fy": -8.528889,
"fz": 446.7556,
"origX": 0.0069602,
"origY": -0.026919,
"origZ":  0.02552,
"seedArr": "notSeed",
"colorb": "#FDF0BE",
"colorw": "#FDF0BE" 
},
{
 "id": "Bin.4.02",
"label": "Bin.4.02",
"size":       24,
"opacity":     0.41,
"fx":      745,
"fy": 68.79956,
"fz": 191.1689,
"origX":  0.01195,
"origY": -0.0095201,
"origZ": -0.031987,
"seedArr": "notSeed",
"colorb": "#FDF1C3",
"colorw": "#FDF1C3" 
},
{
 "id": "Bin.4.04",
"label": "Bin.4.04",
"size":       24,
"opacity":      0.4,
"fx": 712.6436,
"fy":    -4.84,
"fz": 410.0933,
"origX": 0.0083908,
"origY": -0.026089,
"origZ": 0.017271,
"seedArr": "notSeed",
"colorb": "#FDF1C6",
"colorw": "#FDF1C6" 
},
{
 "id": "Bin.3.98",
"label": "Bin.3.98",
"size":       24,
"opacity":      0.6,
"fx":    741.6,
"fy": -55.78667,
"fz": 619.4444,
"origX": 0.011576,
"origY": -0.037552,
"origZ": 0.064375,
"seedArr": "notSeed",
"colorb": "#FBC885",
"colorw": "#FBC885" 
},
{
 "id": "Bin.3.94",
"label": "Bin.3.94",
"size":       24,
"opacity":     0.31,
"fx": 724.5991,
"fy": 78.66311,
"fz": 327.8427,
"origX": 0.0097059,
"origY": -0.0073008,
"origZ": -0.0012354,
"seedArr": "notSeed",
"colorb": "#FCF4DC",
"colorw": "#FCF4DC" 
},
{
 "id": "Bin.3.90",
"label": "Bin.3.90",
"size":       24,
"opacity":     0.47,
"fx": 704.6536,
"fy": 220.4044,
"fz": 157.9289,
"origX": 0.0075119,
"origY": 0.024591,
"origZ": -0.039466,
"seedArr": "notSeed",
"colorb": "#FEEFB3",
"colorw": "#FEEFB3" 
},
{
 "id": "Bin.3.86",
"label": "Bin.3.86",
"size":       24,
"opacity":     0.45,
"fx": 726.2636,
"fy": 222.3911,
"fz": 197.5067,
"origX": 0.009889,
"origY": 0.025038,
"origZ": -0.030561,
"seedArr": "notSeed",
"colorb": "#FDF0B8",
"colorw": "#FDF0B8" 
},
{
 "id": "Bin.3.82",
"label": "Bin.3.82",
"size":       24,
"opacity":     0.35,
"fx": 756.6273,
"fy": 152.5778,
"fz":   277.24,
"origX": 0.013229,
"origY":  0.00933,
"origZ": -0.012621,
"seedArr": "notSeed",
"colorb": "#FCF3D2",
"colorw": "#FCF3D2" 
},
{
 "id": "Bin.3.78",
"label": "Bin.3.78",
"size":       24,
"opacity":     0.37,
"fx": 708.2509,
"fy": 149.8831,
"fz": 224.0178,
"origX": 0.0079076,
"origY": 0.0087237,
"origZ": -0.024596,
"seedArr": "notSeed",
"colorb": "#FCF2CD",
"colorw": "#FCF2CD" 
},
{
 "id": "Bin.3.74",
"label": "Bin.3.74",
"size":       24,
"opacity":     0.52,
"fx": 622.5436,
"fy": 249.5333,
"fz": 146.9378,
"origX": -0.0015202,
"origY": 0.031145,
"origZ": -0.041939,
"seedArr": "notSeed",
"colorb": "#FEEDA7",
"colorw": "#FEEDA7" 
},
{
 "id": "Bin.3.70",
"label": "Bin.3.70",
"size":       24,
"opacity":     0.44,
"fx": 684.1709,
"fy": 207.0844,
"fz":      194,
"origX": 0.0052588,
"origY": 0.021594,
"origZ": -0.03135,
"seedArr": "notSeed",
"colorb": "#FDF0BC",
"colorw": "#FDF0BC" 
},
{
 "id": "Bin.3.66",
"label": "Bin.3.66",
"size":       24,
"opacity":     0.32,
"fx": 632.9265,
"fy": 100.2742,
"fz": 268.1778,
"origX": -0.00037809,
"origY": -0.0024383,
"origZ": -0.01466,
"seedArr": "notSeed",
"colorb": "#FCF4DA",
"colorw": "#FCF4DA" 
},
{
 "id": "Bin.3.62",
"label": "Bin.3.62",
"size":       24,
"opacity":     0.32,
"fx": 628.1297,
"fy": 110.9699,
"fz": 267.6311,
"origX": -0.00090573,
"origY": -3.178e-05,
"origZ": -0.014783,
"seedArr": "notSeed",
"colorb": "#FCF4DB",
"colorw": "#FCF4DB" 
},
{
 "id": "Bin.3.58",
"label": "Bin.3.58",
"size":       24,
"opacity":     0.33,
"fx": 740.0909,
"fy": 82.26711,
"fz": 390.4711,
"origX":  0.01141,
"origY": -0.0064899,
"origZ": 0.012856,
"seedArr": "notSeed",
"colorb": "#FCF3D6",
"colorw": "#FCF3D6" 
},
{
 "id": "Bin.3.54",
"label": "Bin.3.54",
"size":       24,
"opacity":     0.42,
"fx": 658.1691,
"fy":   232.84,
"fz": 225.5689,
"origX": 0.0023986,
"origY": 0.027389,
"origZ": -0.024247,
"seedArr": "notSeed",
"colorb": "#FDF1C1",
"colorw": "#FDF1C1" 
},
{
 "id": "Bin.3.50",
"label": "Bin.3.50",
"size":       24,
"opacity":     0.49,
"fx": 728.6364,
"fy": 296.8311,
"fz":    218.8,
"origX":  0.01015,
"origY": 0.041787,
"origZ": -0.02577,
"seedArr": "notSeed",
"colorb": "#FEEEAE",
"colorw": "#FEEEAE" 
},
{
 "id": "Bin.3.46",
"label": "Bin.3.46",
"size":       24,
"opacity":     0.46,
"fx":    765.9,
"fy": 262.5733,
"fz": 231.9156,
"origX": 0.014249,
"origY": 0.034079,
"origZ": -0.022819,
"seedArr": "notSeed",
"colorb": "#FDEFB5",
"colorw": "#FDEFB5" 
},
{
 "id": "Bin.3.42",
"label": "Bin.3.42",
"size":       24,
"opacity":     0.46,
"fx": 765.5091,
"fy": 254.7289,
"fz": 221.5244,
"origX": 0.014206,
"origY": 0.032314,
"origZ": -0.025157,
"seedArr": "notSeed",
"colorb": "#FDEFB6",
"colorw": "#FDEFB6" 
},
{
 "id": "Bin.3.38",
"label": "Bin.3.38",
"size":       24,
"opacity":     0.54,
"fx": 732.3818,
"fy": 220.6222,
"fz": 121.6578,
"origX": 0.010562,
"origY":  0.02464,
"origZ": -0.047627,
"seedArr": "notSeed",
"colorb": "#FEEDA3",
"colorw": "#FEEDA3" 
},
{
 "id": "Bin.3.34",
"label": "Bin.3.34",
"size":       24,
"opacity":     0.33,
"fx": 721.1336,
"fy": 47.47111,
"fz": 324.5818,
"origX": 0.0093247,
"origY": -0.014319,
"origZ": -0.0019691,
"seedArr": "notSeed",
"colorb": "#FCF4D8",
"colorw": "#FCF4D8" 
},
{
 "id": "Bin.3.30",
"label": "Bin.3.30",
"size":       24,
"opacity":      0.3,
"fx": 557.6973,
"fy":   86.288,
"fz": 347.9884,
"origX": -0.0086533,
"origY": -0.0055852,
"origZ": 0.0032974,
"seedArr": "notSeed",
"colorb": "#FCF4DE",
"colorw": "#FCF4DE" 
},
{
 "id": "Bin.3.26",
"label": "Bin.3.26",
"size":       24,
"opacity":     0.34,
"fx":   597.47,
"fy": 132.4267,
"fz": 412.4311,
"origX": -0.0042783,
"origY": 0.004796,
"origZ": 0.017797,
"seedArr": "notSeed",
"colorb": "#FCF3D4",
"colorw": "#FCF3D4" 
},
{
 "id": "Bin.3.22",
"label": "Bin.3.22",
"size":       24,
"opacity":     0.47,
"fx": 786.0909,
"fy": 256.6267,
"fz": 221.2978,
"origX":  0.01647,
"origY": 0.032741,
"origZ": -0.025208,
"seedArr": "notSeed",
"colorb": "#FDEFB5",
"colorw": "#FDEFB5" 
},
{
 "id": "Bin.3.18",
"label": "Bin.3.18",
"size":       24,
"opacity":     0.37,
"fx": 831.2636,
"fy": 75.57333,
"fz": 394.4622,
"origX": 0.021439,
"origY": -0.007996,
"origZ": 0.013754,
"seedArr": "notSeed",
"colorb": "#FCF2CD",
"colorw": "#FCF2CD" 
},
{
 "id": "Bin.3.14",
"label": "Bin.3.14",
"size":       24,
"opacity":     0.41,
"fx": 738.8091,
"fy":    49.96,
"fz": 473.5333,
"origX": 0.011269,
"origY": -0.013759,
"origZ": 0.031545,
"seedArr": "notSeed",
"colorb": "#FDF1C3",
"colorw": "#FDF1C3" 
},
{
 "id": "Bin.3.10",
"label": "Bin.3.10",
"size":       24,
"opacity":     0.36,
"fx": 627.9943,
"fy": 180.0178,
"fz": 255.4044,
"origX": -0.00092063,
"origY": 0.015504,
"origZ": -0.017534,
"seedArr": "notSeed",
"colorb": "#FCF3D1",
"colorw": "#FCF3D1" 
},
{
 "id": "Bin.3.06",
"label": "Bin.3.06",
"size":       24,
"opacity":     0.44,
"fx": 654.2555,
"fy": 0.2622222,
"fz": 466.1511,
"origX": 0.0019681,
"origY": -0.024941,
"origZ": 0.029884,
"seedArr": "notSeed",
"colorb": "#FDF0BB",
"colorw": "#FDF0BB" 
},
{
 "id": "Bin.3.02",
"label": "Bin.3.02",
"size":       24,
"opacity":     0.37,
"fx": 722.7009,
"fy":     2.88,
"fz": 334.5404,
"origX": 0.0094971,
"origY": -0.024352,
"origZ": 0.00027158,
"seedArr": "notSeed",
"colorb": "#FCF2CE",
"colorw": "#FCF2CE" 
},
{
 "id": "Bin.3.04",
"label": "Bin.3.04",
"size":       24,
"opacity":     0.45,
"fx": 662.4255,
"fy":   -15.12,
"fz": 453.4356,
"origX": 0.0028668,
"origY": -0.028402,
"origZ": 0.027023,
"seedArr": "notSeed",
"colorb": "#FDF0BA",
"colorw": "#FDF0BA" 
},
{
 "id": "Bin.2.98",
"label": "Bin.2.98",
"size":       24,
"opacity":     0.49,
"fx": 697.1009,
"fy": 297.6978,
"fz": 216.3556,
"origX": 0.0066811,
"origY": 0.041982,
"origZ": -0.02632,
"seedArr": "notSeed",
"colorb": "#FEEEAE",
"colorw": "#FEEEAE" 
},
{
 "id": "Bin.2.94",
"label": "Bin.2.94",
"size":       24,
"opacity":     0.38,
"fx":    747.8,
"fy": 236.3111,
"fz": 329.1563,
"origX": 0.012258,
"origY":  0.02817,
"origZ": -0.00093983,
"seedArr": "notSeed",
"colorb": "#FCF2CA",
"colorw": "#FCF2CA" 
},
{
 "id": "Bin.2.90",
"label": "Bin.2.90",
"size":       24,
"opacity":     0.32,
"fx":    743.4,
"fy": 91.31244,
"fz": 286.8756,
"origX": 0.011774,
"origY": -0.0044547,
"origZ": -0.010453,
"seedArr": "notSeed",
"colorb": "#FCF4D9",
"colorw": "#FCF4D9" 
},
{
 "id": "Bin.2.86",
"label": "Bin.2.86",
"size":       24,
"opacity":     0.39,
"fx": 710.5982,
"fy": 236.5378,
"fz": 289.9324,
"origX": 0.0081658,
"origY": 0.028221,
"origZ": -0.0097652,
"seedArr": "notSeed",
"colorb": "#FDF2C8",
"colorw": "#FDF2C8" 
},
{
 "id": "Bin.2.82",
"label": "Bin.2.82",
"size":       24,
"opacity":     0.31,
"fx": 708.5909,
"fy": 160.6756,
"fz": 317.8693,
"origX": 0.007945,
"origY": 0.011152,
"origZ": -0.0034794,
"seedArr": "notSeed",
"colorb": "#FCF4DB",
"colorw": "#FCF4DB" 
},
{
 "id": "Bin.2.78",
"label": "Bin.2.78",
"size":       24,
"opacity":     0.34,
"fx": 671.8409,
"fy": 183.4178,
"fz": 297.2098,
"origX": 0.0039025,
"origY": 0.016269,
"origZ": -0.0081278,
"seedArr": "notSeed",
"colorb": "#FCF3D5",
"colorw": "#FCF3D5" 
},
{
 "id": "Bin.2.74",
"label": "Bin.2.74",
"size":       24,
"opacity":     0.32,
"fx": 597.5827,
"fy":    60.16,
"fz": 383.2356,
"origX": -0.0042659,
"origY": -0.011464,
"origZ": 0.011228,
"seedArr": "notSeed",
"colorb": "#FCF4D9",
"colorw": "#FCF4D9" 
},
{
 "id": "Bin.2.70",
"label": "Bin.2.70",
"size":       24,
"opacity":     0.59,
"fx": 751.1273,
"fy":    -92.2,
"fz": 555.5867,
"origX": 0.012624,
"origY": -0.045745,
"origZ": 0.050007,
"seedArr": "notSeed",
"colorb": "#FCD18C",
"colorw": "#FCD18C" 
},
{
 "id": "Bin.2.66",
"label": "Bin.2.66",
"size":       24,
"opacity":     0.58,
"fx": 825.2545,
"fy": -1.768889,
"fz": 588.6844,
"origX": 0.020778,
"origY": -0.025398,
"origZ": 0.057454,
"seedArr": "notSeed",
"colorb": "#FCD48E",
"colorw": "#FCD48E" 
},
{
 "id": "Bin.2.62",
"label": "Bin.2.62",
"size":       24,
"opacity":     0.36,
"fx": 757.2818,
"fy":  102.372,
"fz": 423.1467,
"origX": 0.013301,
"origY": -0.0019663,
"origZ": 0.020208,
"seedArr": "notSeed",
"colorb": "#FCF3CF",
"colorw": "#FCF3CF" 
},
{
 "id": "Bin.2.58",
"label": "Bin.2.58",
"size":       24,
"opacity":     0.48,
"fx": 675.0173,
"fy": 17.73333,
"fz": 522.5022,
"origX": 0.0042519,
"origY": -0.02101,
"origZ": 0.042563,
"seedArr": "notSeed",
"colorb": "#FEEFB2",
"colorw": "#FEEFB2" 
},
{
 "id": "Bin.2.54",
"label": "Bin.2.54",
"size":       24,
"opacity":      0.6,
"fx":    786.4,
"fy":   -72.56,
"fz": 582.0756,
"origX": 0.016504,
"origY": -0.041326,
"origZ": 0.055967,
"seedArr": "notSeed",
"colorb": "#FCCB88",
"colorw": "#FCCB88" 
},
{
 "id": "Bin.2.50",
"label": "Bin.2.50",
"size":       24,
"opacity":     0.33,
"fx": 673.0445,
"fy":   114.87,
"fz": 409.9778,
"origX": 0.0040349,
"origY": 0.00084575,
"origZ": 0.017245,
"seedArr": "notSeed",
"colorb": "#FCF4D8",
"colorw": "#FCF4D8" 
},
{
 "id": "Bin.2.46",
"label": "Bin.2.46",
"size":       24,
"opacity":     0.34,
"fx": 750.9091,
"fy": 130.9987,
"fz": 393.8089,
"origX":   0.0126,
"origY": 0.0044747,
"origZ": 0.013607,
"seedArr": "notSeed",
"colorb": "#FCF3D4",
"colorw": "#FCF3D4" 
},
{
 "id": "Bin.2.42",
"label": "Bin.2.42",
"size":       24,
"opacity":     0.35,
"fx": 701.8064,
"fy": 133.1627,
"fz": 255.2489,
"origX": 0.0071987,
"origY": 0.0049616,
"origZ": -0.017569,
"seedArr": "notSeed",
"colorb": "#FCF3D3",
"colorw": "#FCF3D3" 
},
{
 "id": "Bin.2.38",
"label": "Bin.2.38",
"size":       24,
"opacity":     0.42,
"fx": 648.1509,
"fy": 177.7333,
"fz": 182.7556,
"origX": 0.0012966,
"origY":  0.01499,
"origZ": -0.03388,
"seedArr": "notSeed",
"colorb": "#FDF1C0",
"colorw": "#FDF1C0" 
},
{
 "id": "Bin.2.34",
"label": "Bin.2.34",
"size":       24,
"opacity":     0.39,
"fx": 566.4845,
"fy": -23.79111,
"fz": 300.2044,
"origX": -0.0076867,
"origY": -0.030353,
"origZ": -0.007454,
"seedArr": "notSeed",
"colorb": "#FDF2C7",
"colorw": "#FDF2C7" 
},
{
 "id": "Bin.2.30",
"label": "Bin.2.30",
"size":       24,
"opacity":     0.57,
"fx": 599.5409,
"fy":   268.36,
"fz": 111.0356,
"origX": -0.0040505,
"origY": 0.035381,
"origZ": -0.050017,
"seedArr": "notSeed",
"colorb": "#FEE197",
"colorw": "#FEE197" 
},
{
 "id": "Bin.2.26",
"label": "Bin.2.26",
"size":       24,
"opacity":     0.43,
"fx": 630.1463,
"fy": 213.6711,
"fz": 200.0444,
"origX": -0.00068391,
"origY": 0.023076,
"origZ": -0.02999,
"seedArr": "notSeed",
"colorb": "#FDF0BD",
"colorw": "#FDF0BD" 
},
{
 "id": "Bin.2.22",
"label": "Bin.2.22",
"size":       24,
"opacity":     0.56,
"fx":   652.18,
"fy": 224.3378,
"fz": 91.55556,
"origX": 0.0017398,
"origY": 0.025476,
"origZ":  -0.0544,
"seedArr": "notSeed",
"colorb": "#FEE89C",
"colorw": "#FEE89C" 
},
{
 "id": "Bin.2.18",
"label": "Bin.2.18",
"size":       24,
"opacity":      0.3,
"fx": 615.8918,
"fy": 127.4196,
"fz": 317.6342,
"origX": -0.0022519,
"origY": 0.0036694,
"origZ": -0.0035323,
"seedArr": "notSeed",
"colorb": "#FCF5DF",
"colorw": "#FCF5DF" 
},
{
 "id": "Bin.2.14",
"label": "Bin.2.14",
"size":       24,
"opacity":     0.41,
"fx": 643.6885,
"fy": 232.6844,
"fz": 238.1289,
"origX": 0.00080574,
"origY": 0.027354,
"origZ": -0.021421,
"seedArr": "notSeed",
"colorb": "#FDF1C4",
"colorw": "#FDF1C4" 
},
{
 "id": "Bin.2.10",
"label": "Bin.2.10",
"size":       24,
"opacity":     0.51,
"fx": 562.9373,
"fy": 283.2178,
"fz": 188.7689,
"origX": -0.0080769,
"origY": 0.038724,
"origZ": -0.032527,
"seedArr": "notSeed",
"colorb": "#FEEEA9",
"colorw": "#FEEEA9" 
},
{
 "id": "Bin.2.06",
"label": "Bin.2.06",
"size":       24,
"opacity":     0.43,
"fx": 561.6627,
"fy": 238.9778,
"fz": 232.7022,
"origX": -0.0082171,
"origY":  0.02877,
"origZ": -0.022642,
"seedArr": "notSeed",
"colorb": "#FDF0BF",
"colorw": "#FDF0BF" 
},
{
 "id": "Bin.2.02",
"label": "Bin.2.02",
"size":       24,
"opacity":      0.4,
"fx": 629.2653,
"fy": 232.8533,
"fz": 241.8489,
"origX": -0.00078082,
"origY": 0.027392,
"origZ": -0.020584,
"seedArr": "notSeed",
"colorb": "#FDF1C5",
"colorw": "#FDF1C5" 
},
{
 "id": "Bin.1.98",
"label": "Bin.1.98",
"size":       24,
"opacity":     0.47,
"fx": 577.8091,
"fy": 276.6222,
"fz": 228.1867,
"origX": -0.006441,
"origY":  0.03724,
"origZ": -0.023658,
"seedArr": "notSeed",
"colorb": "#FEEFB4",
"colorw": "#FEEFB4" 
},
{
 "id": "Bin.1.94",
"label": "Bin.1.94",
"size":       24,
"opacity":     0.44,
"fx": 560.6582,
"fy": 247.7111,
"fz": 237.8933,
"origX": -0.0083276,
"origY": 0.030735,
"origZ": -0.021474,
"seedArr": "notSeed",
"colorb": "#FDF0BC",
"colorw": "#FDF0BC" 
},
{
 "id": "Bin.1.90",
"label": "Bin.1.90",
"size":       24,
"opacity":     0.41,
"fx": 596.4236,
"fy": 243.0622,
"fz": 240.4933,
"origX": -0.0043934,
"origY": 0.029689,
"origZ": -0.020889,
"seedArr": "notSeed",
"colorb": "#FDF1C2",
"colorw": "#FDF1C2" 
},
{
 "id": "Bin.1.86",
"label": "Bin.1.86",
"size":       24,
"opacity":     0.49,
"fx": 506.4364,
"fy":   289.48,
"fz": 225.9911,
"origX": -0.014292,
"origY": 0.040133,
"origZ": -0.024152,
"seedArr": "notSeed",
"colorb": "#FEEFB0",
"colorw": "#FEEFB0" 
},
{
 "id": "Bin.1.82",
"label": "Bin.1.82",
"size":       24,
"opacity":     0.48,
"fx": 515.3636,
"fy": 275.9289,
"fz": 212.4933,
"origX": -0.01331,
"origY": 0.037084,
"origZ": -0.027189,
"seedArr": "notSeed",
"colorb": "#FEEFB2",
"colorw": "#FEEFB2" 
},
{
 "id": "Bin.1.78",
"label": "Bin.1.78",
"size":       24,
"opacity":     0.52,
"fx": 533.6727,
"fy": 319.0622,
"fz": 242.6622,
"origX": -0.011296,
"origY": 0.046789,
"origZ": -0.020401,
"seedArr": "notSeed",
"colorb": "#FEEDA6",
"colorw": "#FEEDA6" 
},
{
 "id": "Bin.1.74",
"label": "Bin.1.74",
"size":       24,
"opacity":     0.56,
"fx": 556.0545,
"fy": 348.0711,
"fz": 214.2933,
"origX": -0.008834,
"origY": 0.053316,
"origZ": -0.026784,
"seedArr": "notSeed",
"colorb": "#FEE69B",
"colorw": "#FEE69B" 
},
{
 "id": "Bin.1.70",
"label": "Bin.1.70",
"size":       24,
"opacity":     0.59,
"fx": 547.9618,
"fy": 352.7956,
"fz": 157.7333,
"origX": -0.0097242,
"origY": 0.054379,
"origZ": -0.03951,
"seedArr": "notSeed",
"colorb": "#FCD38D",
"colorw": "#FCD38D" 
},
{
 "id": "Bin.1.66",
"label": "Bin.1.66",
"size":       24,
"opacity":     0.55,
"fx": 546.1282,
"fy": 292.7378,
"fz": 156.4178,
"origX": -0.0099259,
"origY": 0.040866,
"origZ": -0.039806,
"seedArr": "notSeed",
"colorb": "#FEEDA0",
"colorw": "#FEEDA0" 
},
{
 "id": "Bin.1.62",
"label": "Bin.1.62",
"size":       24,
"opacity":     0.57,
"fx": 551.6636,
"fy": 298.9911,
"fz": 138.5111,
"origX": -0.009317,
"origY": 0.042273,
"origZ": -0.043835,
"seedArr": "notSeed",
"colorb": "#FDDF96",
"colorw": "#FDDF96" 
},
{
 "id": "Bin.1.58",
"label": "Bin.1.58",
"size":       24,
"opacity":     0.55,
"fx": 576.8091,
"fy": 300.1778,
"fz": 152.4711,
"origX": -0.006551,
"origY":  0.04254,
"origZ": -0.040694,
"seedArr": "notSeed",
"colorb": "#FEEA9E",
"colorw": "#FEEA9E" 
},
{
 "id": "Bin.1.54",
"label": "Bin.1.54",
"size":       24,
"opacity":      0.5,
"fx": 596.0109,
"fy": 310.2178,
"fz": 234.5644,
"origX": -0.0044388,
"origY": 0.044799,
"origZ": -0.022223,
"seedArr": "notSeed",
"colorb": "#FEEEAD",
"colorw": "#FEEEAD" 
},
{
 "id": "Bin.1.50",
"label": "Bin.1.50",
"size":       24,
"opacity":     0.56,
"fx": 526.4182,
"fy": 338.6756,
"fz":   196.24,
"origX": -0.012094,
"origY": 0.051202,
"origZ": -0.030846,
"seedArr": "notSeed",
"colorb": "#FEE398",
"colorw": "#FEE398" 
},
{
 "id": "Bin.1.46",
"label": "Bin.1.46",
"size":       24,
"opacity":     0.55,
"fx": 538.2455,
"fy": 324.5822,
"fz": 192.1422,
"origX": -0.010793,
"origY": 0.048031,
"origZ": -0.031768,
"seedArr": "notSeed",
"colorb": "#FEEC9F",
"colorw": "#FEEC9F" 
},
{
 "id": "Bin.1.42",
"label": "Bin.1.42",
"size":       24,
"opacity":     0.59,
"fx": 498.7273,
"fy": 351.1378,
"fz": 147.3511,
"origX": -0.01514,
"origY": 0.054006,
"origZ": -0.041846,
"seedArr": "notSeed",
"colorb": "#FCCD89",
"colorw": "#FCCD89" 
},
{
 "id": "Bin.1.38",
"label": "Bin.1.38",
"size":       24,
"opacity":     0.52,
"fx": 537.9182,
"fy": 270.6578,
"fz": 176.8578,
"origX": -0.010829,
"origY": 0.035898,
"origZ": -0.035207,
"seedArr": "notSeed",
"colorb": "#FEEEA7",
"colorw": "#FEEEA7" 
},
{
 "id": "Bin.1.34",
"label": "Bin.1.34",
"size":       24,
"opacity":     0.51,
"fx": 719.7545,
"fy":   193.52,
"fz": 125.3156,
"origX": 0.009173,
"origY": 0.018542,
"origZ": -0.046804,
"seedArr": "notSeed",
"colorb": "#FEEEA9",
"colorw": "#FEEEA9" 
},
{
 "id": "Bin.1.30",
"label": "Bin.1.30",
"size":       24,
"opacity":     0.48,
"fx": 748.9727,
"fy": 149.0413,
"fz": 128.3333,
"origX": 0.012387,
"origY": 0.0085343,
"origZ": -0.046125,
"seedArr": "notSeed",
"colorb": "#FEEFB0",
"colorw": "#FEEFB0" 
},
{
 "id": "Bin.1.26",
"label": "Bin.1.26",
"size":       24,
"opacity":     0.33,
"fx": 704.7709,
"fy": 160.3244,
"fz": 279.3467,
"origX": 0.0075248,
"origY": 0.011073,
"origZ": -0.012147,
"seedArr": "notSeed",
"colorb": "#FCF4D7",
"colorw": "#FCF4D7" 
},
{
 "id": "Bin.1.22",
"label": "Bin.1.22",
"size":       24,
"opacity":     0.38,
"fx": 614.7818,
"fy": 162.2489,
"fz": 211.4222,
"origX": -0.002374,
"origY": 0.011506,
"origZ": -0.02743,
"seedArr": "notSeed",
"colorb": "#FCF2CA",
"colorw": "#FCF2CA" 
},
{
 "id": "Bin.1.18",
"label": "Bin.1.18",
"size":       24,
"opacity":     0.51,
"fx": 592.1609,
"fy": 204.6933,
"fz":   127.84,
"origX": -0.0048623,
"origY": 0.021056,
"origZ": -0.046236,
"seedArr": "notSeed",
"colorb": "#FEEEAA",
"colorw": "#FEEEAA" 
},
{
 "id": "Bin.1.14",
"label": "Bin.1.14",
"size":       24,
"opacity":      0.5,
"fx": 457.5091,
"fy": 210.5067,
"fz": 152.5378,
"origX": -0.019674,
"origY": 0.022364,
"origZ": -0.040679,
"seedArr": "notSeed",
"colorb": "#FEEEAC",
"colorw": "#FEEEAC" 
},
{
 "id": "Bin.1.10",
"label": "Bin.1.10",
"size":       24,
"opacity":     0.45,
"fx": 508.7636,
"fy": 271.3244,
"fz":  292.928,
"origX": -0.014036,
"origY": 0.036048,
"origZ": -0.0090912,
"seedArr": "notSeed",
"colorb": "#FDF0B9",
"colorw": "#FDF0B9" 
},
{
 "id": "Bin.1.06",
"label": "Bin.1.06",
"size":       24,
"opacity":     0.58,
"fx": 496.3273,
"fy": 353.5867,
"fz": 183.0444,
"origX": -0.015404,
"origY": 0.054557,
"origZ": -0.033815,
"seedArr": "notSeed",
"colorb": "#FDD68F",
"colorw": "#FDD68F" 
},
{
 "id": "Bin.1.02",
"label": "Bin.1.02",
"size":       24,
"opacity":     0.63,
"fx": 445.6818,
"fy": 424.0622,
"fz": 66.40444,
"origX": -0.020975,
"origY": 0.070414,
"origZ": -0.060059,
"seedArr": "notSeed",
"colorb": "#FAB678",
"colorw": "#FAB678" 
},
{
 "id": "Bin.0.98",
"label": "Bin.0.98",
"size":       24,
"opacity":     0.63,
"fx": 487.9091,
"fy": 422.5422,
"fz":    19.04,
"origX": -0.01633,
"origY": 0.070072,
"origZ": -0.070716,
"seedArr": "notSeed",
"colorb": "#FAB276",
"colorw": "#FAB276" 
},
{
 "id": "Bin.0.94",
"label": "Bin.0.94",
"size":       24,
"opacity":     0.63,
"fx": 484.8182,
"fy":    394.4,
"fz": 19.12889,
"origX": -0.01667,
"origY":  0.06374,
"origZ": -0.070696,
"seedArr": "notSeed",
"colorb": "#FAB477",
"colorw": "#FAB477" 
},
{
 "id": "Bin.0.90",
"label": "Bin.0.90",
"size":       24,
"opacity":     0.61,
"fx": 553.2455,
"fy": 340.8844,
"fz": 56.14222,
"origX": -0.009143,
"origY": 0.051699,
"origZ": -0.062368,
"seedArr": "notSeed",
"colorb": "#FBBF7F",
"colorw": "#FBBF7F" 
},
{
 "id": "Bin.0.86",
"label": "Bin.0.86",
"size":       24,
"opacity":     0.62,
"fx": 539.0909,
"fy": 372.9778,
"fz":    10.28,
"origX":  -0.0107,
"origY":  0.05892,
"origZ": -0.072687,
"seedArr": "notSeed",
"colorb": "#FAB87A",
"colorw": "#FAB87A" 
},
{
 "id": "Bin.0.82",
"label": "Bin.0.82",
"size":       24,
"opacity":     0.65,
"fx": 418.6727,
"fy": 486.6089,
"fz": -17.64889,
"origX": -0.023946,
"origY": 0.084487,
"origZ": -0.078971,
"seedArr": "notSeed",
"colorb": "#F8A26A",
"colorw": "#F8A26A" 
},
{
 "id": "Bin.0.78",
"label": "Bin.0.78",
"size":       24,
"opacity":     0.65,
"fx": 308.6364,
"fy": 496.5778,
"fz": 56.45778,
"origX": -0.03605,
"origY":  0.08673,
"origZ": -0.062297,
"seedArr": "notSeed",
"colorb": "#F8A46B",
"colorw": "#F8A46B" 
},
{
 "id": "Bin.0.74",
"label": "Bin.0.74",
"size":       24,
"opacity":      0.7,
"fx": -776.6364,
"fy": 333.6667,
"fz": 771.2889,
"origX": -0.15543,
"origY": 0.050075,
"origZ":  0.09854,
"seedArr": "notSeed",
"colorb": "#F58052",
"colorw": "#F58052" 
},
{
 "id": "Bin.0.70",
"label": "Bin.0.70",
"size":       24,
"opacity":     0.71,
"fx": -850.3636,
"fy": 412.8178,
"fz": 683.9778,
"origX": -0.16354,
"origY": 0.067884,
"origZ": 0.078895,
"seedArr": "notSeed",
"colorb": "#F57B4E",
"colorw": "#F57B4E" 
},
{
 "id": "Bin.0.66",
"label": "Bin.0.66",
"size":       24,
"opacity":     0.71,
"fx": -843.3636,
"fy":   434.72,
"fz": 700.1467,
"origX": -0.16277,
"origY": 0.072812,
"origZ": 0.082533,
"seedArr": "notSeed",
"colorb": "#F5774B",
"colorw": "#F5774B" 
},
{
 "id": "Bin.0.62",
"label": "Bin.0.62",
"size":       24,
"opacity":     0.71,
"fx": -903.4545,
"fy": 532.2044,
"fz": 460.6978,
"origX": -0.16938,
"origY": 0.094746,
"origZ": 0.028657,
"seedArr": "notSeed",
"colorb": "#F5794D",
"colorw": "#F5794D" 
},
{
 "id": "Bin.0.58",
"label": "Bin.0.58",
"size":       24,
"opacity":     0.71,
"fx":     -884,
"fy": 511.9778,
"fz": 461.6356,
"origX": -0.16724,
"origY": 0.090195,
"origZ": 0.028868,
"seedArr": "notSeed",
"colorb": "#F57D4F",
"colorw": "#F57D4F" 
},
{
 "id": "Bin.0.54",
"label": "Bin.0.54",
"size":       24,
"opacity":      0.7,
"fx": -896.0909,
"fy": 475.1778,
"fz":   492.16,
"origX": -0.16857,
"origY": 0.081915,
"origZ": 0.035736,
"seedArr": "notSeed",
"colorb": "#F57E50",
"colorw": "#F57E50" 
},
{
 "id": "Bin.0.50",
"label": "Bin.0.50",
"size":       24,
"opacity":     0.73,
"fx": -783.1818,
"fy": 745.5556,
"fz": 348.3804,
"origX": -0.15615,
"origY":  0.14275,
"origZ": 0.0033856,
"seedArr": "notSeed",
"colorb": "#F36941",
"colorw": "#F36941" 
},
{
 "id": "Bin.0.46",
"label": "Bin.0.46",
"size":       24,
"opacity":     0.73,
"fx": -780.3636,
"fy": 698.1778,
"fz":   112.92,
"origX": -0.15584,
"origY":  0.13209,
"origZ": -0.049593,
"seedArr": "notSeed",
"colorb": "#F46B42",
"colorw": "#F46B42" 
},
{
 "id": "Bin.0.42",
"label": "Bin.0.42",
"size":       24,
"opacity":     0.74,
"fx": -517.6364,
"fy": 829.4667,
"fz": 647.5244,
"origX": -0.12694,
"origY":  0.16163,
"origZ": 0.070693,
"seedArr": "notSeed",
"colorb": "#F3653E",
"colorw": "#F3653E" 
},
{
 "id": "Bin.0.38",
"label": "Bin.0.38",
"size":       24,
"opacity":     0.69,
"fx": -627.3636,
"fy": 478.3156,
"fz": 646.0578,
"origX": -0.13901,
"origY": 0.082621,
"origZ": 0.070363,
"seedArr": "notSeed",
"colorb": "#F68757",
"colorw": "#F68757" 
},
{
 "id": "Bin.0.34",
"label": "Bin.0.34",
"size":       24,
"opacity":     0.72,
"fx": -676.1818,
"fy": 711.5111,
"fz": 454.3333,
"origX": -0.14438,
"origY":  0.13509,
"origZ": 0.027225,
"seedArr": "notSeed",
"colorb": "#F47449",
"colorw": "#F47449" 
},
{
 "id": "Bin.0.30",
"label": "Bin.0.30",
"size":       24,
"opacity":     0.75,
"fx": -593.6364,
"fy": 894.2667,
"fz": 509.8222,
"origX":  -0.1353,
"origY":  0.17621,
"origZ":  0.03971,
"seedArr": "notSeed",
"colorb": "#F3603B",
"colorw": "#F3603B" 
},
{
 "id": "Bin.0.26",
"label": "Bin.0.26",
"size":       24,
"opacity":     0.75,
"fx": -611.8182,
"fy": 934.5778,
"fz": 219.0622,
"origX":  -0.1373,
"origY":  0.18528,
"origZ": -0.025711,
"seedArr": "notSeed",
"colorb": "#F25B37",
"colorw": "#F25B37" 
},
{
 "id": "Bin.0.22",
"label": "Bin.0.22",
"size":       24,
"opacity":     0.76,
"fx":     -765,
"fy": 780.8889,
"fz": -64.67111,
"origX": -0.15415,
"origY":   0.1507,
"origZ": -0.089551,
"seedArr": "notSeed",
"colorb": "#F25935",
"colorw": "#F25935" 
} 
],
"misc": "",
"ticks": {
 "x": [      -10,       -5,        0,        5,       10,       15,       20,       25,       30,       35,       40,       45 ],
"y": [      -10,       -5,        0,        5,       10,       15,       20,       25 ],
"z": [      -12,      -10,       -8,       -6,       -4,       -2,        0,        2,        4,        6,        8,       10 ] 
},
"ticksLoading": {
 "x": [    -0.18,    -0.16,    -0.14,    -0.12,     -0.1,    -0.08,    -0.06,    -0.04,    -0.02,        0,     0.02,     0.04 ],
"y": [    -0.25,     -0.2,    -0.15,     -0.1,    -0.05,        0,     0.05,      0.1,     0.15,      0.2 ],
"z": [     -0.3,    -0.25,     -0.2,    -0.15,     -0.1,    -0.05,        0,     0.05,      0.1,     0.15 ] 
},
"axis": [ "PC1 (31.5%)", "PC2 (14%)", "PC3 (8.9%)" ],
"axisLoading": [ "Loading 1", "Loading 2", "Loading 3" ],
"metaCol": {
 "label": [ "control", "patient" ],
"color": [ "#E6194B", "#3CB44B" ],
"type": null 
} 
}