{
 "omicstype": "",
"nodes": [
 {
 "id": "C002",
"label": "C002",
"size":       18,
"meta": "control",
"fx": -658.7153,
"fy": -677.3429,
"fz": -170.5656,
"origX": -0.61467,
"origY":  -1.4828,
"origZ": -0.53509,
"colorb": "#E6194B" 
},
{
 "id": "C004",
"label": "C004",
"size":       18,
"meta": "control",
"fx": -565.2036,
"fy":   -814.9,
"fz":  -202.75,
"origX":   1.9569,
"origY":  -3.4086,
"origZ": -0.82475,
"colorb": "#E6194B" 
},
{
 "id": "C005",
"label": "C005",
"size":       18,
"meta": "control",
"fx": -677.9782,
"fy": -640.4164,
"fz":    -35.8,
"origX":  -1.1444,
"origY": -0.96583,
"origZ":   0.6778,
"colorb": "#E6194B" 
},
{
 "id": "C006",
"label": "C006",
"size":       18,
"meta": "control",
"fx": -619.3284,
"fy": -655.5143,
"fz": 216.5111,
"origX":  0.46847,
"origY":  -1.1772,
"origZ":   2.9486,
"colorb": "#E6194B" 
},
{
 "id": "C007",
"label": "C007",
"size":       18,
"meta": "control",
"fx": -664.0436,
"fy": -705.9286,
"fz": 30.74444,
"origX":  -0.7612,
"origY":   -1.883,
"origZ":   1.2767,
"colorb": "#E6194B" 
},
{
 "id": "C009",
"label": "C009",
"size":       18,
"meta": "control",
"fx": -615.2604,
"fy": -640.8943,
"fz": 218.9444,
"origX":  0.58034,
"origY": -0.97252,
"origZ":   2.9705,
"colorb": "#E6194B" 
},
{
 "id": "C010",
"label": "C010",
"size":       18,
"meta": "control",
"fx": -661.4796,
"fy": -679.9571,
"fz": -87.72222,
"origX": -0.69069,
"origY":  -1.5194,
"origZ":   0.2105,
"colorb": "#E6194B" 
},
{
 "id": "C011",
"label": "C011",
"size":       18,
"meta": "control",
"fx": -379.6582,
"fy":   -869.4,
"fz": 25.57778,
"origX":   7.0594,
"origY":  -4.1716,
"origZ":   1.2302,
"colorb": "#E6194B" 
},
{
 "id": "C012",
"label": "C012",
"size":       18,
"meta": "control",
"fx": -594.7055,
"fy":  -732.45,
"fz": -144.9711,
"origX":   1.1456,
"origY":  -2.2543,
"origZ": -0.30474,
"colorb": "#E6194B" 
},
{
 "id": "C015",
"label": "C015",
"size":       18,
"meta": "control",
"fx": -600.9687,
"fy": -777.8929,
"fz": 25.34444,
"origX":  0.97336,
"origY":  -2.8905,
"origZ":   1.2281,
"colorb": "#E6194B" 
},
{
 "id": "C016",
"label": "C016",
"size":       18,
"meta": "control",
"fx":  -594.12,
"fy": -562.5571,
"fz": 202.3778,
"origX":   1.1617,
"origY":   0.1242,
"origZ":   2.8214,
"colorb": "#E6194B" 
},
{
 "id": "C017",
"label": "C017",
"size":       18,
"meta": "control",
"fx":  -686.24,
"fy": -713.2143,
"fz": -90.88889,
"origX":  -1.3716,
"origY":   -1.985,
"origZ":    0.182,
"colorb": "#E6194B" 
},
{
 "id": "C019",
"label": "C019",
"size":       18,
"meta": "control",
"fx":  -541.36,
"fy": -619.0307,
"fz": 622.9222,
"origX":   2.6126,
"origY": -0.66643,
"origZ":   6.6063,
"colorb": "#E6194B" 
},
{
 "id": "C020",
"label": "C020",
"size":       18,
"meta": "control",
"fx": -628.8462,
"fy": -643.9786,
"fz": 312.1889,
"origX":  0.20673,
"origY":  -1.0157,
"origZ":   3.8097,
"colorb": "#E6194B" 
},
{
 "id": "C021",
"label": "C021",
"size":       18,
"meta": "control",
"fx": -610.6513,
"fy":   -713.1,
"fz": 65.83333,
"origX":  0.70709,
"origY":  -1.9834,
"origZ":   1.5925,
"colorb": "#E6194B" 
},
{
 "id": "C022",
"label": "C022",
"size":       18,
"meta": "control",
"fx": -559.6109,
"fy": -789.1571,
"fz": 46.82222,
"origX":   2.1107,
"origY":  -3.0482,
"origZ":   1.4214,
"colorb": "#E6194B" 
},
{
 "id": "C024",
"label": "C024",
"size":       18,
"meta": "control",
"fx": -634.9951,
"fy": -734.4214,
"fz": -173.7611,
"origX": 0.037634,
"origY":  -2.2819,
"origZ": -0.56385,
"colorb": "#E6194B" 
},
{
 "id": "C026",
"label": "C026",
"size":       18,
"meta": "control",
"fx": -600.4091,
"fy": -709.1429,
"fz": 104.9889,
"origX":  0.98875,
"origY":   -1.928,
"origZ":   1.9449,
"colorb": "#E6194B" 
},
{
 "id": "C028",
"label": "C028",
"size":       18,
"meta": "control",
"fx": -612.7229,
"fy": -729.1286,
"fz": -186.5722,
"origX":  0.65012,
"origY":  -2.2078,
"origZ": -0.67915,
"colorb": "#E6194B" 
},
{
 "id": "C029",
"label": "C029",
"size":       18,
"meta": "control",
"fx": -668.844,
"fy": -665.0143,
"fz": -60.43667,
"origX": -0.89321,
"origY":  -1.3102,
"origZ":  0.45607,
"colorb": "#E6194B" 
},
{
 "id": "C030",
"label": "C030",
"size":       18,
"meta": "control",
"fx": -577.0618,
"fy": -663.1286,
"fz":    135.1,
"origX":   1.6308,
"origY":  -1.2838,
"origZ":   2.2159,
"colorb": "#E6194B" 
},
{
 "id": "C031",
"label": "C031",
"size":       18,
"meta": "control",
"fx": -490.4291,
"fy": -759.5786,
"fz": -23.82111,
"origX":   4.0132,
"origY":  -2.6341,
"origZ":  0.78561,
"colorb": "#E6194B" 
},
{
 "id": "C032",
"label": "C032",
"size":       18,
"meta": "control",
"fx": -581.1927,
"fy": -813.3357,
"fz": -66.39222,
"origX":   1.5172,
"origY":  -3.3867,
"origZ":  0.40247,
"colorb": "#E6194B" 
},
{
 "id": "C033",
"label": "C033",
"size":       18,
"meta": "control",
"fx": -601.9313,
"fy": -658.4857,
"fz":    787.4,
"origX":  0.94689,
"origY":  -1.2188,
"origZ":   8.0866,
"colorb": "#E6194B" 
},
{
 "id": "C034",
"label": "C034",
"size":       18,
"meta": "control",
"fx": -704.5491,
"fy": -639.8536,
"fz": -136.8622,
"origX":  -1.8751,
"origY": -0.95795,
"origZ": -0.23176,
"colorb": "#E6194B" 
},
{
 "id": "P002",
"label": "P002",
"size":       18,
"meta": "patient",
"fx": -600.3607,
"fy": -718.1929,
"fz": -423.1889,
"origX":  0.99008,
"origY":  -2.0547,
"origZ":  -2.8087,
"colorb": "#3CB44B" 
},
{
 "id": "P012",
"label": "P012",
"size":       18,
"meta": "patient",
"fx": -749.5564,
"fy": 290.2857,
"fz": 132.9444,
"origX":  -3.1128,
"origY":   12.064,
"origZ":   2.1965,
"colorb": "#3CB44B" 
},
{
 "id": "P014",
"label": "P014",
"size":       18,
"meta": "patient",
"fx": -814.2182,
"fy": -573.6954,
"fz": -476.9444,
"origX":   -4.891,
"origY": -0.031735,
"origZ":  -3.2925,
"colorb": "#3CB44B" 
},
{
 "id": "P027",
"label": "P027",
"size":       18,
"meta": "patient",
"fx": -767.6909,
"fy": -510.9807,
"fz": -252.6444,
"origX":  -3.6115,
"origY":  0.84627,
"origZ":  -1.2738,
"colorb": "#3CB44B" 
},
{
 "id": "P034",
"label": "P034",
"size":       18,
"meta": "patient",
"fx": -740.3527,
"fy": -614.2329,
"fz": -371.6222,
"origX":  -2.8597,
"origY": -0.59926,
"origZ":  -2.3446,
"colorb": "#3CB44B" 
},
{
 "id": "P037",
"label": "P037",
"size":       18,
"meta": "patient",
"fx": -587.0545,
"fy": -613.0064,
"fz":    168.8,
"origX":    1.356,
"origY": -0.58209,
"origZ":   2.5192,
"colorb": "#3CB44B" 
},
{
 "id": "P038",
"label": "P038",
"size":       18,
"meta": "patient",
"fx": -757.4727,
"fy": -445.8643,
"fz": -331.9333,
"origX":  -3.3305,
"origY":   1.7579,
"origZ":  -1.9874,
"colorb": "#3CB44B" 
},
{
 "id": "P041",
"label": "P041",
"size":       18,
"meta": "patient",
"fx":  -580.12,
"fy": 668.2857,
"fz": 381.8778,
"origX":   1.5467,
"origY":   17.356,
"origZ":   4.4369,
"colorb": "#3CB44B" 
},
{
 "id": "P042",
"label": "P042",
"size":       18,
"meta": "patient",
"fx": -819.8509,
"fy": -521.1843,
"fz": -259.9111,
"origX":  -5.0459,
"origY":  0.70342,
"origZ":  -1.3392,
"colorb": "#3CB44B" 
},
{
 "id": "P049",
"label": "P049",
"size":       18,
"meta": "patient",
"fx": -640.5229,
"fy": -703.2571,
"fz": -374.1556,
"origX": -0.11438,
"origY":  -1.8456,
"origZ":  -2.3674,
"colorb": "#3CB44B" 
},
{
 "id": "P056",
"label": "P056",
"size":       18,
"meta": "patient",
"fx": -640.0469,
"fy": -705.5643,
"fz": -358.2111,
"origX": -0.10129,
"origY":  -1.8779,
"origZ":  -2.2239,
"colorb": "#3CB44B" 
},
{
 "id": "P058",
"label": "P058",
"size":       18,
"meta": "patient",
"fx": -585.9745,
"fy": -537.3879,
"fz": 58.72222,
"origX":   1.3857,
"origY":  0.47657,
"origZ":   1.5285,
"colorb": "#3CB44B" 
},
{
 "id": "P060",
"label": "P060",
"size":       18,
"meta": "patient",
"fx": -683.9055,
"fy": -531.6929,
"fz": -327.3333,
"origX":  -1.3074,
"origY":   0.5563,
"origZ":   -1.946,
"colorb": "#3CB44B" 
},
{
 "id": "P064",
"label": "P064",
"size":       18,
"meta": "patient",
"fx": -823.7236,
"fy":  -423.95,
"fz": -432.0333,
"origX":  -5.1524,
"origY":   2.0647,
"origZ":  -2.8883,
"colorb": "#3CB44B" 
},
{
 "id": "P065",
"label": "P065",
"size":       18,
"meta": "patient",
"fx": -793.1309,
"fy": -470.7786,
"fz": -451.7667,
"origX":  -4.3111,
"origY":   1.4091,
"origZ":  -3.0659,
"colorb": "#3CB44B" 
},
{
 "id": "P070",
"label": "P070",
"size":       18,
"meta": "patient",
"fx": -693.8327,
"fy": -465.8071,
"fz": -172.3056,
"origX":  -1.5804,
"origY":   1.4787,
"origZ": -0.55075,
"colorb": "#3CB44B" 
},
{
 "id": "P080",
"label": "P080",
"size":       18,
"meta": "patient",
"fx": -659.2527,
"fy":   -334.2,
"fz": -168.6667,
"origX": -0.62945,
"origY":   3.3212,
"origZ":   -0.518,
"colorb": "#3CB44B" 
},
{
 "id": "P085",
"label": "P085",
"size":       18,
"meta": "patient",
"fx": -874.9964,
"fy":   -548.9,
"fz": -562.5889,
"origX":  -6.5624,
"origY":   0.3154,
"origZ":  -4.0633,
"colorb": "#3CB44B" 
},
{
 "id": "P086",
"label": "P086",
"size":       18,
"meta": "patient",
"fx": -749.3745,
"fy": -427.9143,
"fz": -379.2222,
"origX":  -3.1078,
"origY":   2.0092,
"origZ":   -2.413,
"colorb": "#3CB44B" 
},
{
 "id": "P089",
"label": "P089",
"size":       18,
"meta": "patient",
"fx": -839.1309,
"fy":  -373.85,
"fz":   -440.3,
"origX":  -5.5761,
"origY":   2.7661,
"origZ":  -2.9627,
"colorb": "#3CB44B" 
},
{
 "id": "P092",
"label": "P092",
"size":       18,
"meta": "patient",
"fx": -728.4036,
"fy": -569.1681,
"fz": -113.9464,
"origX":  -2.5311,
"origY": 0.031647,
"origZ": -0.025518,
"colorb": "#3CB44B" 
},
{
 "id": "P099",
"label": "P099",
"size":       18,
"meta": "patient",
"fx": -580.7091,
"fy": -883.7429,
"fz": -250.9778,
"origX":   1.5305,
"origY":  -4.3724,
"origZ":  -1.2588,
"colorb": "#3CB44B" 
},
{
 "id": "P113",
"label": "P113",
"size":       18,
"meta": "patient",
"fx":    602.8,
"fy": -224.6643,
"fz": -756.6667,
"origX":   34.077,
"origY":   4.8547,
"origZ":    -5.81,
"colorb": "#3CB44B" 
},
{
 "id": "P013b",
"label": "P013b",
"size":       18,
"meta": "patient",
"fx": -803.4836,
"fy": -293.9857,
"fz": -364.9333,
"origX":  -4.5958,
"origY":   3.8842,
"origZ":  -2.2844,
"colorb": "#3CB44B" 
},
{
 "id": "P100b",
"label": "P100b",
"size":       18,
"meta": "patient",
"fx": -777.5236,
"fy":  -430.15,
"fz": -442.7778,
"origX":  -3.8819,
"origY":   1.9779,
"origZ":   -2.985,
"colorb": "#3CB44B" 
} 
],
"meta": [ "control", "control", "control", "control", "control", "control", "control", "control", "control", "control", "control", "control", "control", "control", "control", "control", "control", "control", "control", "control", "control", "control", "control", "control", "control", "patient", "patient", "patient", "patient", "patient", "patient", "patient", "patient", "patient", "patient", "patient", "patient", "patient", "patient", "patient", "patient", "patient", "patient", "patient", "patient", "patient", "patient", "patient", "patient", "patient" ],
"loading": [
 {
 "id": "Bin.9.90",
"label": "Bin.9.90",
"size":       24,
"opacity":     0.77,
"fx": -123.3417,
"fy":  -305.16,
"fz": -545.7333,
"origX": -0.094801,
"origY": -0.12629,
"origZ": -0.19779,
"seedArr": "notSeed",
"colorb": "#F14D2D",
"colorw": "#F14D2D" 
},
{
 "id": "Bin.9.86",
"label": "Bin.9.86",
"size":       24,
"opacity":     0.67,
"fx": 61.29167,
"fy":   -11.56,
"fz": -128.6667,
"origX": -0.072645,
"origY": -0.05289,
"origZ": -0.10395,
"seedArr": "notSeed",
"colorb": "#F79762",
"colorw": "#F79762" 
},
{
 "id": "Bin.9.82",
"label": "Bin.9.82",
"size":       24,
"opacity":      0.7,
"fx":    -52.9,
"fy":  -349.36,
"fz":   128.12,
"origX": -0.086348,
"origY": -0.13734,
"origZ": -0.046173,
"seedArr": "notSeed",
"colorb": "#F58052",
"colorw": "#F58052" 
},
{
 "id": "Bin.9.46",
"label": "Bin.9.46",
"size":       24,
"opacity":     0.64,
"fx": -293.0833,
"fy": 191.7216,
"fz": 491.6489,
"origX": -0.11517,
"origY": -0.0020696,
"origZ": 0.035621,
"seedArr": "notSeed",
"colorb": "#F9AA6F",
"colorw": "#F9AA6F" 
},
{
 "id": "Bin.9.42",
"label": "Bin.9.42",
"size":       24,
"opacity":     0.75,
"fx": -499.8333,
"fy":  364.308,
"fz": -367.9111,
"origX": -0.13998,
"origY": 0.041077,
"origZ": -0.15778,
"seedArr": "notSeed",
"colorb": "#F35E39",
"colorw": "#F35E39" 
},
{
 "id": "Bin.9.38",
"label": "Bin.9.38",
"size":       24,
"opacity":     0.69,
"fx": -608.9167,
"fy":  158.012,
"fz": 277.2178,
"origX": -0.15307,
"origY": -0.010497,
"origZ": -0.012626,
"seedArr": "notSeed",
"colorb": "#F68857",
"colorw": "#F68857" 
},
{
 "id": "Bin.9.34",
"label": "Bin.9.34",
"size":       24,
"opacity":      0.8,
"fx": -400.8333,
"fy": -138.804,
"fz": -913.8667,
"origX":  -0.1281,
"origY": -0.084701,
"origZ": -0.28062,
"seedArr": "notSeed",
"colorb": "#F03B20",
"colorw": "#F03B20" 
},
{
 "id": "Bin.9.30",
"label": "Bin.9.30",
"size":       24,
"opacity":     0.68,
"fx": -477.4167,
"fy":   81.516,
"fz": 464.6356,
"origX": -0.13729,
"origY": -0.029621,
"origZ": 0.029543,
"seedArr": "notSeed",
"colorb": "#F7935F",
"colorw": "#F7935F" 
},
{
 "id": "Bin.9.26",
"label": "Bin.9.26",
"size":       24,
"opacity":     0.58,
"fx": 473.5917,
"fy": 214.5148,
"fz": 30.13333,
"origX": -0.023169,
"origY": 0.0036287,
"origZ": -0.06822,
"seedArr": "notSeed",
"colorb": "#FDD58F",
"colorw": "#FDD58F" 
},
{
 "id": "Bin.9.22",
"label": "Bin.9.22",
"size":       24,
"opacity":     0.66,
"fx":     -326,
"fy":    315.5,
"fz": 162.2667,
"origX": -0.11912,
"origY": 0.028875,
"origZ": -0.03849,
"seedArr": "notSeed",
"colorb": "#F8A069",
"colorw": "#F8A069" 
},
{
 "id": "Bin.9.18",
"label": "Bin.9.18",
"size":       24,
"opacity":     0.77,
"fx": -455.3333,
"fy": -156.368,
"fz": -500.7556,
"origX": -0.13464,
"origY": -0.089092,
"origZ": -0.18767,
"seedArr": "notSeed",
"colorb": "#F15130",
"colorw": "#F15130" 
},
{
 "id": "Bin.9.14",
"label": "Bin.9.14",
"size":       24,
"opacity":      0.6,
"fx": 212.1667,
"fy":   -9.708,
"fz": 468.4844,
"origX": -0.05454,
"origY": -0.052427,
"origZ": 0.030409,
"seedArr": "notSeed",
"colorb": "#FBC684",
"colorw": "#FBC684" 
},
{
 "id": "Bin.9.10",
"label": "Bin.9.10",
"size":       24,
"opacity":     0.71,
"fx": -660.5833,
"fy":   79.888,
"fz": 675.0222,
"origX": -0.15927,
"origY": -0.030028,
"origZ":  0.07688,
"seedArr": "notSeed",
"colorb": "#F57C4F",
"colorw": "#F57C4F" 
},
{
 "id": "Bin.9.06",
"label": "Bin.9.06",
"size":       24,
"opacity":      0.7,
"fx": -615.3333,
"fy":   80.376,
"fz": 646.2267,
"origX": -0.15384,
"origY": -0.029906,
"origZ": 0.070401,
"seedArr": "notSeed",
"colorb": "#F57E50",
"colorw": "#F57E50" 
},
{
 "id": "Bin.9.02",
"label": "Bin.9.02",
"size":       24,
"opacity":     0.69,
"fx":  -621.75,
"fy": 191.6388,
"fz": 479.5956,
"origX": -0.15461,
"origY": -0.0020903,
"origZ": 0.032909,
"seedArr": "notSeed",
"colorb": "#F68656",
"colorw": "#F68656" 
},
{
 "id": "Bin.8.98",
"label": "Bin.8.98",
"size":       24,
"opacity":     0.54,
"fx": 259.4333,
"fy":  291.588,
"fz":   217.92,
"origX": -0.048868,
"origY": 0.022897,
"origZ": -0.025968,
"seedArr": "notSeed",
"colorb": "#FEEDA3",
"colorw": "#FEEDA3" 
},
{
 "id": "Bin.8.94",
"label": "Bin.8.94",
"size":       24,
"opacity":      0.7,
"fx": -646.9167,
"fy":  242.624,
"fz": 358.7987,
"origX": -0.15763,
"origY": 0.010656,
"origZ": 0.0057297,
"seedArr": "notSeed",
"colorb": "#F68454",
"colorw": "#F68454" 
},
{
 "id": "Bin.8.90",
"label": "Bin.8.90",
"size":       24,
"opacity":     0.59,
"fx":     65.7,
"fy":  270.836,
"fz": 331.4406,
"origX": -0.072116,
"origY": 0.017709,
"origZ": -0.00042587,
"seedArr": "notSeed",
"colorb": "#FCD18C",
"colorw": "#FCD18C" 
},
{
 "id": "Bin.8.86",
"label": "Bin.8.86",
"size":       24,
"opacity":     0.54,
"fx": 179.4167,
"fy":  138.132,
"fz": 381.4267,
"origX": -0.05847,
"origY": -0.015467,
"origZ": 0.010821,
"seedArr": "notSeed",
"colorb": "#FEEDA1",
"colorw": "#FEEDA1" 
},
{
 "id": "Bin.8.82",
"label": "Bin.8.82",
"size":       24,
"opacity":      0.6,
"fx": 156.2917,
"fy":    68.56,
"fz": 480.9511,
"origX": -0.061245,
"origY": -0.03286,
"origZ": 0.033214,
"seedArr": "notSeed",
"colorb": "#FCCC88",
"colorw": "#FCCC88" 
},
{
 "id": "Bin.8.78",
"label": "Bin.8.78",
"size":       24,
"opacity":     0.67,
"fx": 276.2667,
"fy":   440.18,
"fz": -133.2444,
"origX": -0.046848,
"origY": 0.060045,
"origZ": -0.10498,
"seedArr": "notSeed",
"colorb": "#F89B65",
"colorw": "#F89B65" 
},
{
 "id": "Bin.8.74",
"label": "Bin.8.74",
"size":       24,
"opacity":     0.78,
"fx": 124.3833,
"fy":  436.944,
"fz": -894.5778,
"origX": -0.065074,
"origY": 0.059236,
"origZ": -0.27628,
"seedArr": "notSeed",
"colorb": "#F14829",
"colorw": "#F14829" 
},
{
 "id": "Bin.8.70",
"label": "Bin.8.70",
"size":       24,
"opacity":     0.78,
"fx": 222.7167,
"fy":  413.156,
"fz": -876.8444,
"origX": -0.053274,
"origY": 0.053289,
"origZ": -0.27229,
"seedArr": "notSeed",
"colorb": "#F14A2A",
"colorw": "#F14A2A" 
},
{
 "id": "Bin.8.66",
"label": "Bin.8.66",
"size":       24,
"opacity":     0.68,
"fx":  237.475,
"fy":  429.312,
"fz": -216.7111,
"origX": -0.051503,
"origY": 0.057328,
"origZ": -0.12376,
"seedArr": "notSeed",
"colorb": "#F78F5C",
"colorw": "#F78F5C" 
},
{
 "id": "Bin.8.62",
"label": "Bin.8.62",
"size":       24,
"opacity":     0.76,
"fx": 256.7083,
"fy":  404.128,
"fz": -598.6222,
"origX": -0.049195,
"origY": 0.051032,
"origZ": -0.20969,
"seedArr": "notSeed",
"colorb": "#F25B37",
"colorw": "#F25B37" 
},
{
 "id": "Bin.8.58",
"label": "Bin.8.58",
"size":       24,
"opacity":     0.65,
"fx": 202.6083,
"fy":   394.44,
"fz": -131.4667,
"origX": -0.055687,
"origY":  0.04861,
"origZ": -0.10458,
"seedArr": "notSeed",
"colorb": "#F8A26A",
"colorw": "#F8A26A" 
},
{
 "id": "Bin.8.54",
"label": "Bin.8.54",
"size":       24,
"opacity":     0.51,
"fx":  414.075,
"fy":    74.02,
"fz": 480.5689,
"origX": -0.030311,
"origY": -0.031495,
"origZ": 0.033128,
"seedArr": "notSeed",
"colorb": "#FEEEA9",
"colorw": "#FEEEA9" 
},
{
 "id": "Bin.8.50",
"label": "Bin.8.50",
"size":       24,
"opacity":     0.55,
"fx": 268.2583,
"fy":  297.104,
"fz": 186.7422,
"origX": -0.047809,
"origY": 0.024276,
"origZ": -0.032983,
"seedArr": "notSeed",
"colorb": "#FEEDA1",
"colorw": "#FEEDA1" 
},
{
 "id": "Bin.8.46",
"label": "Bin.8.46",
"size":       24,
"opacity":     0.46,
"fx": 423.7083,
"fy":  313.928,
"fz": 248.5467,
"origX": -0.029155,
"origY": 0.028482,
"origZ": -0.019077,
"seedArr": "notSeed",
"colorb": "#FDEFB7",
"colorw": "#FDEFB7" 
},
{
 "id": "Bin.8.42",
"label": "Bin.8.42",
"size":       24,
"opacity":      0.7,
"fx": 323.4083,
"fy":  474.788,
"fz": -293.3778,
"origX": -0.041191,
"origY": 0.068697,
"origZ": -0.14101,
"seedArr": "notSeed",
"colorb": "#F68253",
"colorw": "#F68253" 
},
{
 "id": "Bin.8.38",
"label": "Bin.8.38",
"size":       24,
"opacity":     0.68,
"fx":  367.025,
"fy":  448.724,
"fz": -248.4444,
"origX": -0.035957,
"origY": 0.062181,
"origZ":  -0.1309,
"seedArr": "notSeed",
"colorb": "#F68D5B",
"colorw": "#F68D5B" 
},
{
 "id": "Bin.8.34",
"label": "Bin.8.34",
"size":       24,
"opacity":      0.6,
"fx": 372.2917,
"fy":   277.52,
"fz": 28.09333,
"origX": -0.035325,
"origY":  0.01938,
"origZ": -0.068679,
"seedArr": "notSeed",
"colorb": "#FCCA86",
"colorw": "#FCCA86" 
},
{
 "id": "Bin.8.30",
"label": "Bin.8.30",
"size":       24,
"opacity":     0.64,
"fx": 316.8083,
"fy":  381.208,
"fz": -93.14667,
"origX": -0.041983,
"origY": 0.045302,
"origZ": -0.095958,
"seedArr": "notSeed",
"colorb": "#F9AC71",
"colorw": "#F9AC71" 
},
{
 "id": "Bin.8.26",
"label": "Bin.8.26",
"size":       24,
"opacity":     0.66,
"fx": 344.7583,
"fy":    433.7,
"fz":   -150.8,
"origX": -0.038629,
"origY": 0.058425,
"origZ": -0.10893,
"seedArr": "notSeed",
"colorb": "#F89C66",
"colorw": "#F89C66" 
},
{
 "id": "Bin.8.22",
"label": "Bin.8.22",
"size":       24,
"opacity":     0.61,
"fx":    500.3,
"fy":  345.256,
"fz": -15.00444,
"origX": -0.019964,
"origY": 0.036314,
"origZ": -0.078376,
"seedArr": "notSeed",
"colorb": "#FBC281",
"colorw": "#FBC281" 
},
{
 "id": "Bin.8.18",
"label": "Bin.8.18",
"size":       24,
"opacity":     0.38,
"fx": 478.2333,
"fy":  224.292,
"fz":   223.88,
"origX": -0.022612,
"origY": 0.006073,
"origZ": -0.024627,
"seedArr": "notSeed",
"colorb": "#FCF2CA",
"colorw": "#FCF2CA" 
},
{
 "id": "Bin.8.14",
"label": "Bin.8.14",
"size":       24,
"opacity":     0.65,
"fx":   337.45,
"fy":  392.684,
"fz": -143.2444,
"origX": -0.039506,
"origY": 0.048171,
"origZ": -0.10723,
"seedArr": "notSeed",
"colorb": "#F9A86E",
"colorw": "#F9A86E" 
},
{
 "id": "Bin.8.10",
"label": "Bin.8.10",
"size":       24,
"opacity":     0.47,
"fx":   380.55,
"fy": 225.3152,
"fz":   197.24,
"origX": -0.034334,
"origY": 0.0063288,
"origZ": -0.030621,
"seedArr": "notSeed",
"colorb": "#FEEFB5",
"colorw": "#FEEFB5" 
},
{
 "id": "Bin.8.06",
"label": "Bin.8.06",
"size":       24,
"opacity":     0.51,
"fx": 334.1083,
"fy":  258.776,
"fz": 175.5778,
"origX": -0.039907,
"origY": 0.014694,
"origZ": -0.035495,
"seedArr": "notSeed",
"colorb": "#FEEEA9",
"colorw": "#FEEEA9" 
},
{
 "id": "Bin.8.02",
"label": "Bin.8.02",
"size":       24,
"opacity":     0.52,
"fx":   406.25,
"fy": 167.2332,
"fz": 123.8889,
"origX": -0.03125,
"origY": -0.0081917,
"origZ": -0.047125,
"seedArr": "notSeed",
"colorb": "#FEEDA6",
"colorw": "#FEEDA6" 
},
{
 "id": "Bin.7.98",
"label": "Bin.7.98",
"size":       24,
"opacity":     0.34,
"fx": 548.9167,
"fy":  128.464,
"fz": 304.2249,
"origX": -0.01413,
"origY": -0.017884,
"origZ": -0.0065494,
"seedArr": "notSeed",
"colorb": "#FCF3D4",
"colorw": "#FCF3D4" 
},
{
 "id": "Bin.7.94",
"label": "Bin.7.94",
"size":       24,
"opacity":     0.41,
"fx": 448.6083,
"fy":  159.128,
"fz": 444.6933,
"origX": -0.026167,
"origY": -0.010218,
"origZ": 0.025056,
"seedArr": "notSeed",
"colorb": "#FDF1C3",
"colorw": "#FDF1C3" 
},
{
 "id": "Bin.7.90",
"label": "Bin.7.90",
"size":       24,
"opacity":     0.38,
"fx": 595.1425,
"fy":  301.052,
"fz": 241.5867,
"origX": -0.0085829,
"origY": 0.025263,
"origZ": -0.020643,
"seedArr": "notSeed",
"colorb": "#FCF2CB",
"colorw": "#FCF2CB" 
},
{
 "id": "Bin.7.86",
"label": "Bin.7.86",
"size":       24,
"opacity":     0.67,
"fx": 639.5667,
"fy": -134.552,
"fz": 824.5333,
"origX": -0.003252,
"origY": -0.083638,
"origZ":  0.11052,
"seedArr": "notSeed",
"colorb": "#F79561",
"colorw": "#F79561" 
},
{
 "id": "Bin.7.82",
"label": "Bin.7.82",
"size":       24,
"opacity":     0.69,
"fx":  622.975,
"fy": -159.524,
"fz": 884.3556,
"origX": -0.005243,
"origY": -0.089881,
"origZ":  0.12398,
"seedArr": "notSeed",
"colorb": "#F68A58",
"colorw": "#F68A58" 
},
{
 "id": "Bin.7.78",
"label": "Bin.7.78",
"size":       24,
"opacity":     0.49,
"fx": 359.1333,
"fy": 231.6012,
"fz": 180.3778,
"origX": -0.036904,
"origY": 0.0079003,
"origZ": -0.034415,
"seedArr": "notSeed",
"colorb": "#FEEEAE",
"colorw": "#FEEEAE" 
},
{
 "id": "Bin.7.74",
"label": "Bin.7.74",
"size":       24,
"opacity":     0.36,
"fx":  436.725,
"fy": 224.5308,
"fz": 274.4133,
"origX": -0.027593,
"origY": 0.0061327,
"origZ": -0.013257,
"seedArr": "notSeed",
"colorb": "#FCF2CF",
"colorw": "#FCF2CF" 
},
{
 "id": "Bin.7.70",
"label": "Bin.7.70",
"size":       24,
"opacity":     0.43,
"fx":  457.775,
"fy":  102.552,
"fz": 241.0978,
"origX": -0.025067,
"origY": -0.024362,
"origZ": -0.020753,
"seedArr": "notSeed",
"colorb": "#FDF0BD",
"colorw": "#FDF0BD" 
},
{
 "id": "Bin.7.66",
"label": "Bin.7.66",
"size":       24,
"opacity":     0.65,
"fx": 641.9908,
"fy": -109.004,
"fz": 782.5778,
"origX": -0.0029611,
"origY": -0.077251,
"origZ":  0.10108,
"seedArr": "notSeed",
"colorb": "#F8A46B",
"colorw": "#F8A46B" 
},
{
 "id": "Bin.7.62",
"label": "Bin.7.62",
"size":       24,
"opacity":     0.66,
"fx": 476.3417,
"fy":  -75.868,
"fz": 806.3556,
"origX": -0.022839,
"origY": -0.068967,
"origZ":  0.10643,
"seedArr": "notSeed",
"colorb": "#F89E67",
"colorw": "#F89E67" 
},
{
 "id": "Bin.7.58",
"label": "Bin.7.58",
"size":       24,
"opacity":     0.68,
"fx": 454.5583,
"fy": -120.984,
"fz": 857.8222,
"origX": -0.025453,
"origY": -0.080246,
"origZ":  0.11801,
"seedArr": "notSeed",
"colorb": "#F7915E",
"colorw": "#F7915E" 
},
{
 "id": "Bin.7.54",
"label": "Bin.7.54",
"size":       24,
"opacity":     0.69,
"fx": 573.4333,
"fy":  -133.28,
"fz": 898.3111,
"origX": -0.011188,
"origY": -0.08332,
"origZ":  0.12712,
"seedArr": "notSeed",
"colorb": "#F68B5A",
"colorw": "#F68B5A" 
},
{
 "id": "Bin.7.50",
"label": "Bin.7.50",
"size":       24,
"opacity":     0.51,
"fx": 290.9417,
"fy":  115.188,
"fz": 425.5378,
"origX": -0.045087,
"origY": -0.021203,
"origZ": 0.020746,
"seedArr": "notSeed",
"colorb": "#FEEEAA",
"colorw": "#FEEEAA" 
},
{
 "id": "Bin.7.46",
"label": "Bin.7.46",
"size":       24,
"opacity":     0.46,
"fx": 373.5417,
"fy":  246.576,
"fz": 210.7111,
"origX": -0.035175,
"origY": 0.011644,
"origZ": -0.02759,
"seedArr": "notSeed",
"colorb": "#FDEFB6",
"colorw": "#FDEFB6" 
},
{
 "id": "Bin.7.42",
"label": "Bin.7.42",
"size":       24,
"opacity":      0.3,
"fx": 587.5125,
"fy": 200.4354,
"fz": 321.3987,
"origX": -0.0094985,
"origY": 0.00010886,
"origZ": -0.0026853,
"seedArr": "notSeed",
"colorb": "#FCF4DE",
"colorw": "#FCF4DE" 
},
{
 "id": "Bin.7.38",
"label": "Bin.7.38",
"size":       24,
"opacity":     0.31,
"fx": 563.4917,
"fy": 189.1168,
"fz":  333.911,
"origX": -0.012381,
"origY": -0.0027208,
"origZ": 0.00012998,
"seedArr": "notSeed",
"colorb": "#FCF4DC",
"colorw": "#FCF4DC" 
},
{
 "id": "Bin.7.34",
"label": "Bin.7.34",
"size":       24,
"opacity":     0.31,
"fx":  576.825,
"fy": 183.5516,
"fz": 330.5459,
"origX": -0.010781,
"origY": -0.0041121,
"origZ": -0.00062718,
"seedArr": "notSeed",
"colorb": "#FCF4DD",
"colorw": "#FCF4DD" 
},
{
 "id": "Bin.7.30",
"label": "Bin.7.30",
"size":       24,
"opacity":     0.56,
"fx": 494.2667,
"fy":   20.196,
"fz": 513.3911,
"origX": -0.020688,
"origY": -0.044951,
"origZ": 0.040513,
"seedArr": "notSeed",
"colorb": "#FEE89C",
"colorw": "#FEE89C" 
},
{
 "id": "Bin.7.26",
"label": "Bin.7.26",
"size":       24,
"opacity":     0.41,
"fx": 498.8333,
"fy":   79.496,
"fz": 323.0342,
"origX": -0.02014,
"origY": -0.030126,
"origZ": -0.0023173,
"seedArr": "notSeed",
"colorb": "#FDF1C4",
"colorw": "#FDF1C4" 
},
{
 "id": "Bin.7.22",
"label": "Bin.7.22",
"size":       24,
"opacity":     0.48,
"fx":    576.8,
"fy":   24.096,
"fz":   427.88,
"origX": -0.010784,
"origY": -0.043976,
"origZ": 0.021273,
"seedArr": "notSeed",
"colorb": "#FEEFB1",
"colorw": "#FEEFB1" 
},
{
 "id": "Bin.7.18",
"label": "Bin.7.18",
"size":       24,
"opacity":     0.34,
"fx": 512.6167,
"fy":  148.796,
"fz": 323.6062,
"origX": -0.018486,
"origY": -0.012801,
"origZ": -0.0021886,
"seedArr": "notSeed",
"colorb": "#FCF3D5",
"colorw": "#FCF3D5" 
},
{
 "id": "Bin.7.14",
"label": "Bin.7.14",
"size":       24,
"opacity":     0.41,
"fx": 403.3083,
"fy": 165.4236,
"fz": 414.8489,
"origX": -0.031603,
"origY": -0.0086441,
"origZ": 0.018341,
"seedArr": "notSeed",
"colorb": "#FDF1C3",
"colorw": "#FDF1C3" 
},
{
 "id": "Bin.7.10",
"label": "Bin.7.10",
"size":       24,
"opacity":     0.35,
"fx":  497.975,
"fy": 217.6356,
"fz": 415.8756,
"origX": -0.020243,
"origY": 0.0044089,
"origZ": 0.018572,
"seedArr": "notSeed",
"colorb": "#FCF3D2",
"colorw": "#FCF3D2" 
},
{
 "id": "Bin.7.06",
"label": "Bin.7.06",
"size":       24,
"opacity":     0.38,
"fx": 531.6667,
"fy":  290.096,
"fz": 245.2311,
"origX":  -0.0162,
"origY": 0.022524,
"origZ": -0.019823,
"seedArr": "notSeed",
"colorb": "#FDF2C9",
"colorw": "#FDF2C9" 
},
{
 "id": "Bin.7.02",
"label": "Bin.7.02",
"size":       24,
"opacity":     0.46,
"fx":  361.625,
"fy":   258.72,
"fz": 238.9822,
"origX": -0.036605,
"origY":  0.01468,
"origZ": -0.021229,
"seedArr": "notSeed",
"colorb": "#FDF0B7",
"colorw": "#FDF0B7" 
},
{
 "id": "Bin.6.98",
"label": "Bin.6.98",
"size":       24,
"opacity":     0.49,
"fx": 274.3833,
"fy":  145.776,
"fz":   393.36,
"origX": -0.047074,
"origY": -0.013556,
"origZ": 0.013506,
"seedArr": "notSeed",
"colorb": "#FEEEAF",
"colorw": "#FEEEAF" 
},
{
 "id": "Bin.6.94",
"label": "Bin.6.94",
"size":       24,
"opacity":     0.74,
"fx": -716.8333,
"fy":    5.932,
"fz": 822.9778,
"origX": -0.16602,
"origY": -0.048517,
"origZ":  0.11017,
"seedArr": "notSeed",
"colorb": "#F36840",
"colorw": "#F36840" 
},
{
 "id": "Bin.6.90",
"label": "Bin.6.90",
"size":       24,
"opacity":     0.52,
"fx": 230.3167,
"fy": 181.4196,
"fz": 428.1778,
"origX": -0.052362,
"origY": -0.0046451,
"origZ":  0.02134,
"seedArr": "notSeed",
"colorb": "#FEEDA7",
"colorw": "#FEEDA7" 
},
{
 "id": "Bin.6.86",
"label": "Bin.6.86",
"size":       24,
"opacity":     0.56,
"fx": 189.8583,
"fy":  147.824,
"fz": 465.8667,
"origX": -0.057217,
"origY": -0.013044,
"origZ":  0.02982,
"seedArr": "notSeed",
"colorb": "#FEE298",
"colorw": "#FEE298" 
},
{
 "id": "Bin.6.82",
"label": "Bin.6.82",
"size":       24,
"opacity":     0.58,
"fx":    371.9,
"fy":  288.992,
"fz": 94.00444,
"origX": -0.035372,
"origY": 0.022248,
"origZ": -0.053849,
"seedArr": "notSeed",
"colorb": "#FDD991",
"colorw": "#FDD991" 
},
{
 "id": "Bin.6.78",
"label": "Bin.6.78",
"size":       24,
"opacity":     0.73,
"fx": -762.5833,
"fy":   16.552,
"fz": 783.3778,
"origX": -0.17151,
"origY": -0.045862,
"origZ":  0.10126,
"seedArr": "notSeed",
"colorb": "#F36A41",
"colorw": "#F36A41" 
},
{
 "id": "Bin.6.74",
"label": "Bin.6.74",
"size":       24,
"opacity":     0.73,
"fx": -786.8333,
"fy":   31.688,
"fz": 731.1111,
"origX": -0.17442,
"origY": -0.042078,
"origZ":   0.0895,
"seedArr": "notSeed",
"colorb": "#F46D44",
"colorw": "#F46D44" 
},
{
 "id": "Bin.6.70",
"label": "Bin.6.70",
"size":       24,
"opacity":     0.73,
"fx": -783.4167,
"fy":    0.196,
"fz": 746.3333,
"origX": -0.17401,
"origY": -0.049951,
"origZ": 0.092925,
"seedArr": "notSeed",
"colorb": "#F46B43",
"colorw": "#F46B43" 
},
{
 "id": "Bin.6.66",
"label": "Bin.6.66",
"size":       24,
"opacity":     0.74,
"fx":  -772.75,
"fy": -140.152,
"fz": 744.4089,
"origX": -0.17273,
"origY": -0.085038,
"origZ": 0.092492,
"seedArr": "notSeed",
"colorb": "#F3623C",
"colorw": "#F3623C" 
},
{
 "id": "Bin.6.62",
"label": "Bin.6.62",
"size":       24,
"opacity":     0.77,
"fx":  -666.25,
"fy":  -551.64,
"fz": 346.7898,
"origX": -0.15995,
"origY": -0.18791,
"origZ": 0.0030277,
"seedArr": "notSeed",
"colorb": "#F25331",
"colorw": "#F25331" 
},
{
 "id": "Bin.6.58",
"label": "Bin.6.58",
"size":       24,
"opacity":     0.77,
"fx": -637.6667,
"fy":  -584.28,
"fz":    341.3,
"origX": -0.15652,
"origY": -0.19607,
"origZ": 0.0017925,
"seedArr": "notSeed",
"colorb": "#F14F2E",
"colorw": "#F14F2E" 
},
{
 "id": "Bin.6.54",
"label": "Bin.6.54",
"size":       24,
"opacity":     0.78,
"fx": -612.1667,
"fy":  -665.24,
"fz": 207.3067,
"origX": -0.15346,
"origY": -0.21631,
"origZ": -0.028356,
"seedArr": "notSeed",
"colorb": "#F14B2C",
"colorw": "#F14B2C" 
},
{
 "id": "Bin.6.50",
"label": "Bin.6.50",
"size":       24,
"opacity":     0.79,
"fx":   766.45,
"fy":   -806.6,
"fz":   -394.8,
"origX": 0.011974,
"origY": -0.25165,
"origZ": -0.16383,
"seedArr": "notSeed",
"colorb": "#F04426",
"colorw": "#F04426" 
},
{
 "id": "Bin.6.46",
"label": "Bin.6.46",
"size":       24,
"opacity":      0.8,
"fx": 759.2417,
"fy":  -786.44,
"fz": -534.4889,
"origX": 0.011109,
"origY": -0.24661,
"origZ": -0.19526,
"seedArr": "notSeed",
"colorb": "#F03C21",
"colorw": "#F03C21" 
},
{
 "id": "Bin.6.42",
"label": "Bin.6.42",
"size":       24,
"opacity":     0.79,
"fx": -468.9167,
"fy":   -886.2,
"fz": 116.2756,
"origX": -0.13627,
"origY": -0.27155,
"origZ": -0.048838,
"seedArr": "notSeed",
"colorb": "#F04024",
"colorw": "#F04024" 
},
{
 "id": "Bin.6.38",
"label": "Bin.6.38",
"size":       24,
"opacity":     0.79,
"fx": 799.7833,
"fy":  -838.76,
"fz": -359.2889,
"origX": 0.015974,
"origY": -0.25969,
"origZ": -0.15584,
"seedArr": "notSeed",
"colorb": "#F04225",
"colorw": "#F04225" 
},
{
 "id": "Bin.6.34",
"label": "Bin.6.34",
"size":       24,
"opacity":     0.79,
"fx": -474.4167,
"fy":  -886.04,
"fz": 113.4844,
"origX": -0.13693,
"origY": -0.27151,
"origZ": -0.049466,
"seedArr": "notSeed",
"colorb": "#F03E22",
"colorw": "#F03E22" 
},
{
 "id": "Bin.6.30",
"label": "Bin.6.30",
"size":       24,
"opacity":     0.78,
"fx": 790.8417,
"fy":  -811.72,
"fz": -342.8444,
"origX": 0.014901,
"origY": -0.25293,
"origZ": -0.15214,
"seedArr": "notSeed",
"colorb": "#F04628",
"colorw": "#F04628" 
},
{
 "id": "Bin.4.38",
"label": "Bin.4.38",
"size":       24,
"opacity":     0.37,
"fx": 837.7667,
"fy":   158.76,
"fz": 429.3644,
"origX": 0.020532,
"origY": -0.01031,
"origZ": 0.021607,
"seedArr": "notSeed",
"colorb": "#FCF2CD",
"colorw": "#FCF2CD" 
},
{
 "id": "Bin.4.34",
"label": "Bin.4.34",
"size":       24,
"opacity":      0.6,
"fx": 757.8417,
"fy":  334.588,
"fz": 12.91556,
"origX": 0.010941,
"origY": 0.033647,
"origZ": -0.072094,
"seedArr": "notSeed",
"colorb": "#FBC885",
"colorw": "#FBC885" 
},
{
 "id": "Bin.4.30",
"label": "Bin.4.30",
"size":       24,
"opacity":     0.62,
"fx": 637.3958,
"fy":  316.012,
"fz": -95.53778,
"origX": -0.0035125,
"origY": 0.029003,
"origZ": -0.096496,
"seedArr": "notSeed",
"colorb": "#FABB7C",
"colorw": "#FABB7C" 
},
{
 "id": "Bin.4.26",
"label": "Bin.4.26",
"size":       24,
"opacity":     0.61,
"fx": 509.2083,
"fy":  345.792,
"fz": 7.293333,
"origX": -0.018895,
"origY": 0.036448,
"origZ": -0.073359,
"seedArr": "notSeed",
"colorb": "#FBC482",
"colorw": "#FBC482" 
},
{
 "id": "Bin.4.22",
"label": "Bin.4.22",
"size":       24,
"opacity":     0.56,
"fx": 680.6158,
"fy":  328.584,
"fz": 80.31556,
"origX": 0.0016739,
"origY": 0.032146,
"origZ": -0.056929,
"seedArr": "notSeed",
"colorb": "#FEE499",
"colorw": "#FEE499" 
},
{
 "id": "Bin.4.18",
"label": "Bin.4.18",
"size":       24,
"opacity":     0.44,
"fx": 626.5692,
"fy":  259.412,
"fz": 152.8133,
"origX": -0.0048117,
"origY": 0.014853,
"origZ": -0.040617,
"seedArr": "notSeed",
"colorb": "#FDF0BB",
"colorw": "#FDF0BB" 
},
{
 "id": "Bin.4.14",
"label": "Bin.4.14",
"size":       24,
"opacity":     0.59,
"fx":   642.51,
"fy":  296.576,
"fz": 9.306667,
"origX": -0.0028988,
"origY": 0.024144,
"origZ": -0.072906,
"seedArr": "notSeed",
"colorb": "#FCCD89",
"colorw": "#FCCD89" 
},
{
 "id": "Bin.4.10",
"label": "Bin.4.10",
"size":       24,
"opacity":     0.62,
"fx":    780.9,
"fy":  295.764,
"fz": -106.4711,
"origX": 0.013708,
"origY": 0.023941,
"origZ": -0.098956,
"seedArr": "notSeed",
"colorb": "#FAB97A",
"colorw": "#FAB97A" 
},
{
 "id": "Bin.4.06",
"label": "Bin.4.06",
"size":       24,
"opacity":      0.4,
"fx": 732.6008,
"fy":   63.652,
"fz":  374.328,
"origX": 0.0079121,
"origY": -0.034087,
"origZ": 0.0092238,
"seedArr": "notSeed",
"colorb": "#FDF1C5",
"colorw": "#FDF1C5" 
},
{
 "id": "Bin.4.02",
"label": "Bin.4.02",
"size":       24,
"opacity":     0.53,
"fx": 780.7583,
"fy": 193.4416,
"fz": 76.33333,
"origX": 0.013691,
"origY": -0.0016396,
"origZ": -0.057825,
"seedArr": "notSeed",
"colorb": "#FEEDA4",
"colorw": "#FEEDA4" 
},
{
 "id": "Bin.4.04",
"label": "Bin.4.04",
"size":       24,
"opacity":     0.37,
"fx": 746.7708,
"fy":   75.908,
"fz": 328.3302,
"origX": 0.0096125,
"origY": -0.031023,
"origZ": -0.0011257,
"seedArr": "notSeed",
"colorb": "#FCF2CD",
"colorw": "#FCF2CD" 
},
{
 "id": "Bin.3.98",
"label": "Bin.3.98",
"size":       24,
"opacity":     0.61,
"fx": 769.9917,
"fy":    -6.92,
"fz": 651.9511,
"origX": 0.012399,
"origY": -0.05173,
"origZ": 0.071689,
"seedArr": "notSeed",
"colorb": "#FBC080",
"colorw": "#FBC080" 
},
{
 "id": "Bin.3.94",
"label": "Bin.3.94",
"size":       24,
"opacity":     0.32,
"fx":   758.05,
"fy": 182.0348,
"fz": 370.8871,
"origX": 0.010966,
"origY": -0.0044913,
"origZ": 0.0084496,
"seedArr": "notSeed",
"colorb": "#FCF4DB",
"colorw": "#FCF4DB" 
},
{
 "id": "Bin.3.90",
"label": "Bin.3.90",
"size":       24,
"opacity":     0.48,
"fx": 729.0908,
"fy":  349.596,
"fz": 197.6356,
"origX": 0.0074909,
"origY": 0.037399,
"origZ": -0.030532,
"seedArr": "notSeed",
"colorb": "#FEEFB2",
"colorw": "#FEEFB2" 
},
{
 "id": "Bin.3.86",
"label": "Bin.3.86",
"size":       24,
"opacity":     0.47,
"fx": 745.9242,
"fy":  337.468,
"fz": 198.0133,
"origX": 0.0095109,
"origY": 0.034367,
"origZ": -0.030447,
"seedArr": "notSeed",
"colorb": "#FEEFB4",
"colorw": "#FEEFB4" 
},
{
 "id": "Bin.3.82",
"label": "Bin.3.82",
"size":       24,
"opacity":     0.34,
"fx": 780.2583,
"fy":  261.776,
"fz": 282.7067,
"origX": 0.013631,
"origY": 0.015444,
"origZ": -0.011391,
"seedArr": "notSeed",
"colorb": "#FCF3D5",
"colorw": "#FCF3D5" 
},
{
 "id": "Bin.3.78",
"label": "Bin.3.78",
"size":       24,
"opacity":     0.38,
"fx": 739.2325,
"fy":   267.68,
"fz": 211.1333,
"origX": 0.0087079,
"origY":  0.01692,
"origZ": -0.027495,
"seedArr": "notSeed",
"colorb": "#FCF2CB",
"colorw": "#FCF2CB" 
},
{
 "id": "Bin.3.74",
"label": "Bin.3.74",
"size":       24,
"opacity":     0.53,
"fx": 647.6408,
"fy":  365.612,
"fz": 152.4133,
"origX": -0.0022831,
"origY": 0.041403,
"origZ": -0.040707,
"seedArr": "notSeed",
"colorb": "#FEEDA5",
"colorw": "#FEEDA5" 
},
{
 "id": "Bin.3.70",
"label": "Bin.3.70",
"size":       24,
"opacity":     0.46,
"fx": 707.8808,
"fy":  319.916,
"fz": 177.6444,
"origX": 0.0049457,
"origY": 0.029979,
"origZ": -0.03503,
"seedArr": "notSeed",
"colorb": "#FDEFB5",
"colorw": "#FDEFB5" 
},
{
 "id": "Bin.3.66",
"label": "Bin.3.66",
"size":       24,
"opacity":     0.36,
"fx": 669.3349,
"fy": 200.8761,
"fz": 204.1111,
"origX": 0.00032019,
"origY": 0.00021903,
"origZ": -0.029075,
"seedArr": "notSeed",
"colorb": "#FCF3D0",
"colorw": "#FCF3D0" 
},
{
 "id": "Bin.3.62",
"label": "Bin.3.62",
"size":       24,
"opacity":     0.36,
"fx": 661.3419,
"fy":  213.172,
"fz": 208.4844,
"origX": -0.00063897,
"origY": 0.003293,
"origZ": -0.028091,
"seedArr": "notSeed",
"colorb": "#FCF3D1",
"colorw": "#FCF3D1" 
},
{
 "id": "Bin.3.58",
"label": "Bin.3.58",
"size":       24,
"opacity":     0.33,
"fx":  764.575,
"fy": 167.8736,
"fz": 401.4356,
"origX": 0.011749,
"origY": -0.0080316,
"origZ": 0.015323,
"seedArr": "notSeed",
"colorb": "#FCF3D6",
"colorw": "#FCF3D6" 
},
{
 "id": "Bin.3.54",
"label": "Bin.3.54",
"size":       24,
"opacity":     0.42,
"fx":   678.81,
"fy":   340.16,
"fz": 260.8578,
"origX": 0.0014572,
"origY":  0.03504,
"origZ": -0.016307,
"seedArr": "notSeed",
"colorb": "#FDF1C1",
"colorw": "#FDF1C1" 
},
{
 "id": "Bin.3.50",
"label": "Bin.3.50",
"size":       24,
"opacity":      0.5,
"fx": 734.7158,
"fy":  400.772,
"fz": 282.5378,
"origX": 0.0081659,
"origY": 0.050193,
"origZ": -0.011429,
"seedArr": "notSeed",
"colorb": "#FEEEAD",
"colorw": "#FEEEAD" 
},
{
 "id": "Bin.3.46",
"label": "Bin.3.46",
"size":       24,
"opacity":     0.45,
"fx": 774.2917,
"fy":  364.816,
"fz": 288.1467,
"origX": 0.012915,
"origY": 0.041204,
"origZ": -0.010167,
"seedArr": "notSeed",
"colorb": "#FDF0BA",
"colorw": "#FDF0BA" 
},
{
 "id": "Bin.3.42",
"label": "Bin.3.42",
"size":       24,
"opacity":     0.44,
"fx": 777.6083,
"fy":  361.168,
"fz": 327.1929,
"origX": 0.013313,
"origY": 0.040292,
"origZ": -0.0013816,
"seedArr": "notSeed",
"colorb": "#FDF0BC",
"colorw": "#FDF0BC" 
},
{
 "id": "Bin.3.38",
"label": "Bin.3.38",
"size":       24,
"opacity":     0.53,
"fx": 757.8833,
"fy":  356.164,
"fz": 148.8978,
"origX": 0.010946,
"origY": 0.039041,
"origZ": -0.041498,
"seedArr": "notSeed",
"colorb": "#FEEDA5",
"colorw": "#FEEDA5" 
},
{
 "id": "Bin.3.34",
"label": "Bin.3.34",
"size":       24,
"opacity":     0.33,
"fx":  757.425,
"fy":  146.288,
"fz":  300.504,
"origX": 0.010891,
"origY": -0.013428,
"origZ": -0.0073866,
"seedArr": "notSeed",
"colorb": "#FCF4D8",
"colorw": "#FCF4D8" 
},
{
 "id": "Bin.3.30",
"label": "Bin.3.30",
"size":       24,
"opacity":     0.31,
"fx": 596.6833,
"fy":  167.138,
"fz": 326.0849,
"origX": -0.008398,
"origY": -0.0082155,
"origZ": -0.0016309,
"seedArr": "notSeed",
"colorb": "#FCF4DD",
"colorw": "#FCF4DD" 
},
{
 "id": "Bin.3.26",
"label": "Bin.3.26",
"size":       24,
"opacity":     0.37,
"fx": 626.3317,
"fy": 196.4787,
"fz": 479.1511,
"origX": -0.0048402,
"origY": -0.00088032,
"origZ": 0.032809,
"seedArr": "notSeed",
"colorb": "#FCF2CC",
"colorw": "#FCF2CC" 
},
{
 "id": "Bin.3.22",
"label": "Bin.3.22",
"size":       24,
"opacity":     0.45,
"fx":    802.8,
"fy":  366.268,
"fz":  331.373,
"origX": 0.016336,
"origY": 0.041567,
"origZ": -0.00044108,
"seedArr": "notSeed",
"colorb": "#FDF0B9",
"colorw": "#FDF0B9" 
},
{
 "id": "Bin.3.18",
"label": "Bin.3.18",
"size":       24,
"opacity":     0.39,
"fx": 857.2333,
"fy": 164.5044,
"fz": 443.9778,
"origX": 0.022868,
"origY": -0.0088739,
"origZ": 0.024895,
"seedArr": "notSeed",
"colorb": "#FDF2C7",
"colorw": "#FDF2C7" 
},
{
 "id": "Bin.3.14",
"label": "Bin.3.14",
"size":       24,
"opacity":     0.43,
"fx": 763.3833,
"fy":  112.444,
"fz": 482.1378,
"origX": 0.011606,
"origY": -0.021889,
"origZ": 0.033481,
"seedArr": "notSeed",
"colorb": "#FDF0BD",
"colorw": "#FDF0BD" 
},
{
 "id": "Bin.3.10",
"label": "Bin.3.10",
"size":       24,
"opacity":      0.4,
"fx": 652.2492,
"fy":  267.684,
"fz": 191.6889,
"origX": -0.0017301,
"origY": 0.016921,
"origZ": -0.03187,
"seedArr": "notSeed",
"colorb": "#FDF1C6",
"colorw": "#FDF1C6" 
},
{
 "id": "Bin.3.06",
"label": "Bin.3.06",
"size":       24,
"opacity":      0.4,
"fx": 685.0683,
"fy":    61.76,
"fz": 380.8444,
"origX": 0.0022082,
"origY": -0.03456,
"origZ":  0.01069,
"seedArr": "notSeed",
"colorb": "#FDF1C5",
"colorw": "#FDF1C5" 
},
{
 "id": "Bin.3.02",
"label": "Bin.3.02",
"size":       24,
"opacity":     0.34,
"fx": 768.1583,
"fy":  116.868,
"fz": 374.5138,
"origX": 0.012179,
"origY": -0.020783,
"origZ": 0.0092656,
"seedArr": "notSeed",
"colorb": "#FCF3D3",
"colorw": "#FCF3D3" 
},
{
 "id": "Bin.3.04",
"label": "Bin.3.04",
"size":       24,
"opacity":     0.42,
"fx": 697.9767,
"fy":   54.384,
"fz": 385.9689,
"origX": 0.0037572,
"origY": -0.036404,
"origZ": 0.011843,
"seedArr": "notSeed",
"colorb": "#FDF1C1",
"colorw": "#FDF1C1" 
},
{
 "id": "Bin.2.98",
"label": "Bin.2.98",
"size":       24,
"opacity":      0.5,
"fx": 701.8042,
"fy":  397.248,
"fz":   266.84,
"origX": 0.0042165,
"origY": 0.049312,
"origZ": -0.014961,
"seedArr": "notSeed",
"colorb": "#FEEEAD",
"colorw": "#FEEEAD" 
},
{
 "id": "Bin.2.94",
"label": "Bin.2.94",
"size":       24,
"opacity":     0.43,
"fx": 757.5417,
"fy":  325.676,
"fz": 429.2622,
"origX": 0.010905,
"origY": 0.031419,
"origZ": 0.021584,
"seedArr": "notSeed",
"colorb": "#FDF0BF",
"colorw": "#FDF0BF" 
},
{
 "id": "Bin.2.90",
"label": "Bin.2.90",
"size":       24,
"opacity":     0.31,
"fx":  779.325,
"fy": 204.7168,
"fz":  345.548,
"origX": 0.013519,
"origY": 0.0011792,
"origZ": 0.0027483,
"seedArr": "notSeed",
"colorb": "#FCF4DB",
"colorw": "#FCF4DB" 
},
{
 "id": "Bin.2.86",
"label": "Bin.2.86",
"size":       24,
"opacity":     0.39,
"fx":    725.6,
"fy":  331.464,
"fz": 367.6991,
"origX": 0.007072,
"origY": 0.032866,
"origZ": 0.0077323,
"seedArr": "notSeed",
"colorb": "#FDF2C8",
"colorw": "#FDF2C8" 
},
{
 "id": "Bin.2.82",
"label": "Bin.2.82",
"size":       24,
"opacity":     0.33,
"fx": 735.9842,
"fy":  258.064,
"fz": 374.4342,
"origX": 0.0083181,
"origY": 0.014516,
"origZ": 0.0092477,
"seedArr": "notSeed",
"colorb": "#FCF4D7",
"colorw": "#FCF4D7" 
},
{
 "id": "Bin.2.78",
"label": "Bin.2.78",
"size":       24,
"opacity":     0.33,
"fx":   692.79,
"fy":  274.936,
"fz": 313.9089,
"origX": 0.0031348,
"origY": 0.018734,
"origZ": -0.0043705,
"seedArr": "notSeed",
"colorb": "#FCF3D7",
"colorw": "#FCF3D7" 
},
{
 "id": "Bin.2.74",
"label": "Bin.2.74",
"size":       24,
"opacity":     0.32,
"fx": 629.6008,
"fy":  133.096,
"fz": 313.5689,
"origX": -0.0044479,
"origY": -0.016726,
"origZ": -0.004447,
"seedArr": "notSeed",
"colorb": "#FCF4D9",
"colorw": "#FCF4D9" 
},
{
 "id": "Bin.2.70",
"label": "Bin.2.70",
"size":       24,
"opacity":     0.62,
"fx":    801.4,
"fy":  -13.156,
"fz": 702.2178,
"origX": 0.016168,
"origY": -0.053289,
"origZ": 0.082999,
"seedArr": "notSeed",
"colorb": "#FABC7D",
"colorw": "#FABC7D" 
},
{
 "id": "Bin.2.66",
"label": "Bin.2.66",
"size":       24,
"opacity":     0.63,
"fx": 852.5833,
"fy":     60.4,
"fz": 761.9689,
"origX":  0.02231,
"origY":  -0.0349,
"origZ": 0.096443,
"seedArr": "notSeed",
"colorb": "#FAB578",
"colorw": "#FAB578" 
},
{
 "id": "Bin.2.62",
"label": "Bin.2.62",
"size":       24,
"opacity":     0.42,
"fx":   776.75,
"fy": 182.0368,
"fz": 496.6311,
"origX":  0.01321,
"origY": -0.0044908,
"origZ": 0.036742,
"seedArr": "notSeed",
"colorb": "#FDF1C0",
"colorw": "#FDF1C0" 
},
{
 "id": "Bin.2.58",
"label": "Bin.2.58",
"size":       24,
"opacity":     0.58,
"fx": 706.6442,
"fy":   83.172,
"fz": 610.3911,
"origX": 0.0047973,
"origY": -0.029207,
"origZ": 0.062338,
"seedArr": "notSeed",
"colorb": "#FDD790",
"colorw": "#FDD790" 
},
{
 "id": "Bin.2.54",
"label": "Bin.2.54",
"size":       24,
"opacity":     0.63,
"fx":  830.275,
"fy":   -2.872,
"fz":   734.16,
"origX": 0.019633,
"origY": -0.050718,
"origZ": 0.090186,
"seedArr": "notSeed",
"colorb": "#FAB376",
"colorw": "#FAB376" 
},
{
 "id": "Bin.2.50",
"label": "Bin.2.50",
"size":       24,
"opacity":     0.37,
"fx": 698.5633,
"fy":  188.452,
"fz": 471.5556,
"origX": 0.0038276,
"origY": -0.002887,
"origZ":   0.0311,
"seedArr": "notSeed",
"colorb": "#FCF2CE",
"colorw": "#FCF2CE" 
},
{
 "id": "Bin.2.46",
"label": "Bin.2.46",
"size":       24,
"opacity":     0.36,
"fx": 769.4583,
"fy": 210.7852,
"fz": 457.6089,
"origX": 0.012335,
"origY": 0.0026963,
"origZ": 0.027962,
"seedArr": "notSeed",
"colorb": "#FCF3CF",
"colorw": "#FCF3CF" 
},
{
 "id": "Bin.2.42",
"label": "Bin.2.42",
"size":       24,
"opacity":     0.32,
"fx": 733.6517,
"fy":  243.652,
"fz": 304.2569,
"origX": 0.0080382,
"origY": 0.010913,
"origZ": -0.0065422,
"seedArr": "notSeed",
"colorb": "#FCF4DA",
"colorw": "#FCF4DA" 
},
{
 "id": "Bin.2.38",
"label": "Bin.2.38",
"size":       24,
"opacity":     0.39,
"fx": 680.1367,
"fy":    299.7,
"fz": 229.1911,
"origX": 0.0016164,
"origY": 0.024925,
"origZ": -0.023432,
"seedArr": "notSeed",
"colorb": "#FDF2C9",
"colorw": "#FDF2C9" 
},
{
 "id": "Bin.2.34",
"label": "Bin.2.34",
"size":       24,
"opacity":     0.35,
"fx": 632.6333,
"fy":   90.964,
"fz": 327.9911,
"origX": -0.004084,
"origY": -0.027259,
"origZ": -0.001202,
"seedArr": "notSeed",
"colorb": "#FCF3D3",
"colorw": "#FCF3D3" 
},
{
 "id": "Bin.2.30",
"label": "Bin.2.30",
"size":       24,
"opacity":     0.57,
"fx": 624.7817,
"fy":  391.256,
"fz": 129.6933,
"origX": -0.0050262,
"origY": 0.047814,
"origZ": -0.045819,
"seedArr": "notSeed",
"colorb": "#FDE097",
"colorw": "#FDE097" 
},
{
 "id": "Bin.2.26",
"label": "Bin.2.26",
"size":       24,
"opacity":     0.45,
"fx": 654.2258,
"fy":  318.028,
"fz": 185.5244,
"origX": -0.0014929,
"origY": 0.029507,
"origZ": -0.033257,
"seedArr": "notSeed",
"colorb": "#FDF0B9",
"colorw": "#FDF0B9" 
},
{
 "id": "Bin.2.22",
"label": "Bin.2.22",
"size":       24,
"opacity":     0.55,
"fx": 684.1783,
"fy":  364.736,
"fz": 118.4667,
"origX": 0.0021014,
"origY": 0.041184,
"origZ": -0.048345,
"seedArr": "notSeed",
"colorb": "#FEEC9F",
"colorw": "#FEEC9F" 
},
{
 "id": "Bin.2.18",
"label": "Bin.2.18",
"size":       24,
"opacity":      0.3,
"fx":   641.68,
"fy": 215.5728,
"fz": 305.8364,
"origX": -0.0029984,
"origY": 0.0038932,
"origZ": -0.0061868,
"seedArr": "notSeed",
"colorb": "#FCF5DF",
"colorw": "#FCF5DF" 
},
{
 "id": "Bin.2.14",
"label": "Bin.2.14",
"size":       24,
"opacity":      0.4,
"fx": 661.6917,
"fy":  330.256,
"fz": 264.1956,
"origX": -0.000597,
"origY": 0.032564,
"origZ": -0.015556,
"seedArr": "notSeed",
"colorb": "#FDF1C7",
"colorw": "#FDF1C7" 
},
{
 "id": "Bin.2.10",
"label": "Bin.2.10",
"size":       24,
"opacity":     0.54,
"fx":    574.7,
"fy":  375.792,
"fz":   153.08,
"origX": -0.011036,
"origY": 0.043948,
"origZ": -0.040557,
"seedArr": "notSeed",
"colorb": "#FEEDA2",
"colorw": "#FEEDA2" 
},
{
 "id": "Bin.2.06",
"label": "Bin.2.06",
"size":       24,
"opacity":     0.47,
"fx":   576.55,
"fy":  326.376,
"fz": 178.1644,
"origX": -0.010814,
"origY": 0.031594,
"origZ": -0.034913,
"seedArr": "notSeed",
"colorb": "#FEEFB3",
"colorw": "#FEEFB3" 
},
{
 "id": "Bin.2.02",
"label": "Bin.2.02",
"size":       24,
"opacity":     0.41,
"fx": 645.5142,
"fy":  327.276,
"fz": 240.8622,
"origX": -0.0025383,
"origY": 0.031819,
"origZ": -0.020806,
"seedArr": "notSeed",
"colorb": "#FDF1C2",
"colorw": "#FDF1C2" 
},
{
 "id": "Bin.1.98",
"label": "Bin.1.98",
"size":       24,
"opacity":     0.49,
"fx": 588.0308,
"fy":   362.88,
"fz": 207.1067,
"origX": -0.0094363,
"origY":  0.04072,
"origZ": -0.028401,
"seedArr": "notSeed",
"colorb": "#FEEFB0",
"colorw": "#FEEFB0" 
},
{
 "id": "Bin.1.94",
"label": "Bin.1.94",
"size":       24,
"opacity":     0.44,
"fx":  576.625,
"fy":  334.988,
"fz": 217.2356,
"origX": -0.010805,
"origY": 0.033747,
"origZ": -0.026122,
"seedArr": "notSeed",
"colorb": "#FDF0BB",
"colorw": "#FDF0BB" 
},
{
 "id": "Bin.1.90",
"label": "Bin.1.90",
"size":       24,
"opacity":     0.43,
"fx": 612.4908,
"fy":  336.624,
"fz":   245.28,
"origX": -0.0065011,
"origY": 0.034156,
"origZ": -0.019812,
"seedArr": "notSeed",
"colorb": "#FDF0BE",
"colorw": "#FDF0BE" 
},
{
 "id": "Bin.1.86",
"label": "Bin.1.86",
"size":       24,
"opacity":      0.5,
"fx": 519.0917,
"fy":  375.124,
"fz": 227.4489,
"origX": -0.017709,
"origY": 0.043781,
"origZ": -0.023824,
"seedArr": "notSeed",
"colorb": "#FEEEAB",
"colorw": "#FEEEAB" 
},
{
 "id": "Bin.1.82",
"label": "Bin.1.82",
"size":       24,
"opacity":      0.5,
"fx": 532.4083,
"fy":  367.684,
"fz": 213.0444,
"origX": -0.016111,
"origY": 0.041921,
"origZ": -0.027065,
"seedArr": "notSeed",
"colorb": "#FEEEAC",
"colorw": "#FEEEAC" 
},
{
 "id": "Bin.1.78",
"label": "Bin.1.78",
"size":       24,
"opacity":     0.52,
"fx":   538.05,
"fy":  396.312,
"fz": 233.7822,
"origX": -0.015434,
"origY": 0.049078,
"origZ": -0.022399,
"seedArr": "notSeed",
"colorb": "#FEEDA7",
"colorw": "#FEEDA7" 
},
{
 "id": "Bin.1.74",
"label": "Bin.1.74",
"size":       24,
"opacity":     0.55,
"fx": 558.4417,
"fy":  436.204,
"fz":   244.28,
"origX": -0.012987,
"origY": 0.059051,
"origZ": -0.020037,
"seedArr": "notSeed",
"colorb": "#FEEA9D",
"colorw": "#FEEA9D" 
},
{
 "id": "Bin.1.70",
"label": "Bin.1.70",
"size":       24,
"opacity":     0.59,
"fx": 553.4083,
"fy":  451.084,
"fz": 166.8667,
"origX": -0.013591,
"origY": 0.062771,
"origZ": -0.037455,
"seedArr": "notSeed",
"colorb": "#FCCF8B",
"colorw": "#FCCF8B" 
},
{
 "id": "Bin.1.66",
"label": "Bin.1.66",
"size":       24,
"opacity":     0.57,
"fx":  560.775,
"fy":   394.44,
"fz": 138.9867,
"origX": -0.012707,
"origY":  0.04861,
"origZ": -0.043728,
"seedArr": "notSeed",
"colorb": "#FDDE95",
"colorw": "#FDDE95" 
},
{
 "id": "Bin.1.62",
"label": "Bin.1.62",
"size":       24,
"opacity":     0.58,
"fx": 569.6417,
"fy":  409.828,
"fz": 153.5822,
"origX": -0.011643,
"origY": 0.052457,
"origZ": -0.040444,
"seedArr": "notSeed",
"colorb": "#FDDB93",
"colorw": "#FDDB93" 
},
{
 "id": "Bin.1.58",
"label": "Bin.1.58",
"size":       24,
"opacity":     0.56,
"fx":   592.84,
"fy":  409.208,
"fz": 166.6267,
"origX": -0.0088592,
"origY": 0.052302,
"origZ": -0.037509,
"seedArr": "notSeed",
"colorb": "#FEE69B",
"colorw": "#FEE69B" 
},
{
 "id": "Bin.1.54",
"label": "Bin.1.54",
"size":       24,
"opacity":     0.51,
"fx": 606.6808,
"fy":  405.908,
"fz":   279.84,
"origX": -0.0071983,
"origY": 0.051477,
"origZ": -0.012036,
"seedArr": "notSeed",
"colorb": "#FEEEAB",
"colorw": "#FEEEAB" 
},
{
 "id": "Bin.1.50",
"label": "Bin.1.50",
"size":       24,
"opacity":     0.55,
"fx": 536.8083,
"fy":  430.136,
"fz": 243.3111,
"origX": -0.015583,
"origY": 0.057534,
"origZ": -0.020255,
"seedArr": "notSeed",
"colorb": "#FEEDA0",
"colorw": "#FEEDA0" 
},
{
 "id": "Bin.1.46",
"label": "Bin.1.46",
"size":       24,
"opacity":     0.54,
"fx":  550.925,
"fy":  420.748,
"fz": 254.6844,
"origX": -0.013889,
"origY": 0.055187,
"origZ": -0.017696,
"seedArr": "notSeed",
"colorb": "#FEEDA3",
"colorw": "#FEEDA3" 
},
{
 "id": "Bin.1.42",
"label": "Bin.1.42",
"size":       24,
"opacity":     0.59,
"fx":  510.725,
"fy":  453.172,
"fz": 193.6044,
"origX": -0.018713,
"origY": 0.063293,
"origZ": -0.031439,
"seedArr": "notSeed",
"colorb": "#FCD38D",
"colorw": "#FCD38D" 
},
{
 "id": "Bin.1.38",
"label": "Bin.1.38",
"size":       24,
"opacity":     0.52,
"fx":  558.425,
"fy":  373.276,
"fz": 187.2222,
"origX": -0.012989,
"origY": 0.043319,
"origZ": -0.032875,
"seedArr": "notSeed",
"colorb": "#FEEEA8",
"colorw": "#FEEEA8" 
},
{
 "id": "Bin.1.34",
"label": "Bin.1.34",
"size":       24,
"opacity":     0.47,
"fx": 755.4833,
"fy":    336.9,
"fz": 193.5867,
"origX": 0.010658,
"origY": 0.034225,
"origZ": -0.031443,
"seedArr": "notSeed",
"colorb": "#FEEFB3",
"colorw": "#FEEFB3" 
},
{
 "id": "Bin.1.30",
"label": "Bin.1.30",
"size":       24,
"opacity":     0.45,
"fx": 789.6833,
"fy":  300.304,
"fz":   182.08,
"origX": 0.014762,
"origY": 0.025076,
"origZ": -0.034032,
"seedArr": "notSeed",
"colorb": "#FDF0B8",
"colorw": "#FDF0B8" 
},
{
 "id": "Bin.1.26",
"label": "Bin.1.26",
"size":       24,
"opacity":     0.32,
"fx":   728.83,
"fy":   265.16,
"fz":  324.256,
"origX": 0.0074596,
"origY":  0.01629,
"origZ": -0.0020424,
"seedArr": "notSeed",
"colorb": "#FCF4D9",
"colorw": "#FCF4D9" 
},
{
 "id": "Bin.1.22",
"label": "Bin.1.22",
"size":       24,
"opacity":     0.35,
"fx": 650.4625,
"fy":  278.332,
"fz": 243.5511,
"origX": -0.0019445,
"origY": 0.019583,
"origZ": -0.020201,
"seedArr": "notSeed",
"colorb": "#FCF3D1",
"colorw": "#FCF3D1" 
},
{
 "id": "Bin.1.18",
"label": "Bin.1.18",
"size":       24,
"opacity":     0.48,
"fx": 628.2608,
"fy":  336.256,
"fz":    169.4,
"origX": -0.0046087,
"origY": 0.034064,
"origZ": -0.036885,
"seedArr": "notSeed",
"colorb": "#FEEFB1",
"colorw": "#FEEFB1" 
},
{
 "id": "Bin.1.14",
"label": "Bin.1.14",
"size":       24,
"opacity":     0.49,
"fx": 497.1333,
"fy":  324.796,
"fz": 181.0578,
"origX": -0.020344,
"origY": 0.031199,
"origZ": -0.034262,
"seedArr": "notSeed",
"colorb": "#FEEEAF",
"colorw": "#FEEEAF" 
},
{
 "id": "Bin.1.10",
"label": "Bin.1.10",
"size":       24,
"opacity":     0.42,
"fx":    524.1,
"fy":  342.592,
"fz": 332.2828,
"origX": -0.017108,
"origY": 0.035648,
"origZ": -0.00023636,
"seedArr": "notSeed",
"colorb": "#FDF1BF",
"colorw": "#FDF1BF" 
},
{
 "id": "Bin.1.06",
"label": "Bin.1.06",
"size":       24,
"opacity":     0.57,
"fx":   507.25,
"fy":  444.236,
"fz": 250.5156,
"origX": -0.01913,
"origY": 0.061059,
"origZ": -0.018634,
"seedArr": "notSeed",
"colorb": "#FDDC94",
"colorw": "#FDDC94" 
},
{
 "id": "Bin.1.02",
"label": "Bin.1.02",
"size":       24,
"opacity":     0.63,
"fx": 451.5833,
"fy":   530.78,
"fz":    82.36,
"origX": -0.02581,
"origY": 0.082695,
"origZ": -0.056469,
"seedArr": "notSeed",
"colorb": "#FAB779",
"colorw": "#FAB779" 
},
{
 "id": "Bin.0.98",
"label": "Bin.0.98",
"size":       24,
"opacity":     0.64,
"fx": 494.5333,
"fy":  539.952,
"fz": 16.12444,
"origX": -0.020656,
"origY": 0.084988,
"origZ": -0.071372,
"seedArr": "notSeed",
"colorb": "#F9AD72",
"colorw": "#F9AD72" 
},
{
 "id": "Bin.0.94",
"label": "Bin.0.94",
"size":       24,
"opacity":     0.64,
"fx":  495.725,
"fy":   511.94,
"fz": -12.00444,
"origX": -0.020513,
"origY": 0.077985,
"origZ": -0.077701,
"seedArr": "notSeed",
"colorb": "#F9AF73",
"colorw": "#F9AF73" 
},
{
 "id": "Bin.0.90",
"label": "Bin.0.90",
"size":       24,
"opacity":     0.61,
"fx":    569.8,
"fy":  463.812,
"fz": 65.53333,
"origX": -0.011624,
"origY": 0.065953,
"origZ": -0.060255,
"seedArr": "notSeed",
"colorb": "#FBBE7E",
"colorw": "#FBBE7E" 
},
{
 "id": "Bin.0.86",
"label": "Bin.0.86",
"size":       24,
"opacity":     0.63,
"fx":  553.325,
"fy":  500.628,
"fz": -0.06666667,
"origX": -0.013601,
"origY": 0.075157,
"origZ": -0.075015,
"seedArr": "notSeed",
"colorb": "#FAB175",
"colorw": "#FAB175" 
},
{
 "id": "Bin.0.82",
"label": "Bin.0.82",
"size":       24,
"opacity":     0.67,
"fx": 419.5417,
"fy":   600.64,
"fz":   -31.24,
"origX": -0.029655,
"origY":  0.10016,
"origZ": -0.082029,
"seedArr": "notSeed",
"colorb": "#F79963",
"colorw": "#F79963" 
},
{
 "id": "Bin.0.78",
"label": "Bin.0.78",
"size":       24,
"opacity":     0.65,
"fx": 305.1417,
"fy":   584.74,
"fz":    37.08,
"origX": -0.043383,
"origY": 0.096185,
"origZ": -0.066657,
"seedArr": "notSeed",
"colorb": "#F9A66D",
"colorw": "#F9A66D" 
},
{
 "id": "Bin.0.74",
"label": "Bin.0.74",
"size":       24,
"opacity":     0.71,
"fx": -761.3333,
"fy": 203.3764,
"fz": 698.3689,
"origX": -0.17136,
"origY": 0.00084409,
"origZ": 0.082133,
"seedArr": "notSeed",
"colorb": "#F5794C",
"colorw": "#F5794C" 
},
{
 "id": "Bin.0.70",
"label": "Bin.0.70",
"size":       24,
"opacity":     0.72,
"fx": -837.9167,
"fy":  287.168,
"fz": 597.9378,
"origX": -0.18055,
"origY": 0.021792,
"origZ": 0.059536,
"seedArr": "notSeed",
"colorb": "#F5774B",
"colorw": "#F5774B" 
},
{
 "id": "Bin.0.66",
"label": "Bin.0.66",
"size":       24,
"opacity":     0.72,
"fx": -836.4167,
"fy":  304.472,
"fz": 621.3067,
"origX": -0.18037,
"origY": 0.026118,
"origZ": 0.064794,
"seedArr": "notSeed",
"colorb": "#F47549",
"colorw": "#F47549" 
},
{
 "id": "Bin.0.62",
"label": "Bin.0.62",
"size":       24,
"opacity":     0.73,
"fx": -877.9167,
"fy":  459.652,
"fz": 495.4444,
"origX": -0.18535,
"origY": 0.064913,
"origZ": 0.036475,
"seedArr": "notSeed",
"colorb": "#F46F45",
"colorw": "#F46F45" 
},
{
 "id": "Bin.0.58",
"label": "Bin.0.58",
"size":       24,
"opacity":     0.72,
"fx":     -852,
"fy":  446.608,
"fz": 547.0044,
"origX": -0.18224,
"origY": 0.061652,
"origZ": 0.048076,
"seedArr": "notSeed",
"colorb": "#F47147",
"colorw": "#F47147" 
},
{
 "id": "Bin.0.54",
"label": "Bin.0.54",
"size":       24,
"opacity":     0.72,
"fx":     -860,
"fy":  404.876,
"fz": 562.0978,
"origX":  -0.1832,
"origY": 0.051219,
"origZ": 0.051472,
"seedArr": "notSeed",
"colorb": "#F47348",
"colorw": "#F47348" 
},
{
 "id": "Bin.0.50",
"label": "Bin.0.50",
"size":       24,
"opacity":     0.75,
"fx": -787.6667,
"fy":    688.2,
"fz": 447.8978,
"origX": -0.17452,
"origY":  0.12205,
"origZ": 0.025777,
"seedArr": "notSeed",
"colorb": "#F3603B",
"colorw": "#F3603B" 
},
{
 "id": "Bin.0.46",
"label": "Bin.0.46",
"size":       24,
"opacity":     0.74,
"fx": -768.8333,
"fy":   698.52,
"fz": 256.5778,
"origX": -0.17226,
"origY":  0.12463,
"origZ": -0.01727,
"seedArr": "notSeed",
"colorb": "#F3643D",
"colorw": "#F3643D" 
},
{
 "id": "Bin.0.42",
"label": "Bin.0.42",
"size":       24,
"opacity":     0.75,
"fx": -591.5833,
"fy":   705.52,
"fz": 732.2889,
"origX": -0.15099,
"origY":  0.12638,
"origZ": 0.089765,
"seedArr": "notSeed",
"colorb": "#F25C38",
"colorw": "#F25C38" 
},
{
 "id": "Bin.0.38",
"label": "Bin.0.38",
"size":       24,
"opacity":     0.71,
"fx": -630.9167,
"fy":    388.8,
"fz": 685.5956,
"origX": -0.15571,
"origY":   0.0472,
"origZ": 0.079259,
"seedArr": "notSeed",
"colorb": "#F57B4E",
"colorw": "#F57B4E" 
},
{
 "id": "Bin.0.34",
"label": "Bin.0.34",
"size":       24,
"opacity":     0.74,
"fx": -692.3333,
"fy":   650.56,
"fz": 628.6356,
"origX": -0.16308,
"origY":  0.11264,
"origZ": 0.066443,
"seedArr": "notSeed",
"colorb": "#F3663F",
"colorw": "#F3663F" 
},
{
 "id": "Bin.0.30",
"label": "Bin.0.30",
"size":       24,
"opacity":     0.76,
"fx":   -645.5,
"fy":   815.88,
"fz": 736.7289,
"origX": -0.15746,
"origY":  0.15397,
"origZ": 0.090764,
"seedArr": "notSeed",
"colorb": "#F25734",
"colorw": "#F25734" 
},
{
 "id": "Bin.0.26",
"label": "Bin.0.26",
"size":       24,
"opacity":     0.76,
"fx":   -630.5,
"fy":   921.16,
"fz": 494.6578,
"origX": -0.15566,
"origY":  0.18029,
"origZ": 0.036298,
"seedArr": "notSeed",
"colorb": "#F25532",
"colorw": "#F25532" 
},
{
 "id": "Bin.0.22",
"label": "Bin.0.22",
"size":       24,
"opacity":     0.76,
"fx": -719.5833,
"fy":   852.24,
"fz": 222.0311,
"origX": -0.16635,
"origY":  0.16306,
"origZ": -0.025043,
"seedArr": "notSeed",
"colorb": "#F25935",
"colorw": "#F25935" 
} 
],
"misc": "",
"ticks": {
 "x": [      -10,       -5,        0,        5,       10,       15,       20,       25,       30,       35,       40,       45 ],
"y": [       -6,       -4,       -2,        0,        2,        4,        6,        8,       10,       12,       14,       16,       18,       20,       22 ],
"z": [       -8,       -6,       -4,       -2,        0,        2,        4,        6,        8,       10 ] 
},
"ticksLoading": {
 "x": [     -0.2,    -0.18,    -0.16,    -0.14,    -0.12,     -0.1,    -0.08,    -0.06,    -0.04,    -0.02,        0,     0.02,     0.04 ],
"y": [     -0.3,    -0.25,     -0.2,    -0.15,     -0.1,    -0.05,        0,     0.05,      0.1,     0.15,      0.2 ],
"z": [     -0.3,    -0.25,     -0.2,    -0.15,     -0.1,    -0.05,        0,     0.05,      0.1,     0.15 ] 
},
"axis": [ "PC1 (34.4%)", "PC2 (14.9%)", "PC3 (7.8%)" ],
"axisLoading": [ "Loading 1", "Loading 2", "Loading 3" ],
"metaCol": {
 "label": [ "control", "patient" ],
"color": [ "#E6194B", "#3CB44B" ],
"type": null 
} 
}