{
 "omicstype": "",
"nodes": [
 {
 "id": "C002",
"label": "C002",
"size":       18,
"meta": "control",
"fx":  -352.55,
"fy":  312.095,
"fz": -71.22727,
"origX":   -2.051,
"origY":   1.2419,
"origZ":   2.2165,
"colorb": "#E6194B" 
},
{
 "id": "C004",
"label": "C004",
"size":       18,
"meta": "control",
"fx":  -502.05,
"fy":  303.435,
"fz":  -321.13,
"origX":   -5.041,
"origY":   1.0687,
"origZ": -0.53243,
"colorb": "#E6194B" 
},
{
 "id": "C005",
"label": "C005",
"size":       18,
"meta": "control",
"fx":  -337.73,
"fy":  295.345,
"fz": -432.0273,
"origX":  -1.7546,
"origY":   0.9069,
"origZ":  -1.7523,
"colorb": "#E6194B" 
},
{
 "id": "C006",
"label": "C006",
"size":       18,
"meta": "control",
"fx": -504.125,
"fy":   213.71,
"fz": -685.9182,
"origX":  -5.0825,
"origY":  -0.7258,
"origZ":  -4.5451,
"colorb": "#E6194B" 
},
{
 "id": "C007",
"label": "C007",
"size":       18,
"meta": "control",
"fx": -537.745,
"fy":  338.985,
"fz": 172.5273,
"origX":  -5.7549,
"origY":   1.7797,
"origZ":   4.8978,
"colorb": "#E6194B" 
},
{
 "id": "C009",
"label": "C009",
"size":       18,
"meta": "control",
"fx": -562.785,
"fy": 286.8145,
"fz": -623.4636,
"origX":  -6.2557,
"origY":  0.73629,
"origZ":  -3.8581,
"colorb": "#E6194B" 
},
{
 "id": "C010",
"label": "C010",
"size":       18,
"meta": "control",
"fx":  -514.12,
"fy":   303.02,
"fz": -248.3791,
"origX":  -5.2824,
"origY":   1.0604,
"origZ":  0.26783,
"colorb": "#E6194B" 
},
{
 "id": "C011",
"label": "C011",
"size":       18,
"meta": "control",
"fx": -666.965,
"fy": 250.3976,
"fz": -356.6645,
"origX":  -8.3393,
"origY": 0.0079526,
"origZ": -0.92331,
"colorb": "#E6194B" 
},
{
 "id": "C012",
"label": "C012",
"size":       18,
"meta": "control",
"fx":  -425.37,
"fy":   390.15,
"fz": -308.6245,
"origX":  -3.5074,
"origY":    2.803,
"origZ": -0.39487,
"colorb": "#E6194B" 
},
{
 "id": "C015",
"label": "C015",
"size":       18,
"meta": "control",
"fx":  -499.32,
"fy":   407.16,
"fz": -338.1809,
"origX":  -4.9864,
"origY":   3.1432,
"origZ": -0.71999,
"colorb": "#E6194B" 
},
{
 "id": "C016",
"label": "C016",
"size":       18,
"meta": "control",
"fx":  -671.22,
"fy":  139.315,
"fz": -766.0818,
"origX":  -8.4244,
"origY":  -2.2137,
"origZ":  -5.4269,
"colorb": "#E6194B" 
},
{
 "id": "C017",
"label": "C017",
"size":       18,
"meta": "control",
"fx": -478.865,
"fy":  432.585,
"fz": 412.8455,
"origX":  -4.5773,
"origY":   3.6517,
"origZ":   7.5413,
"colorb": "#E6194B" 
},
{
 "id": "C019",
"label": "C019",
"size":       18,
"meta": "control",
"fx":  -615.68,
"fy": 253.3973,
"fz":   -759.9,
"origX":  -7.3136,
"origY": 0.067945,
"origZ":  -5.3589,
"colorb": "#E6194B" 
},
{
 "id": "C020",
"label": "C020",
"size":       18,
"meta": "control",
"fx":  -487.12,
"fy":   464.05,
"fz": -362.3309,
"origX":  -4.7424,
"origY":    4.281,
"origZ": -0.98564,
"colorb": "#E6194B" 
},
{
 "id": "C021",
"label": "C021",
"size":       18,
"meta": "control",
"fx":  -611.09,
"fy":   400.57,
"fz": -489.4091,
"origX":  -7.2218,
"origY":   3.0114,
"origZ":  -2.3835,
"colorb": "#E6194B" 
},
{
 "id": "C022",
"label": "C022",
"size":       18,
"meta": "control",
"fx": -480.025,
"fy":  375.205,
"fz": -192.0873,
"origX":  -4.6005,
"origY":   2.5041,
"origZ":  0.88704,
"colorb": "#E6194B" 
},
{
 "id": "C024",
"label": "C024",
"size":       18,
"meta": "control",
"fx": -521.775,
"fy":   378.67,
"fz": -438.3091,
"origX":  -5.4355,
"origY":   2.5734,
"origZ":  -1.8214,
"colorb": "#E6194B" 
},
{
 "id": "C026",
"label": "C026",
"size":       18,
"meta": "control",
"fx":  -684.35,
"fy":  326.955,
"fz": -253.5845,
"origX":   -8.687,
"origY":   1.5391,
"origZ":  0.21057,
"colorb": "#E6194B" 
},
{
 "id": "C028",
"label": "C028",
"size":       18,
"meta": "control",
"fx": -509.205,
"fy": 231.3955,
"fz": -274.5529,
"origX":  -5.1841,
"origY": -0.37209,
"origZ": -0.020082,
"colorb": "#E6194B" 
},
{
 "id": "C029",
"label": "C029",
"size":       18,
"meta": "control",
"fx": -491.655,
"fy":   381.65,
"fz": -516.7182,
"origX":  -4.8331,
"origY":    2.633,
"origZ":  -2.6839,
"colorb": "#E6194B" 
},
{
 "id": "C030",
"label": "C030",
"size":       18,
"meta": "control",
"fx": -666.245,
"fy":    365.3,
"fz": -261.7227,
"origX":  -8.3249,
"origY":    2.306,
"origZ":  0.12105,
"colorb": "#E6194B" 
},
{
 "id": "C031",
"label": "C031",
"size":       18,
"meta": "control",
"fx":  -623.31,
"fy":  139.535,
"fz": -505.0818,
"origX":  -7.4662,
"origY":  -2.2093,
"origZ":  -2.5559,
"colorb": "#E6194B" 
},
{
 "id": "C032",
"label": "C032",
"size":       18,
"meta": "control",
"fx": -633.255,
"fy":  378.995,
"fz":   -493.1,
"origX":  -7.6651,
"origY":   2.5799,
"origZ":  -2.4241,
"colorb": "#E6194B" 
},
{
 "id": "C033",
"label": "C033",
"size":       18,
"meta": "control",
"fx":  -538.82,
"fy":  282.765,
"fz": -579.8818,
"origX":  -5.7764,
"origY":   0.6553,
"origZ":  -3.3787,
"colorb": "#E6194B" 
},
{
 "id": "C034",
"label": "C034",
"size":       18,
"meta": "control",
"fx":  -411.87,
"fy":   330.88,
"fz": -168.4455,
"origX":  -3.2374,
"origY":   1.6176,
"origZ":   1.1471,
"colorb": "#E6194B" 
},
{
 "id": "P002",
"label": "P002",
"size":       18,
"meta": "patient",
"fx": -316.175,
"fy":   -93.47,
"fz":    431.7,
"origX":  -1.3235,
"origY":  -6.8694,
"origZ":   7.7487,
"colorb": "#3CB44B" 
},
{
 "id": "P012",
"label": "P012",
"size":       18,
"meta": "patient",
"fx":      434,
"fy":  135.385,
"fz": -874.7182,
"origX":    13.68,
"origY":  -2.2923,
"origZ":  -6.6219,
"colorb": "#3CB44B" 
},
{
 "id": "P014",
"label": "P014",
"size":       18,
"meta": "patient",
"fx":    262.9,
"fy":  503.155,
"fz": 309.3727,
"origX":   10.258,
"origY":   5.0631,
"origZ":   6.4031,
"colorb": "#3CB44B" 
},
{
 "id": "P027",
"label": "P027",
"size":       18,
"meta": "patient",
"fx":   -10.45,
"fy":   356.03,
"fz": -79.38182,
"origX":    4.791,
"origY":   2.1206,
"origZ":   2.1268,
"colorb": "#3CB44B" 
},
{
 "id": "P034",
"label": "P034",
"size":       18,
"meta": "patient",
"fx":    -5.16,
"fy":  327.585,
"fz": 525.5455,
"origX":   4.8968,
"origY":   1.5517,
"origZ":    8.781,
"colorb": "#3CB44B" 
},
{
 "id": "P037",
"label": "P037",
"size":       18,
"meta": "patient",
"fx":  -455.37,
"fy":  162.015,
"fz": 288.7727,
"origX":  -4.1074,
"origY":  -1.7597,
"origZ":   6.1765,
"colorb": "#3CB44B" 
},
{
 "id": "P038",
"label": "P038",
"size":       18,
"meta": "patient",
"fx":  140.255,
"fy":  200.983,
"fz": -270.6715,
"origX":   7.8051,
"origY": -0.98034,
"origZ": 0.022613,
"colorb": "#3CB44B" 
},
{
 "id": "P041",
"label": "P041",
"size":       18,
"meta": "patient",
"fx":    274.2,
"fy":  -256.75,
"fz": -485.5364,
"origX":   10.484,
"origY":  -10.135,
"origZ":  -2.3409,
"colorb": "#3CB44B" 
},
{
 "id": "P042",
"label": "P042",
"size":       18,
"meta": "patient",
"fx":   190.93,
"fy":   412.02,
"fz": -418.8455,
"origX":   8.8186,
"origY":   3.2404,
"origZ":  -1.6073,
"colorb": "#3CB44B" 
},
{
 "id": "P049",
"label": "P049",
"size":       18,
"meta": "patient",
"fx": -162.315,
"fy":   360.15,
"fz": -284.4627,
"origX":   1.7537,
"origY":    2.203,
"origZ": -0.12909,
"colorb": "#3CB44B" 
},
{
 "id": "P056",
"label": "P056",
"size":       18,
"meta": "patient",
"fx": -158.315,
"fy":   322.84,
"fz": -145.0091,
"origX":   1.8337,
"origY":   1.4568,
"origZ":   1.4049,
"colorb": "#3CB44B" 
},
{
 "id": "P058",
"label": "P058",
"size":       18,
"meta": "patient",
"fx":   -302.1,
"fy":   36.425,
"fz": -110.1273,
"origX":   -1.042,
"origY":  -4.2715,
"origZ":   1.7886,
"colorb": "#3CB44B" 
},
{
 "id": "P060",
"label": "P060",
"size":       18,
"meta": "patient",
"fx":  -70.645,
"fy":  258.206,
"fz": -194.2318,
"origX":   3.5871,
"origY":  0.16412,
"origZ":  0.86345,
"colorb": "#3CB44B" 
},
{
 "id": "P064",
"label": "P064",
"size":       18,
"meta": "patient",
"fx":    381.5,
"fy": 245.4056,
"fz": -230.7173,
"origX":    12.63,
"origY": -0.091889,
"origZ":  0.46211,
"colorb": "#3CB44B" 
},
{
 "id": "P065",
"label": "P065",
"size":       18,
"meta": "patient",
"fx":  198.685,
"fy": 220.8475,
"fz": -484.2545,
"origX":   8.9737,
"origY": -0.58305,
"origZ":  -2.3268,
"colorb": "#3CB44B" 
},
{
 "id": "P070",
"label": "P070",
"size":       18,
"meta": "patient",
"fx":  -151.91,
"fy":  162.345,
"fz": -69.53636,
"origX":   1.9618,
"origY":  -1.7531,
"origZ":   2.2351,
"colorb": "#3CB44B" 
},
{
 "id": "P080",
"label": "P080",
"size":       18,
"meta": "patient",
"fx": -224.6245,
"fy":  -747.85,
"fz": 664.1818,
"origX":  0.50751,
"origY":  -19.957,
"origZ":   10.306,
"colorb": "#3CB44B" 
},
{
 "id": "P085",
"label": "P085",
"size":       18,
"meta": "patient",
"fx":    721.3,
"fy":  747.135,
"fz":   -179.2,
"origX":   19.426,
"origY":   9.9427,
"origZ":   1.0288,
"colorb": "#3CB44B" 
},
{
 "id": "P086",
"label": "P086",
"size":       18,
"meta": "patient",
"fx":   100.74,
"fy":   197.18,
"fz": -774.4909,
"origX":   7.0148,
"origY":  -1.0564,
"origZ":  -5.5194,
"colorb": "#3CB44B" 
},
{
 "id": "P089",
"label": "P089",
"size":       18,
"meta": "patient",
"fx":   503.75,
"fy": 257.4175,
"fz":   -512.5,
"origX":   15.075,
"origY":  0.14835,
"origZ":  -2.6375,
"colorb": "#3CB44B" 
},
{
 "id": "P092",
"label": "P092",
"size":       18,
"meta": "patient",
"fx":  -183.63,
"fy":  304.685,
"fz": -21.07273,
"origX":   1.3274,
"origY":   1.0937,
"origZ":   2.7682,
"colorb": "#3CB44B" 
},
{
 "id": "P099",
"label": "P099",
"size":       18,
"meta": "patient",
"fx":  -411.47,
"fy":  576.635,
"fz":    251.3,
"origX":  -3.2294,
"origY":   6.5327,
"origZ":   5.7643,
"colorb": "#3CB44B" 
},
{
 "id": "P113",
"label": "P113",
"size":       18,
"meta": "patient",
"fx": -623.795,
"fy":  -481.65,
"fz": -850.1455,
"origX":  -7.4759,
"origY":  -14.633,
"origZ":  -6.3516,
"colorb": "#3CB44B" 
},
{
 "id": "P013b",
"label": "P013b",
"size":       18,
"meta": "patient",
"fx":    512.3,
"fy":    5.175,
"fz": -707.9091,
"origX":   15.246,
"origY":  -4.8965,
"origZ":   -4.787,
"colorb": "#3CB44B" 
},
{
 "id": "P100b",
"label": "P100b",
"size":       18,
"meta": "patient",
"fx":  182.615,
"fy":   305.68,
"fz": -552.9273,
"origX":   8.6523,
"origY":   1.1136,
"origZ":  -3.0822,
"colorb": "#3CB44B" 
} 
],
"meta": [ "control", "control", "control", "control", "control", "control", "control", "control", "control", "control", "control", "control", "control", "control", "control", "control", "control", "control", "control", "control", "control", "control", "control", "control", "control", "patient", "patient", "patient", "patient", "patient", "patient", "patient", "patient", "patient", "patient", "patient", "patient", "patient", "patient", "patient", "patient", "patient", "patient", "patient", "patient", "patient", "patient", "patient", "patient", "patient" ],
"loading": [
 {
 "id": "Bin.9.98",
"label": "Bin.9.98",
"size":       24,
"opacity":     0.54,
"fx": 80.85833,
"fy": 480.0629,
"fz": 427.0743,
"origX": 0.029703,
"origY": 0.059011,
"origZ": 0.099738,
"seedArr": "notSeed",
"colorb": "#FEEDA3",
"colorw": "#FEEDA3" 
},
{
 "id": "Bin.9.94",
"label": "Bin.9.94",
"size":       24,
"opacity":     0.52,
"fx": 168.9167,
"fy": 380.8057,
"fz": 448.1714,
"origX":  0.04027,
"origY": 0.041641,
"origZ":  0.10343,
"seedArr": "notSeed",
"colorb": "#FEEEA8",
"colorw": "#FEEEA8" 
},
{
 "id": "Bin.9.90",
"label": "Bin.9.90",
"size":       24,
"opacity":     0.51,
"fx": 197.6083,
"fy":   552.32,
"fz": 324.0114,
"origX": 0.043713,
"origY": 0.071656,
"origZ": 0.081702,
"seedArr": "notSeed",
"colorb": "#FEEEAB",
"colorw": "#FEEEAB" 
},
{
 "id": "Bin.9.86",
"label": "Bin.9.86",
"size":       24,
"opacity":     0.47,
"fx": 159.9833,
"fy": 503.9029,
"fz": 337.5714,
"origX": 0.039198,
"origY": 0.063183,
"origZ": 0.084075,
"seedArr": "notSeed",
"colorb": "#FEEFB3",
"colorw": "#FEEFB3" 
},
{
 "id": "Bin.9.82",
"label": "Bin.9.82",
"size":       24,
"opacity":     0.56,
"fx": 132.2083,
"fy": 483.4743,
"fz":   428.52,
"origX": 0.035865,
"origY": 0.059608,
"origZ": 0.099991,
"seedArr": "notSeed",
"colorb": "#FEE49A",
"colorw": "#FEE49A" 
},
{
 "id": "Bin.9.78",
"label": "Bin.9.78",
"size":       24,
"opacity":     0.49,
"fx":   93.775,
"fy":      468,
"fz": 398.2457,
"origX": 0.031253,
"origY":   0.0569,
"origZ": 0.094693,
"seedArr": "notSeed",
"colorb": "#FEEFB0",
"colorw": "#FEEFB0" 
},
{
 "id": "Bin.9.74",
"label": "Bin.9.74",
"size":       24,
"opacity":     0.64,
"fx": 170.9917,
"fy": 541.0057,
"fz": 451.9429,
"origX": 0.040519,
"origY": 0.069676,
"origZ":  0.10409,
"seedArr": "notSeed",
"colorb": "#F9AF73",
"colorw": "#F9AF73" 
},
{
 "id": "Bin.9.70",
"label": "Bin.9.70",
"size":       24,
"opacity":      0.4,
"fx": 396.7167,
"fy": 395.5543,
"fz": 104.8457,
"origX": 0.067606,
"origY": 0.044222,
"origZ": 0.043348,
"seedArr": "notSeed",
"colorb": "#FDF1C5",
"colorw": "#FDF1C5" 
},
{
 "id": "Bin.9.66",
"label": "Bin.9.66",
"size":       24,
"opacity":     0.58,
"fx": 382.2167,
"fy":   483.24,
"fz": 349.7657,
"origX": 0.065866,
"origY": 0.059567,
"origZ": 0.086209,
"seedArr": "notSeed",
"colorb": "#FDD891",
"colorw": "#FDD891" 
},
{
 "id": "Bin.9.62",
"label": "Bin.9.62",
"size":       24,
"opacity":     0.48,
"fx":  329.425,
"fy": 580.5429,
"fz": 201.8229,
"origX": 0.059531,
"origY": 0.076595,
"origZ": 0.060319,
"seedArr": "notSeed",
"colorb": "#FEEFB1",
"colorw": "#FEEFB1" 
},
{
 "id": "Bin.9.58",
"label": "Bin.9.58",
"size":       24,
"opacity":     0.43,
"fx": 350.2583,
"fy": 336.2571,
"fz": 279.7429,
"origX": 0.062031,
"origY": 0.033845,
"origZ": 0.073955,
"seedArr": "notSeed",
"colorb": "#FDF0BE",
"colorw": "#FDF0BE" 
},
{
 "id": "Bin.9.54",
"label": "Bin.9.54",
"size":       24,
"opacity":     0.43,
"fx":  360.375,
"fy": 446.9829,
"fz": 198.9657,
"origX": 0.063245,
"origY": 0.053222,
"origZ": 0.059819,
"seedArr": "notSeed",
"colorb": "#FDF0BE",
"colorw": "#FDF0BE" 
},
{
 "id": "Bin.9.50",
"label": "Bin.9.50",
"size":       24,
"opacity":     0.59,
"fx":   553.45,
"fy": 354.1029,
"fz": 327.1429,
"origX": 0.086414,
"origY": 0.036968,
"origZ":  0.08225,
"seedArr": "notSeed",
"colorb": "#FCD38D",
"colorw": "#FCD38D" 
},
{
 "id": "Bin.9.46",
"label": "Bin.9.46",
"size":       24,
"opacity":     0.41,
"fx": 530.0833,
"fy": 379.1314,
"fz": -32.25714,
"origX":  0.08361,
"origY": 0.041348,
"origZ": 0.019355,
"seedArr": "notSeed",
"colorb": "#FDF1C3",
"colorw": "#FDF1C3" 
},
{
 "id": "Bin.9.42",
"label": "Bin.9.42",
"size":       24,
"opacity":     0.45,
"fx": 641.3333,
"fy": 347.6286,
"fz": 35.08571,
"origX":  0.09696,
"origY": 0.035835,
"origZ":  0.03114,
"seedArr": "notSeed",
"colorb": "#FDF0BA",
"colorw": "#FDF0BA" 
},
{
 "id": "Bin.9.38",
"label": "Bin.9.38",
"size":       24,
"opacity":     0.49,
"fx":  592.125,
"fy": 433.7886,
"fz": 137.6857,
"origX": 0.091055,
"origY": 0.050913,
"origZ": 0.049095,
"seedArr": "notSeed",
"colorb": "#FEEEAE",
"colorw": "#FEEEAE" 
},
{
 "id": "Bin.9.34",
"label": "Bin.9.34",
"size":       24,
"opacity":     0.53,
"fx": 549.5917,
"fy": 546.4857,
"fz":    98.12,
"origX": 0.085951,
"origY": 0.070635,
"origZ": 0.042171,
"seedArr": "notSeed",
"colorb": "#FEEDA5",
"colorw": "#FEEDA5" 
},
{
 "id": "Bin.9.30",
"label": "Bin.9.30",
"size":       24,
"opacity":     0.56,
"fx":  422.275,
"fy": 666.8171,
"fz": -357.8914,
"origX": 0.070673,
"origY": 0.091693,
"origZ": -0.037631,
"seedArr": "notSeed",
"colorb": "#FEE69B",
"colorw": "#FEE69B" 
},
{
 "id": "Bin.9.26",
"label": "Bin.9.26",
"size":       24,
"opacity":     0.43,
"fx": 261.7917,
"fy":   634.28,
"fz": -94.39886,
"origX": 0.051415,
"origY": 0.085999,
"origZ": 0.0084802,
"seedArr": "notSeed",
"colorb": "#FDF0BF",
"colorw": "#FDF0BF" 
},
{
 "id": "Bin.9.22",
"label": "Bin.9.22",
"size":       24,
"opacity":     0.57,
"fx": 712.0833,
"fy": 395.9829,
"fz": 122.8286,
"origX":  0.10545,
"origY": 0.044297,
"origZ": 0.046495,
"seedArr": "notSeed",
"colorb": "#FDDC93",
"colorw": "#FDDC93" 
},
{
 "id": "Bin.9.18",
"label": "Bin.9.18",
"size":       24,
"opacity":     0.62,
"fx":  664.025,
"fy": 448.5771,
"fz": 197.1657,
"origX": 0.099683,
"origY": 0.053501,
"origZ": 0.059504,
"seedArr": "notSeed",
"colorb": "#FBBD7D",
"colorw": "#FBBD7D" 
},
{
 "id": "Bin.9.14",
"label": "Bin.9.14",
"size":       24,
"opacity":      0.4,
"fx": -112.6983,
"fy": 646.9714,
"fz": -49.70286,
"origX": 0.0064762,
"origY":  0.08822,
"origZ": 0.016302,
"seedArr": "notSeed",
"colorb": "#FDF1C6",
"colorw": "#FDF1C6" 
},
{
 "id": "Bin.9.10",
"label": "Bin.9.10",
"size":       24,
"opacity":     0.63,
"fx": 445.3667,
"fy": 751.0857,
"fz":   -31.08,
"origX": 0.073444,
"origY":  0.10644,
"origZ": 0.019561,
"seedArr": "notSeed",
"colorb": "#FAB276",
"colorw": "#FAB276" 
},
{
 "id": "Bin.9.06",
"label": "Bin.9.06",
"size":       24,
"opacity":     0.46,
"fx":  346.075,
"fy": 636.2571,
"fz": -335.4914,
"origX": 0.061529,
"origY": 0.086345,
"origZ": -0.033711,
"seedArr": "notSeed",
"colorb": "#FDEFB5",
"colorw": "#FDEFB5" 
},
{
 "id": "Bin.9.02",
"label": "Bin.9.02",
"size":       24,
"opacity":     0.49,
"fx": 623.3583,
"fy": 513.5371,
"fz": -102.656,
"origX": 0.094803,
"origY": 0.064869,
"origZ": 0.0070352,
"seedArr": "notSeed",
"colorb": "#FEEEAF",
"colorw": "#FEEEAF" 
},
{
 "id": "Bin.8.98",
"label": "Bin.8.98",
"size":       24,
"opacity":     0.65,
"fx": 573.7833,
"fy": 538.4743,
"fz": -554.7543,
"origX": 0.088854,
"origY": 0.069233,
"origZ": -0.072082,
"seedArr": "notSeed",
"colorb": "#F8A26A",
"colorw": "#F8A26A" 
},
{
 "id": "Bin.8.94",
"label": "Bin.8.94",
"size":       24,
"opacity":      0.6,
"fx": 810.8333,
"fy": 384.1257,
"fz": -56.74286,
"origX":   0.1173,
"origY": 0.042222,
"origZ":  0.01507,
"seedArr": "notSeed",
"colorb": "#FCCB88",
"colorw": "#FCCB88" 
},
{
 "id": "Bin.8.90",
"label": "Bin.8.90",
"size":       24,
"opacity":     0.63,
"fx":  581.375,
"fy": 555.5429,
"fz": -484.3086,
"origX": 0.089765,
"origY":  0.07222,
"origZ": -0.059754,
"seedArr": "notSeed",
"colorb": "#FAB678",
"colorw": "#FAB678" 
},
{
 "id": "Bin.8.86",
"label": "Bin.8.86",
"size":       24,
"opacity":     0.38,
"fx": 98.09167,
"fy": 600.6286,
"fz": -150.376,
"origX": 0.031771,
"origY":  0.08011,
"origZ": -0.0013158,
"seedArr": "notSeed",
"colorb": "#FCF2CA",
"colorw": "#FCF2CA" 
},
{
 "id": "Bin.8.82",
"label": "Bin.8.82",
"size":       24,
"opacity":     0.41,
"fx":    -40.9,
"fy":   672.84,
"fz":   -15.72,
"origX": 0.015092,
"origY": 0.092747,
"origZ": 0.022249,
"seedArr": "notSeed",
"colorb": "#FDF1C2",
"colorw": "#FDF1C2" 
},
{
 "id": "Bin.8.78",
"label": "Bin.8.78",
"size":       24,
"opacity":     0.47,
"fx":    698.5,
"fy": 364.0171,
"fz": -202.4343,
"origX":  0.10382,
"origY": 0.038703,
"origZ": -0.010426,
"seedArr": "notSeed",
"colorb": "#FEEFB4",
"colorw": "#FEEFB4" 
},
{
 "id": "Bin.8.74",
"label": "Bin.8.74",
"size":       24,
"opacity":     0.61,
"fx":    839.5,
"fy": 257.5029,
"fz": 37.86286,
"origX":  0.12074,
"origY": 0.020063,
"origZ": 0.031626,
"seedArr": "notSeed",
"colorb": "#FBC483",
"colorw": "#FBC483" 
},
{
 "id": "Bin.8.70",
"label": "Bin.8.70",
"size":       24,
"opacity":     0.56,
"fx": 819.6667,
"fy": 228.5314,
"fz": -0.1142857,
"origX":  0.11836,
"origY": 0.014993,
"origZ":  0.02498,
"seedArr": "notSeed",
"colorb": "#FEE398",
"colorw": "#FEE398" 
},
{
 "id": "Bin.8.66",
"label": "Bin.8.66",
"size":       24,
"opacity":     0.61,
"fx": 838.5833,
"fy": 369.2286,
"fz": -114.6594,
"origX":  0.12063,
"origY": 0.039615,
"origZ": 0.0049346,
"seedArr": "notSeed",
"colorb": "#FBC281",
"colorw": "#FBC281" 
},
{
 "id": "Bin.8.62",
"label": "Bin.8.62",
"size":       24,
"opacity":     0.58,
"fx": 811.8333,
"fy": 334.2343,
"fz": -6.234286,
"origX":  0.11742,
"origY": 0.033491,
"origZ": 0.023909,
"seedArr": "notSeed",
"colorb": "#FDD68F",
"colorw": "#FDD68F" 
},
{
 "id": "Bin.8.58",
"label": "Bin.8.58",
"size":       24,
"opacity":     0.57,
"fx": 764.5833,
"fy": 422.0629,
"fz": -54.80571,
"origX":  0.11175,
"origY": 0.048861,
"origZ": 0.015409,
"seedArr": "notSeed",
"colorb": "#FDDD95",
"colorw": "#FDDD95" 
},
{
 "id": "Bin.8.54",
"label": "Bin.8.54",
"size":       24,
"opacity":     0.51,
"fx": -296.7667,
"fy": 794.2857,
"fz": -291.9257,
"origX": -0.015612,
"origY":    0.114,
"origZ": -0.026087,
"seedArr": "notSeed",
"colorb": "#FEEEA9",
"colorw": "#FEEEA9" 
},
{
 "id": "Bin.8.50",
"label": "Bin.8.50",
"size":       24,
"opacity":     0.49,
"fx":  421.275,
"fy": 660.5429,
"fz": -199.5354,
"origX": 0.070553,
"origY": 0.090595,
"origZ": -0.0099187,
"seedArr": "notSeed",
"colorb": "#FEEEAE",
"colorw": "#FEEEAE" 
},
{
 "id": "Bin.8.46",
"label": "Bin.8.46",
"size":       24,
"opacity":     0.36,
"fx":  321.625,
"fy": 420.3086,
"fz": -203.4457,
"origX": 0.058595,
"origY": 0.048554,
"origZ": -0.010603,
"seedArr": "notSeed",
"colorb": "#FCF3CF",
"colorw": "#FCF3CF" 
},
{
 "id": "Bin.8.42",
"label": "Bin.8.42",
"size":       24,
"opacity":      0.5,
"fx":   775.75,
"fy": 294.6857,
"fz": -176.0509,
"origX":  0.11309,
"origY":  0.02657,
"origZ": -0.0058089,
"seedArr": "notSeed",
"colorb": "#FEEEAC",
"colorw": "#FEEEAC" 
},
{
 "id": "Bin.8.38",
"label": "Bin.8.38",
"size":       24,
"opacity":     0.51,
"fx": 774.6667,
"fy":   261.68,
"fz": -279.7257,
"origX":  0.11296,
"origY": 0.020794,
"origZ": -0.023952,
"seedArr": "notSeed",
"colorb": "#FEEEA9",
"colorw": "#FEEEA9" 
},
{
 "id": "Bin.8.34",
"label": "Bin.8.34",
"size":       24,
"opacity":     0.48,
"fx":  619.325,
"fy": 495.7029,
"fz": -239.6571,
"origX": 0.094319,
"origY": 0.061748,
"origZ": -0.01694,
"seedArr": "notSeed",
"colorb": "#FEEFB2",
"colorw": "#FEEFB2" 
},
{
 "id": "Bin.8.30",
"label": "Bin.8.30",
"size":       24,
"opacity":      0.5,
"fx":   733.25,
"fy": 379.2457,
"fz": -200.4914,
"origX":  0.10799,
"origY": 0.041368,
"origZ": -0.010086,
"seedArr": "notSeed",
"colorb": "#FEEEAC",
"colorw": "#FEEEAC" 
},
{
 "id": "Bin.8.26",
"label": "Bin.8.26",
"size":       24,
"opacity":     0.51,
"fx": 760.1667,
"fy": 305.0171,
"fz": -276.3657,
"origX":  0.11122,
"origY": 0.028378,
"origZ": -0.023364,
"seedArr": "notSeed",
"colorb": "#FEEEAA",
"colorw": "#FEEEAA" 
},
{
 "id": "Bin.8.22",
"label": "Bin.8.22",
"size":       24,
"opacity":     0.59,
"fx": 532.5417,
"fy": 377.4857,
"fz": -618.5771,
"origX": 0.083905,
"origY":  0.04106,
"origZ": -0.083251,
"seedArr": "notSeed",
"colorb": "#FCCF8A",
"colorw": "#FCCF8A" 
},
{
 "id": "Bin.8.18",
"label": "Bin.8.18",
"size":       24,
"opacity":     0.33,
"fx":   -40.75,
"fy":   458.28,
"fz": -269.2743,
"origX":  0.01511,
"origY": 0.055199,
"origZ": -0.022123,
"seedArr": "notSeed",
"colorb": "#FCF4D8",
"colorw": "#FCF4D8" 
},
{
 "id": "Bin.8.14",
"label": "Bin.8.14",
"size":       24,
"opacity":     0.45,
"fx":   712.75,
"fy": 310.6971,
"fz":  -98.328,
"origX":  0.10553,
"origY": 0.029372,
"origZ": 0.0077926,
"seedArr": "notSeed",
"colorb": "#FDF0B8",
"colorw": "#FDF0B8" 
},
{
 "id": "Bin.8.10",
"label": "Bin.8.10",
"size":       24,
"opacity":     0.42,
"fx":   302.15,
"fy": 608.9486,
"fz": -189.4634,
"origX": 0.056258,
"origY": 0.081566,
"origZ": -0.0081561,
"seedArr": "notSeed",
"colorb": "#FDF1C0",
"colorw": "#FDF1C0" 
},
{
 "id": "Bin.8.06",
"label": "Bin.8.06",
"size":       24,
"opacity":     0.44,
"fx": 376.6417,
"fy": 614.7829,
"fz": -276.6857,
"origX": 0.065197,
"origY": 0.082587,
"origZ": -0.02342,
"seedArr": "notSeed",
"colorb": "#FDF0BA",
"colorw": "#FDF0BA" 
},
{
 "id": "Bin.8.02",
"label": "Bin.8.02",
"size":       24,
"opacity":     0.38,
"fx": 76.79167,
"fy":   602.24,
"fz": -163.6714,
"origX": 0.029215,
"origY": 0.080392,
"origZ": -0.0036425,
"seedArr": "notSeed",
"colorb": "#FCF2CC",
"colorw": "#FCF2CC" 
},
{
 "id": "Bin.7.98",
"label": "Bin.7.98",
"size":       24,
"opacity":      0.4,
"fx": -143.5425,
"fy": 409.3943,
"fz": 317.8457,
"origX": 0.0027749,
"origY": 0.046644,
"origZ": 0.080623,
"seedArr": "notSeed",
"colorb": "#FDF1C5",
"colorw": "#FDF1C5" 
},
{
 "id": "Bin.7.94",
"label": "Bin.7.94",
"size":       24,
"opacity":     0.35,
"fx": -41.95833,
"fy": 541.9657,
"fz": -159.0589,
"origX": 0.014965,
"origY": 0.069844,
"origZ": -0.0028353,
"seedArr": "notSeed",
"colorb": "#FCF3D3",
"colorw": "#FCF3D3" 
},
{
 "id": "Bin.7.90",
"label": "Bin.7.90",
"size":       24,
"opacity":     0.31,
"fx":  128.525,
"fy": 111.5823,
"fz": 23.81143,
"origX": 0.035423,
"origY": -0.0054731,
"origZ": 0.029167,
"seedArr": "notSeed",
"colorb": "#FCF4DC",
"colorw": "#FCF4DC" 
},
{
 "id": "Bin.7.86",
"label": "Bin.7.86",
"size":       24,
"opacity":     0.52,
"fx":  -871.55,
"fy": 611.5657,
"fz": -52.65143,
"origX": -0.084586,
"origY": 0.082024,
"origZ": 0.015786,
"seedArr": "notSeed",
"colorb": "#FEEDA6",
"colorw": "#FEEDA6" 
},
{
 "id": "Bin.7.82",
"label": "Bin.7.82",
"size":       24,
"opacity":     0.54,
"fx": -868.4167,
"fy": 612.0914,
"fz": -9.051429,
"origX": -0.08421,
"origY": 0.082116,
"origZ": 0.023416,
"seedArr": "notSeed",
"colorb": "#FEEDA2",
"colorw": "#FEEDA2" 
},
{
 "id": "Bin.7.78",
"label": "Bin.7.78",
"size":       24,
"opacity":     0.44,
"fx":   490.65,
"fy":   469.24,
"fz": 119.1771,
"origX": 0.078878,
"origY": 0.057117,
"origZ": 0.045856,
"seedArr": "notSeed",
"colorb": "#FDF0BB",
"colorw": "#FDF0BB" 
},
{
 "id": "Bin.7.74",
"label": "Bin.7.74",
"size":       24,
"opacity":     0.37,
"fx": 314.8583,
"fy": 491.6171,
"fz": -117.324,
"origX": 0.057783,
"origY": 0.061033,
"origZ": 0.0044683,
"seedArr": "notSeed",
"colorb": "#FCF2CC",
"colorw": "#FCF2CC" 
},
{
 "id": "Bin.7.70",
"label": "Bin.7.70",
"size":       24,
"opacity":     0.48,
"fx": 148.7917,
"fy": 715.0857,
"fz":    78.88,
"origX": 0.037855,
"origY":  0.10014,
"origZ": 0.038804,
"seedArr": "notSeed",
"colorb": "#FEEFB2",
"colorw": "#FEEFB2" 
},
{
 "id": "Bin.7.66",
"label": "Bin.7.66",
"size":       24,
"opacity":      0.6,
"fx": -867.2417,
"fy": 648.2857,
"fz": 39.58286,
"origX": -0.084069,
"origY":  0.08845,
"origZ": 0.031927,
"seedArr": "notSeed",
"colorb": "#FBC684",
"colorw": "#FBC684" 
},
{
 "id": "Bin.7.62",
"label": "Bin.7.62",
"size":       24,
"opacity":      0.5,
"fx": -718.3833,
"fy": 661.5314,
"fz": 15.59429,
"origX": -0.066206,
"origY": 0.090768,
"origZ": 0.027729,
"seedArr": "notSeed",
"colorb": "#FEEEAD",
"colorw": "#FEEEAD" 
},
{
 "id": "Bin.7.58",
"label": "Bin.7.58",
"size":       24,
"opacity":     0.54,
"fx": -795.8833,
"fy": 655.9657,
"fz": 7.537143,
"origX": -0.075506,
"origY": 0.089794,
"origZ": 0.026319,
"seedArr": "notSeed",
"colorb": "#FEEDA1",
"colorw": "#FEEDA1" 
},
{
 "id": "Bin.7.54",
"label": "Bin.7.54",
"size":       24,
"opacity":     0.55,
"fx": -865.4333,
"fy": 632.1543,
"fz": -43.02857,
"origX": -0.083852,
"origY": 0.085627,
"origZ":  0.01747,
"seedArr": "notSeed",
"colorb": "#FEEC9F",
"colorw": "#FEEC9F" 
},
{
 "id": "Bin.7.50",
"label": "Bin.7.50",
"size":       24,
"opacity":     0.71,
"fx":    68.45,
"fy": 772.0571,
"fz": 360.8457,
"origX": 0.028214,
"origY":  0.11011,
"origZ": 0.088148,
"seedArr": "notSeed",
"colorb": "#F57D4F",
"colorw": "#F57D4F" 
},
{
 "id": "Bin.7.46",
"label": "Bin.7.46",
"size":       24,
"opacity":     0.74,
"fx":  279.025,
"fy": 341.7314,
"fz":    660.8,
"origX": 0.053483,
"origY": 0.034803,
"origZ":  0.14064,
"seedArr": "notSeed",
"colorb": "#F3623C",
"colorw": "#F3623C" 
},
{
 "id": "Bin.7.42",
"label": "Bin.7.42",
"size":       24,
"opacity":     0.76,
"fx": -158.8953,
"fy": 116.9291,
"fz": 770.4571,
"origX": 0.00093257,
"origY": -0.0045374,
"origZ":  0.15983,
"seedArr": "notSeed",
"colorb": "#F25935",
"colorw": "#F25935" 
},
{
 "id": "Bin.7.38",
"label": "Bin.7.38",
"size":       24,
"opacity":     0.74,
"fx": -137.8442,
"fy": 242.3143,
"fz": 716.6857,
"origX": 0.0034587,
"origY": 0.017405,
"origZ":  0.15042,
"seedArr": "notSeed",
"colorb": "#F3653E",
"colorw": "#F3653E" 
},
{
 "id": "Bin.7.34",
"label": "Bin.7.34",
"size":       24,
"opacity":     0.78,
"fx": -143.2333,
"fy":  122.636,
"fz": 838.2286,
"origX": 0.002812,
"origY": -0.0035387,
"origZ":  0.17169,
"seedArr": "notSeed",
"colorb": "#F14B2B",
"colorw": "#F14B2B" 
},
{
 "id": "Bin.7.30",
"label": "Bin.7.30",
"size":       24,
"opacity":     0.72,
"fx": -439.8833,
"fy": 707.0971,
"fz": 452.8571,
"origX": -0.032786,
"origY": 0.098742,
"origZ":  0.10425,
"seedArr": "notSeed",
"colorb": "#F47247",
"colorw": "#F47247" 
},
{
 "id": "Bin.7.26",
"label": "Bin.7.26",
"size":       24,
"opacity":     0.79,
"fx": -186.5292,
"fy": 597.0514,
"fz": 788.3429,
"origX": -0.0023835,
"origY": 0.079484,
"origZ":  0.16296,
"seedArr": "notSeed",
"colorb": "#F04023",
"colorw": "#F04023" 
},
{
 "id": "Bin.7.22",
"label": "Bin.7.22",
"size":       24,
"opacity":     0.79,
"fx":     -460,
"fy": 655.5086,
"fz": 720.6857,
"origX":  -0.0352,
"origY": 0.089714,
"origZ":  0.15112,
"seedArr": "notSeed",
"colorb": "#F04326",
"colorw": "#F04326" 
},
{
 "id": "Bin.7.18",
"label": "Bin.7.18",
"size":       24,
"opacity":      0.4,
"fx": -163.5897,
"fy": 570.5543,
"fz": 153.8286,
"origX": 0.00036924,
"origY": 0.074847,
"origZ":  0.05192,
"seedArr": "notSeed",
"colorb": "#FDF1C6",
"colorw": "#FDF1C6" 
},
{
 "id": "Bin.7.14",
"label": "Bin.7.14",
"size":       24,
"opacity":     0.34,
"fx":   -46.35,
"fy": 532.7486,
"fz": -163.9886,
"origX": 0.014438,
"origY": 0.068231,
"origZ": -0.003698,
"seedArr": "notSeed",
"colorb": "#FCF3D4",
"colorw": "#FCF3D4" 
},
{
 "id": "Bin.7.10",
"label": "Bin.7.10",
"size":       24,
"opacity":     0.36,
"fx": -22.43333,
"fy": 426.7143,
"fz": -444.5429,
"origX": 0.017308,
"origY": 0.049675,
"origZ": -0.052795,
"seedArr": "notSeed",
"colorb": "#FCF3D1",
"colorw": "#FCF3D1" 
},
{
 "id": "Bin.7.06",
"label": "Bin.7.06",
"size":       24,
"opacity":     0.56,
"fx": 237.8583,
"fy": 264.2057,
"fz": 482.4571,
"origX": 0.048543,
"origY": 0.021236,
"origZ":  0.10943,
"seedArr": "notSeed",
"colorb": "#FEE89C",
"colorw": "#FEE89C" 
},
{
 "id": "Bin.7.02",
"label": "Bin.7.02",
"size":       24,
"opacity":      0.7,
"fx": 414.6917,
"fy": 448.6571,
"fz": 492.4571,
"origX": 0.069763,
"origY": 0.053515,
"origZ":  0.11118,
"seedArr": "notSeed",
"colorb": "#F68454",
"colorw": "#F68454" 
},
{
 "id": "Bin.6.98",
"label": "Bin.6.98",
"size":       24,
"opacity":     0.59,
"fx": 20.54167,
"fy": 241.2114,
"fz": 553.8857,
"origX": 0.022465,
"origY": 0.017212,
"origZ":  0.12193,
"seedArr": "notSeed",
"colorb": "#FCCD89",
"colorw": "#FCCD89" 
},
{
 "id": "Bin.6.94",
"label": "Bin.6.94",
"size":       24,
"opacity":     0.64,
"fx": 78.16667,
"fy": 89.76514,
"fz": 593.4286,
"origX":  0.02938,
"origY": -0.0092911,
"origZ":  0.12885,
"seedArr": "notSeed",
"colorb": "#F9AB71",
"colorw": "#F9AB71" 
},
{
 "id": "Bin.6.90",
"label": "Bin.6.90",
"size":       24,
"opacity":     0.42,
"fx":  240.225,
"fy": 500.8743,
"fz":    176.6,
"origX": 0.048827,
"origY": 0.062653,
"origZ": 0.055905,
"seedArr": "notSeed",
"colorb": "#FDF1C1",
"colorw": "#FDF1C1" 
},
{
 "id": "Bin.6.86",
"label": "Bin.6.86",
"size":       24,
"opacity":     0.46,
"fx": 105.8667,
"fy": 711.1257,
"fz": 56.86286,
"origX": 0.032704,
"origY": 0.099447,
"origZ": 0.034951,
"seedArr": "notSeed",
"colorb": "#FDF0B7",
"colorw": "#FDF0B7" 
},
{
 "id": "Bin.6.82",
"label": "Bin.6.82",
"size":       24,
"opacity":     0.58,
"fx":    623.6,
"fy": 544.1029,
"fz":    84.32,
"origX": 0.094832,
"origY": 0.070218,
"origZ": 0.039756,
"seedArr": "notSeed",
"colorb": "#FCD48E",
"colorw": "#FCD48E" 
},
{
 "id": "Bin.6.78",
"label": "Bin.6.78",
"size":       24,
"opacity":     0.74,
"fx":  495.425,
"fy": 784.4571,
"fz": 219.2343,
"origX": 0.079451,
"origY":  0.11228,
"origZ": 0.063366,
"seedArr": "notSeed",
"colorb": "#F36740",
"colorw": "#F36740" 
},
{
 "id": "Bin.6.74",
"label": "Bin.6.74",
"size":       24,
"opacity":     0.75,
"fx": 583.5083,
"fy": 712.4171,
"fz": 308.2914,
"origX": 0.090021,
"origY": 0.099673,
"origZ": 0.078951,
"seedArr": "notSeed",
"colorb": "#F3603B",
"colorw": "#F3603B" 
},
{
 "id": "Bin.6.70",
"label": "Bin.6.70",
"size":       24,
"opacity":     0.72,
"fx": 559.8583,
"fy":    769.6,
"fz": 105.4229,
"origX": 0.087183,
"origY":  0.10968,
"origZ": 0.043449,
"seedArr": "notSeed",
"colorb": "#F4764A",
"colorw": "#F4764A" 
},
{
 "id": "Bin.6.66",
"label": "Bin.6.66",
"size":       24,
"opacity":     0.75,
"fx": 252.8083,
"fy": 963.3143,
"fz": 120.6057,
"origX": 0.050337,
"origY":  0.14358,
"origZ": 0.046106,
"seedArr": "notSeed",
"colorb": "#F25C38",
"colorw": "#F25C38" 
},
{
 "id": "Bin.6.62",
"label": "Bin.6.62",
"size":       24,
"opacity":     0.75,
"fx": 365.3917,
"fy": 929.4857,
"fz": 119.9429,
"origX": 0.063847,
"origY":  0.13766,
"origZ":  0.04599,
"seedArr": "notSeed",
"colorb": "#F35E39",
"colorw": "#F35E39" 
},
{
 "id": "Bin.6.58",
"label": "Bin.6.58",
"size":       24,
"opacity":     0.73,
"fx": 272.3917,
"fy": 849.8286,
"fz": 222.7486,
"origX": 0.052687,
"origY":  0.12372,
"origZ": 0.063981,
"seedArr": "notSeed",
"colorb": "#F46E45",
"colorw": "#F46E45" 
},
{
 "id": "Bin.6.54",
"label": "Bin.6.54",
"size":       24,
"opacity":     0.72,
"fx": 293.6833,
"fy": 726.3429,
"fz": 378.9371,
"origX": 0.055242,
"origY":  0.10211,
"origZ": 0.091314,
"seedArr": "notSeed",
"colorb": "#F47046",
"colorw": "#F47046" 
},
{
 "id": "Bin.6.50",
"label": "Bin.6.50",
"size":       24,
"opacity":     0.32,
"fx": -4.633333,
"fy": 383.1829,
"fz": 55.31429,
"origX": 0.019444,
"origY": 0.042057,
"origZ":  0.03468,
"seedArr": "notSeed",
"colorb": "#FCF4D9",
"colorw": "#FCF4D9" 
},
{
 "id": "Bin.6.46",
"label": "Bin.6.46",
"size":       24,
"opacity":     0.32,
"fx":    87.15,
"fy":   315.28,
"fz": 59.31429,
"origX": 0.030458,
"origY": 0.030174,
"origZ":  0.03538,
"seedArr": "notSeed",
"colorb": "#FCF4DA",
"colorw": "#FCF4DA" 
},
{
 "id": "Bin.6.42",
"label": "Bin.6.42",
"size":       24,
"opacity":      0.7,
"fx": 203.5333,
"fy": 764.1143,
"fz":   312.56,
"origX": 0.044424,
"origY":  0.10872,
"origZ": 0.079698,
"seedArr": "notSeed",
"colorb": "#F68253",
"colorw": "#F68253" 
},
{
 "id": "Bin.6.38",
"label": "Bin.6.38",
"size":       24,
"opacity":     0.31,
"fx": -90.15417,
"fy": 332.1429,
"fz": 16.43429,
"origX": 0.0091815,
"origY": 0.033125,
"origZ": 0.027876,
"seedArr": "notSeed",
"colorb": "#FCF4DD",
"colorw": "#FCF4DD" 
},
{
 "id": "Bin.6.34",
"label": "Bin.6.34",
"size":       24,
"opacity":      0.7,
"fx":  173.175,
"fy": 700.5429,
"fz": 411.9029,
"origX": 0.040781,
"origY": 0.097595,
"origZ": 0.097083,
"seedArr": "notSeed",
"colorb": "#F57E50",
"colorw": "#F57E50" 
},
{
 "id": "Bin.6.30",
"label": "Bin.6.30",
"size":       24,
"opacity":     0.31,
"fx": -205.865,
"fy": 398.0286,
"fz": -18.41143,
"origX": -0.0047038,
"origY": 0.044655,
"origZ": 0.021778,
"seedArr": "notSeed",
"colorb": "#FCF4DB",
"colorw": "#FCF4DB" 
},
{
 "id": "Bin.4.38",
"label": "Bin.4.38",
"size":       24,
"opacity":     0.32,
"fx": -441.3333,
"fy": 22.91429,
"fz": -362.7143,
"origX": -0.03296,
"origY": -0.02099,
"origZ": -0.038475,
"seedArr": "notSeed",
"colorb": "#FCF4DB",
"colorw": "#FCF4DB" 
},
{
 "id": "Bin.4.34",
"label": "Bin.4.34",
"size":       24,
"opacity":     0.37,
"fx":   32.925,
"fy": -285.4343,
"fz": 0.8228571,
"origX": 0.023951,
"origY": -0.074951,
"origZ": 0.025144,
"seedArr": "notSeed",
"colorb": "#FCF2CE",
"colorw": "#FCF2CE" 
},
{
 "id": "Bin.4.30",
"label": "Bin.4.30",
"size":       24,
"opacity":     0.36,
"fx":  309.075,
"fy": -97.36571,
"fz": 79.20571,
"origX": 0.057089,
"origY": -0.042039,
"origZ": 0.038861,
"seedArr": "notSeed",
"colorb": "#FCF2CF",
"colorw": "#FCF2CF" 
},
{
 "id": "Bin.4.26",
"label": "Bin.4.26",
"size":       24,
"opacity":     0.52,
"fx": 480.6167,
"fy": -119.4914,
"fz":   297.52,
"origX": 0.077674,
"origY": -0.045911,
"origZ": 0.077066,
"seedArr": "notSeed",
"colorb": "#FEEDA7",
"colorw": "#FEEDA7" 
},
{
 "id": "Bin.4.22",
"label": "Bin.4.22",
"size":       24,
"opacity":     0.42,
"fx": 205.9333,
"fy": -151.2229,
"fz": 278.4743,
"origX": 0.044712,
"origY": -0.051464,
"origZ": 0.073733,
"seedArr": "notSeed",
"colorb": "#FDF1BF",
"colorw": "#FDF1BF" 
},
{
 "id": "Bin.4.18",
"label": "Bin.4.18",
"size":       24,
"opacity":     0.76,
"fx": 76.31667,
"fy": -251.5029,
"fz": 667.2571,
"origX": 0.029158,
"origY": -0.069013,
"origZ":  0.14177,
"seedArr": "notSeed",
"colorb": "#F25734",
"colorw": "#F25734" 
},
{
 "id": "Bin.4.14",
"label": "Bin.4.14",
"size":       24,
"opacity":     0.62,
"fx": 253.4083,
"fy": -440.2286,
"fz": 195.5143,
"origX": 0.050409,
"origY": -0.10204,
"origZ": 0.059215,
"seedArr": "notSeed",
"colorb": "#FABA7B",
"colorw": "#FABA7B" 
},
{
 "id": "Bin.4.10",
"label": "Bin.4.10",
"size":       24,
"opacity":     0.38,
"fx": 102.4333,
"fy": -276.7086,
"fz": -321.8686,
"origX": 0.032292,
"origY": -0.073424,
"origZ": -0.031327,
"seedArr": "notSeed",
"colorb": "#FCF2CB",
"colorw": "#FCF2CB" 
},
{
 "id": "Bin.4.06",
"label": "Bin.4.06",
"size":       24,
"opacity":     0.73,
"fx":  -588.95,
"fy": 751.3714,
"fz": -684.5829,
"origX": -0.050674,
"origY":  0.10649,
"origZ": -0.094802,
"seedArr": "notSeed",
"colorb": "#F36941",
"colorw": "#F36941" 
},
{
 "id": "Bin.4.02",
"label": "Bin.4.02",
"size":       24,
"opacity":     0.33,
"fx": 7.908333,
"fy": 384.0343,
"fz": -370.0571,
"origX": 0.020949,
"origY": 0.042206,
"origZ": -0.03976,
"seedArr": "notSeed",
"colorb": "#FCF4D7",
"colorw": "#FCF4D7" 
},
{
 "id": "Bin.4.04",
"label": "Bin.4.04",
"size":       24,
"opacity":     0.74,
"fx":  -535.25,
"fy":    769.2,
"fz": -703.3429,
"origX": -0.04423,
"origY":  0.10961,
"origZ": -0.098085,
"seedArr": "notSeed",
"colorb": "#F3643D",
"colorw": "#F3643D" 
},
{
 "id": "Bin.3.98",
"label": "Bin.3.98",
"size":       24,
"opacity":     0.46,
"fx": -883.725,
"fy": 540.1314,
"fz": -195.3566,
"origX": -0.086047,
"origY": 0.069523,
"origZ": -0.0091874,
"seedArr": "notSeed",
"colorb": "#FDEFB7",
"colorw": "#FDEFB7" 
},
{
 "id": "Bin.3.94",
"label": "Bin.3.94",
"size":       24,
"opacity":     0.35,
"fx": -366.9167,
"fy": 7.662857,
"fz": 233.2514,
"origX": -0.02403,
"origY": -0.023659,
"origZ": 0.065819,
"seedArr": "notSeed",
"colorb": "#FCF3D1",
"colorw": "#FCF3D1" 
},
{
 "id": "Bin.3.90",
"label": "Bin.3.90",
"size":       24,
"opacity":     0.78,
"fx":    122.4,
"fy": -685.5429,
"fz":   414.04,
"origX": 0.034688,
"origY": -0.14497,
"origZ": 0.097457,
"seedArr": "notSeed",
"colorb": "#F04527",
"colorw": "#F04527" 
},
{
 "id": "Bin.3.86",
"label": "Bin.3.86",
"size":       24,
"opacity":     0.77,
"fx": 148.1583,
"fy":   -717.2,
"fz": 148.5314,
"origX": 0.037779,
"origY": -0.15051,
"origZ": 0.050993,
"seedArr": "notSeed",
"colorb": "#F15230",
"colorw": "#F15230" 
},
{
 "id": "Bin.3.82",
"label": "Bin.3.82",
"size":       24,
"opacity":     0.63,
"fx": -171.389,
"fy": -521.8857,
"fz": 206.0914,
"origX": -0.00056668,
"origY": -0.11633,
"origZ": 0.061066,
"seedArr": "notSeed",
"colorb": "#F9B174",
"colorw": "#F9B174" 
},
{
 "id": "Bin.3.78",
"label": "Bin.3.78",
"size":       24,
"opacity":     0.57,
"fx": -41.90833,
"fy":   -476.4,
"fz":   166.36,
"origX": 0.014971,
"origY": -0.10837,
"origZ": 0.054113,
"seedArr": "notSeed",
"colorb": "#FEE197",
"colorw": "#FEE197" 
},
{
 "id": "Bin.3.74",
"label": "Bin.3.74",
"size":       24,
"opacity":     0.76,
"fx": 225.7583,
"fy":   -665.6,
"fz":   212.44,
"origX": 0.047091,
"origY": -0.14148,
"origZ": 0.062177,
"seedArr": "notSeed",
"colorb": "#F25533",
"colorw": "#F25533" 
},
{
 "id": "Bin.3.70",
"label": "Bin.3.70",
"size":       24,
"opacity":      0.8,
"fx": 73.43333,
"fy": -670.8571,
"fz": 608.1143,
"origX": 0.028812,
"origY":  -0.1424,
"origZ":  0.13142,
"seedArr": "notSeed",
"colorb": "#F03B20",
"colorw": "#F03B20" 
},
{
 "id": "Bin.3.66",
"label": "Bin.3.66",
"size":       24,
"opacity":     0.69,
"fx": -35.66667,
"fy": 130.0486,
"fz": 653.9429,
"origX":  0.01572,
"origY": -0.0022415,
"origZ":  0.13944,
"seedArr": "notSeed",
"colorb": "#F68B59",
"colorw": "#F68B59" 
},
{
 "id": "Bin.3.62",
"label": "Bin.3.62",
"size":       24,
"opacity":     0.77,
"fx": -16.80833,
"fy": 12.82857,
"fz": 779.2571,
"origX": 0.017983,
"origY": -0.022755,
"origZ":  0.16137,
"seedArr": "notSeed",
"colorb": "#F1502F",
"colorw": "#F1502F" 
},
{
 "id": "Bin.3.58",
"label": "Bin.3.58",
"size":       24,
"opacity":      0.3,
"fx": -406.4083,
"fy": 138.0269,
"fz": -256.7771,
"origX": -0.028769,
"origY": -0.0008453,
"origZ": -0.019936,
"seedArr": "notSeed",
"colorb": "#FCF4DE",
"colorw": "#FCF4DE" 
},
{
 "id": "Bin.3.54",
"label": "Bin.3.54",
"size":       24,
"opacity":     0.79,
"fx": 44.24167,
"fy": -641.0286,
"fz":    506.4,
"origX": 0.025309,
"origY": -0.13718,
"origZ":  0.11362,
"seedArr": "notSeed",
"colorb": "#F04225",
"colorw": "#F04225" 
},
{
 "id": "Bin.3.50",
"label": "Bin.3.50",
"size":       24,
"opacity":      0.8,
"fx": 25.21667,
"fy": -805.4286,
"fz": 330.2914,
"origX": 0.023026,
"origY": -0.16595,
"origZ": 0.082801,
"seedArr": "notSeed",
"colorb": "#F03C21",
"colorw": "#F03C21" 
},
{
 "id": "Bin.3.46",
"label": "Bin.3.46",
"size":       24,
"opacity":     0.79,
"fx": -81.94167,
"fy": -809.2571,
"fz": 301.8743,
"origX": 0.010167,
"origY": -0.16662,
"origZ": 0.077828,
"seedArr": "notSeed",
"colorb": "#F03E22",
"colorw": "#F03E22" 
},
{
 "id": "Bin.3.42",
"label": "Bin.3.42",
"size":       24,
"opacity":     0.75,
"fx": -97.00833,
"fy": -716.1143,
"fz": 162.0914,
"origX": 0.008359,
"origY": -0.15032,
"origZ": 0.053366,
"seedArr": "notSeed",
"colorb": "#F25B37",
"colorw": "#F25B37" 
},
{
 "id": "Bin.3.38",
"label": "Bin.3.38",
"size":       24,
"opacity":     0.76,
"fx": 71.11667,
"fy": -674.5714,
"fz": 255.4343,
"origX": 0.028534,
"origY": -0.14305,
"origZ": 0.069701,
"seedArr": "notSeed",
"colorb": "#F25432",
"colorw": "#F25432" 
},
{
 "id": "Bin.3.34",
"label": "Bin.3.34",
"size":       24,
"opacity":     0.33,
"fx": -487.4667,
"fy": 187.3783,
"fz": -410.4514,
"origX": -0.038496,
"origY": 0.0077912,
"origZ": -0.046829,
"seedArr": "notSeed",
"colorb": "#FCF4D8",
"colorw": "#FCF4D8" 
},
{
 "id": "Bin.3.30",
"label": "Bin.3.30",
"size":       24,
"opacity":     0.35,
"fx": -212.3967,
"fy": 265.6114,
"fz": -538.1714,
"origX": -0.0054876,
"origY": 0.021482,
"origZ": -0.06918,
"seedArr": "notSeed",
"colorb": "#FCF3D2",
"colorw": "#FCF3D2" 
},
{
 "id": "Bin.3.26",
"label": "Bin.3.26",
"size":       24,
"opacity":     0.31,
"fx": -278.5583,
"fy": -0.1257143,
"fz": 30.22857,
"origX": -0.013427,
"origY": -0.025022,
"origZ":  0.03029,
"seedArr": "notSeed",
"colorb": "#FCF4DD",
"colorw": "#FCF4DD" 
},
{
 "id": "Bin.3.22",
"label": "Bin.3.22",
"size":       24,
"opacity":     0.37,
"fx":    -30.7,
"fy": -325.2971,
"fz": -85.34286,
"origX": 0.016316,
"origY": -0.081927,
"origZ": 0.010065,
"seedArr": "notSeed",
"colorb": "#FCF2CD",
"colorw": "#FCF2CD" 
},
{
 "id": "Bin.3.18",
"label": "Bin.3.18",
"size":       24,
"opacity":     0.37,
"fx": -571.2333,
"fy": -24.73714,
"fz": -488.6743,
"origX": -0.048548,
"origY": -0.029329,
"origZ": -0.060518,
"seedArr": "notSeed",
"colorb": "#FCF2CD",
"colorw": "#FCF2CD" 
},
{
 "id": "Bin.3.14",
"label": "Bin.3.14",
"size":       24,
"opacity":     0.77,
"fx": -648.375,
"fy": 440.9657,
"fz": -968.0571,
"origX": -0.057805,
"origY": 0.052169,
"origZ": -0.14441,
"seedArr": "notSeed",
"colorb": "#F14E2E",
"colorw": "#F14E2E" 
},
{
 "id": "Bin.3.10",
"label": "Bin.3.10",
"size":       24,
"opacity":     0.34,
"fx": 77.81667,
"fy": 70.89143,
"fz": -480.2114,
"origX": 0.029338,
"origY": -0.012594,
"origZ": -0.059037,
"seedArr": "notSeed",
"colorb": "#FCF3D6",
"colorw": "#FCF3D6" 
},
{
 "id": "Bin.3.06",
"label": "Bin.3.06",
"size":       24,
"opacity":     0.78,
"fx": -481.3333,
"fy": 833.4857,
"fz": -815.8857,
"origX": -0.03776,
"origY":  0.12086,
"origZ": -0.11778,
"seedArr": "notSeed",
"colorb": "#F14729",
"colorw": "#F14729" 
},
{
 "id": "Bin.3.02",
"label": "Bin.3.02",
"size":       24,
"opacity":     0.32,
"fx": -298.9167,
"fy": 405.0629,
"fz": 39.98857,
"origX": -0.01587,
"origY": 0.045886,
"origZ": 0.031998,
"seedArr": "notSeed",
"colorb": "#FCF4D9",
"colorw": "#FCF4D9" 
},
{
 "id": "Bin.3.04",
"label": "Bin.3.04",
"size":       24,
"opacity":     0.78,
"fx": -512.0667,
"fy": 896.3429,
"fz": -731.8857,
"origX": -0.041448,
"origY":  0.13186,
"origZ": -0.10308,
"seedArr": "notSeed",
"colorb": "#F1492A",
"colorw": "#F1492A" 
},
{
 "id": "Bin.2.98",
"label": "Bin.2.98",
"size":       24,
"opacity":     0.52,
"fx":  383.675,
"fy": 224.5486,
"fz": -700.1429,
"origX": 0.066041,
"origY": 0.014296,
"origZ": -0.097525,
"seedArr": "notSeed",
"colorb": "#FEEEA7",
"colorw": "#FEEEA7" 
},
{
 "id": "Bin.2.94",
"label": "Bin.2.94",
"size":       24,
"opacity":     0.66,
"fx": -0.1833333,
"fy":    72.84,
"fz": -903.4286,
"origX": 0.019978,
"origY": -0.012253,
"origZ":  -0.1331,
"seedArr": "notSeed",
"colorb": "#F89B65",
"colorw": "#F89B65" 
},
{
 "id": "Bin.2.90",
"label": "Bin.2.90",
"size":       24,
"opacity":      0.3,
"fx": -212.5317,
"fy": 33.22286,
"fz": -231.9371,
"origX": -0.0055038,
"origY": -0.019186,
"origZ": -0.015589,
"seedArr": "notSeed",
"colorb": "#FCF5DF",
"colorw": "#FCF5DF" 
},
{
 "id": "Bin.2.86",
"label": "Bin.2.86",
"size":       24,
"opacity":     0.34,
"fx": 40.59167,
"fy": -202.1714,
"fz": -307.2114,
"origX": 0.024871,
"origY": -0.06038,
"origZ": -0.028762,
"seedArr": "notSeed",
"colorb": "#FCF3D4",
"colorw": "#FCF3D4" 
},
{
 "id": "Bin.2.82",
"label": "Bin.2.82",
"size":       24,
"opacity":     0.34,
"fx": -38.85833,
"fy": 47.99429,
"fz": -506.9371,
"origX": 0.015337,
"origY": -0.016601,
"origZ": -0.063714,
"seedArr": "notSeed",
"colorb": "#FCF3D5",
"colorw": "#FCF3D5" 
},
{
 "id": "Bin.2.78",
"label": "Bin.2.78",
"size":       24,
"opacity":     0.39,
"fx": 117.3667,
"fy": 144.7219,
"fz": -617.8514,
"origX": 0.034084,
"origY": 0.00032634,
"origZ": -0.083124,
"seedArr": "notSeed",
"colorb": "#FDF2C7",
"colorw": "#FDF2C7" 
},
{
 "id": "Bin.2.74",
"label": "Bin.2.74",
"size":       24,
"opacity":     0.41,
"fx": -241.6542,
"fy": 561.9486,
"fz": -485.2343,
"origX": -0.0089985,
"origY": 0.073341,
"origZ": -0.059916,
"seedArr": "notSeed",
"colorb": "#FDF1C3",
"colorw": "#FDF1C3" 
},
{
 "id": "Bin.2.70",
"label": "Bin.2.70",
"size":       24,
"opacity":     0.42,
"fx": -784.7917,
"fy": 407.7771,
"fz": -410.8343,
"origX": -0.074175,
"origY": 0.046361,
"origZ": -0.046896,
"seedArr": "notSeed",
"colorb": "#FDF1C1",
"colorw": "#FDF1C1" 
},
{
 "id": "Bin.2.66",
"label": "Bin.2.66",
"size":       24,
"opacity":     0.55,
"fx": -723.6667,
"fy": 312.8057,
"fz":   -691.6,
"origX": -0.06684,
"origY": 0.029741,
"origZ": -0.09603,
"seedArr": "notSeed",
"colorb": "#FEEDA0",
"colorw": "#FEEDA0" 
},
{
 "id": "Bin.2.62",
"label": "Bin.2.62",
"size":       24,
"opacity":     0.46,
"fx": -404.4333,
"fy": 257.9029,
"fz": -745.7714,
"origX": -0.028532,
"origY": 0.020133,
"origZ": -0.10551,
"seedArr": "notSeed",
"colorb": "#FDEFB6",
"colorw": "#FDEFB6" 
},
{
 "id": "Bin.2.58",
"label": "Bin.2.58",
"size":       24,
"opacity":     0.41,
"fx": -553.2917,
"fy": 472.0857,
"fz": -468.2057,
"origX": -0.046395,
"origY": 0.057615,
"origZ": -0.056936,
"seedArr": "notSeed",
"colorb": "#FDF1C4",
"colorw": "#FDF1C4" 
},
{
 "id": "Bin.2.54",
"label": "Bin.2.54",
"size":       24,
"opacity":     0.54,
"fx": -819.1333,
"fy": 369.5543,
"fz": -611.1657,
"origX": -0.078296,
"origY": 0.039672,
"origZ": -0.081954,
"seedArr": "notSeed",
"colorb": "#FEEDA2",
"colorw": "#FEEDA2" 
},
{
 "id": "Bin.2.50",
"label": "Bin.2.50",
"size":       24,
"opacity":     0.73,
"fx": -345.725,
"fy": 190.4291,
"fz":   -984.8,
"origX": -0.021487,
"origY": 0.0083251,
"origZ": -0.14734,
"seedArr": "notSeed",
"colorb": "#F46D44",
"colorw": "#F46D44" 
},
{
 "id": "Bin.2.46",
"label": "Bin.2.46",
"size":       24,
"opacity":     0.53,
"fx": -372.7583,
"fy": -125.7371,
"fz":   -750.8,
"origX": -0.024731,
"origY": -0.047004,
"origZ": -0.10639,
"seedArr": "notSeed",
"colorb": "#FEEDA6",
"colorw": "#FEEDA6" 
},
{
 "id": "Bin.2.42",
"label": "Bin.2.42",
"size":       24,
"opacity":     0.48,
"fx":  -125.92,
"fy": -507.7714,
"fz": -63.67429,
"origX": 0.0048896,
"origY": -0.11386,
"origZ": 0.013857,
"seedArr": "notSeed",
"colorb": "#FEEFB0",
"colorw": "#FEEFB0" 
},
{
 "id": "Bin.2.38",
"label": "Bin.2.38",
"size":       24,
"opacity":     0.53,
"fx":  210.975,
"fy":     -478,
"fz": -262.8743,
"origX": 0.045317,
"origY": -0.10865,
"origZ": -0.021003,
"seedArr": "notSeed",
"colorb": "#FEEDA4",
"colorw": "#FEEDA4" 
},
{
 "id": "Bin.2.34",
"label": "Bin.2.34",
"size":       24,
"opacity":     0.68,
"fx": -374.8333,
"fy": 438.8343,
"fz": 568.2286,
"origX": -0.02498,
"origY": 0.051796,
"origZ":  0.12444,
"seedArr": "notSeed",
"colorb": "#F7905D",
"colorw": "#F7905D" 
},
{
 "id": "Bin.2.30",
"label": "Bin.2.30",
"size":       24,
"opacity":     0.69,
"fx":   369.85,
"fy": -487.0857,
"fz": 207.1143,
"origX": 0.064382,
"origY": -0.11024,
"origZ": 0.061245,
"seedArr": "notSeed",
"colorb": "#F68656",
"colorw": "#F68656" 
},
{
 "id": "Bin.2.26",
"label": "Bin.2.26",
"size":       24,
"opacity":     0.65,
"fx": 193.8667,
"fy": -158.1714,
"fz": 508.9143,
"origX": 0.043264,
"origY": -0.05268,
"origZ":  0.11406,
"seedArr": "notSeed",
"colorb": "#F9A66D",
"colorw": "#F9A66D" 
},
{
 "id": "Bin.2.22",
"label": "Bin.2.22",
"size":       24,
"opacity":     0.66,
"fx": 359.1583,
"fy": -512.5143,
"fz": 43.83429,
"origX": 0.063099,
"origY": -0.11469,
"origZ": 0.032671,
"seedArr": "notSeed",
"colorb": "#F89F68",
"colorw": "#F89F68" 
},
{
 "id": "Bin.2.18",
"label": "Bin.2.18",
"size":       24,
"opacity":     0.33,
"fx": -32.46667,
"fy": 280.0857,
"fz": -480.2457,
"origX": 0.016104,
"origY": 0.024015,
"origZ": -0.059043,
"seedArr": "notSeed",
"colorb": "#FCF3D6",
"colorw": "#FCF3D6" 
},
{
 "id": "Bin.2.14",
"label": "Bin.2.14",
"size":       24,
"opacity":     0.45,
"fx": 271.5083,
"fy": -401.9029,
"fz": -223.4457,
"origX": 0.052581,
"origY": -0.095333,
"origZ": -0.014103,
"seedArr": "notSeed",
"colorb": "#FDF0B9",
"colorw": "#FDF0B9" 
},
{
 "id": "Bin.2.10",
"label": "Bin.2.10",
"size":       24,
"opacity":     0.44,
"fx": 699.5833,
"fy": 45.82857,
"fz": -226.9429,
"origX":  0.10395,
"origY": -0.01698,
"origZ": -0.014715,
"seedArr": "notSeed",
"colorb": "#FDF0BC",
"colorw": "#FDF0BC" 
},
{
 "id": "Bin.2.06",
"label": "Bin.2.06",
"size":       24,
"opacity":     0.67,
"fx": 579.5083,
"fy": 286.5486,
"fz":   -705.8,
"origX": 0.089541,
"origY": 0.025146,
"origZ": -0.098515,
"seedArr": "notSeed",
"colorb": "#F79964",
"colorw": "#F79964" 
},
{
 "id": "Bin.2.02",
"label": "Bin.2.02",
"size":       24,
"opacity":     0.53,
"fx": 512.9917,
"fy":  180.352,
"fz": -639.8229,
"origX": 0.081559,
"origY": 0.0065616,
"origZ": -0.086969,
"seedArr": "notSeed",
"colorb": "#FEEDA4",
"colorw": "#FEEDA4" 
},
{
 "id": "Bin.1.98",
"label": "Bin.1.98",
"size":       24,
"opacity":     0.67,
"fx": 685.5833,
"fy": 205.4629,
"fz": -649.0343,
"origX":  0.10227,
"origY": 0.010956,
"origZ": -0.088581,
"seedArr": "notSeed",
"colorb": "#F79862",
"colorw": "#F79862" 
},
{
 "id": "Bin.1.94",
"label": "Bin.1.94",
"size":       24,
"opacity":     0.35,
"fx": 441.4333,
"fy":  119.188,
"fz": -95.38914,
"origX": 0.072972,
"origY": -0.0041421,
"origZ": 0.0083069,
"seedArr": "notSeed",
"colorb": "#FCF3D2",
"colorw": "#FCF3D2" 
},
{
 "id": "Bin.1.90",
"label": "Bin.1.90",
"size":       24,
"opacity":     0.39,
"fx":    396.4,
"fy":  -179.44,
"fz": -46.74286,
"origX": 0.067568,
"origY": -0.056402,
"origZ":  0.01682,
"seedArr": "notSeed",
"colorb": "#FDF2C8",
"colorw": "#FDF2C8" 
},
{
 "id": "Bin.1.86",
"label": "Bin.1.86",
"size":       24,
"opacity":     0.62,
"fx":      725,
"fy": 248.3886,
"fz": -547.6743,
"origX":    0.107,
"origY": 0.018468,
"origZ": -0.070843,
"seedArr": "notSeed",
"colorb": "#FAB87A",
"colorw": "#FAB87A" 
},
{
 "id": "Bin.1.82",
"label": "Bin.1.82",
"size":       24,
"opacity":     0.68,
"fx":      690,
"fy": 285.5086,
"fz": -643.5543,
"origX":   0.1028,
"origY": 0.024964,
"origZ": -0.087622,
"seedArr": "notSeed",
"colorb": "#F78F5C",
"colorw": "#F78F5C" 
},
{
 "id": "Bin.1.78",
"label": "Bin.1.78",
"size":       24,
"opacity":     0.71,
"fx": 690.6667,
"fy": 157.2274,
"fz": -733.2571,
"origX":  0.10288,
"origY": 0.0025148,
"origZ": -0.10332,
"seedArr": "notSeed",
"colorb": "#F5774B",
"colorw": "#F5774B" 
},
{
 "id": "Bin.1.74",
"label": "Bin.1.74",
"size":       24,
"opacity":     0.72,
"fx": 688.5833,
"fy": -71.90286,
"fz": -704.3029,
"origX":  0.10263,
"origY": -0.037583,
"origZ": -0.098253,
"seedArr": "notSeed",
"colorb": "#F47449",
"colorw": "#F47449" 
},
{
 "id": "Bin.1.70",
"label": "Bin.1.70",
"size":       24,
"opacity":      0.7,
"fx": 769.9167,
"fy": 4.297143,
"fz": -624.0457,
"origX":  0.11239,
"origY": -0.024248,
"origZ": -0.084208,
"seedArr": "notSeed",
"colorb": "#F58052",
"colorw": "#F58052" 
},
{
 "id": "Bin.1.66",
"label": "Bin.1.66",
"size":       24,
"opacity":     0.65,
"fx": 757.3333,
"fy": 83.34286,
"fz": -556.7086,
"origX":  0.11088,
"origY": -0.010415,
"origZ": -0.072424,
"seedArr": "notSeed",
"colorb": "#F9A86E",
"colorw": "#F9A86E" 
},
{
 "id": "Bin.1.62",
"label": "Bin.1.62",
"size":       24,
"opacity":     0.62,
"fx": 768.9167,
"fy":   -40.44,
"fz": -443.7371,
"origX":  0.11227,
"origY": -0.032077,
"origZ": -0.052654,
"seedArr": "notSeed",
"colorb": "#FABB7C",
"colorw": "#FABB7C" 
},
{
 "id": "Bin.1.58",
"label": "Bin.1.58",
"size":       24,
"opacity":     0.67,
"fx": 716.1667,
"fy": 54.99429,
"fz": -628.8229,
"origX":  0.10594,
"origY": -0.015376,
"origZ": -0.085044,
"seedArr": "notSeed",
"colorb": "#F79460",
"colorw": "#F79460" 
},
{
 "id": "Bin.1.54",
"label": "Bin.1.54",
"size":       24,
"opacity":     0.38,
"fx": 422.8667,
"fy": -66.10857,
"fz": -339.4686,
"origX": 0.070744,
"origY": -0.036569,
"origZ": -0.034407,
"seedArr": "notSeed",
"colorb": "#FCF2CA",
"colorw": "#FCF2CA" 
},
{
 "id": "Bin.1.50",
"label": "Bin.1.50",
"size":       24,
"opacity":     0.69,
"fx": 586.1917,
"fy": -349.9143,
"fz": -515.1543,
"origX": 0.090343,
"origY": -0.086235,
"origZ": -0.065152,
"seedArr": "notSeed",
"colorb": "#F68757",
"colorw": "#F68757" 
},
{
 "id": "Bin.1.46",
"label": "Bin.1.46",
"size":       24,
"opacity":     0.73,
"fx":   504.55,
"fy": -576.8571,
"fz": -29.93143,
"origX": 0.080546,
"origY": -0.12595,
"origZ": 0.019762,
"seedArr": "notSeed",
"colorb": "#F46B42",
"colorw": "#F46B42" 
},
{
 "id": "Bin.1.42",
"label": "Bin.1.42",
"size":       24,
"opacity":     0.67,
"fx":   740.75,
"fy": -318.5029,
"fz": -239.9143,
"origX":  0.10889,
"origY": -0.080738,
"origZ": -0.016985,
"seedArr": "notSeed",
"colorb": "#F79661",
"colorw": "#F79661" 
},
{
 "id": "Bin.1.38",
"label": "Bin.1.38",
"size":       24,
"opacity":     0.47,
"fx": 643.0667,
"fy": 38.97714,
"fz":  -446.32,
"origX": 0.097168,
"origY": -0.018179,
"origZ": -0.053106,
"seedArr": "notSeed",
"colorb": "#FEEFB3",
"colorw": "#FEEFB3" 
},
{
 "id": "Bin.1.34",
"label": "Bin.1.34",
"size":       24,
"opacity":     0.77,
"fx":    40.25,
"fy": -667.6571,
"fz": 318.1029,
"origX":  0.02483,
"origY": -0.14184,
"origZ": 0.080668,
"seedArr": "notSeed",
"colorb": "#F14C2C",
"colorw": "#F14C2C" 
},
{
 "id": "Bin.1.30",
"label": "Bin.1.30",
"size":       24,
"opacity":     0.39,
"fx":   15.575,
"fy": -342.7314,
"fz": -122.1074,
"origX": 0.021869,
"origY": -0.084978,
"origZ": 0.0036312,
"seedArr": "notSeed",
"colorb": "#FDF2C9",
"colorw": "#FDF2C9" 
},
{
 "id": "Bin.1.26",
"label": "Bin.1.26",
"size":       24,
"opacity":     0.69,
"fx": -74.31667,
"fy": 47.83429,
"fz": -937.5429,
"origX": 0.011082,
"origY": -0.016629,
"origZ": -0.13907,
"seedArr": "notSeed",
"colorb": "#F68958",
"colorw": "#F68958" 
},
{
 "id": "Bin.1.22",
"label": "Bin.1.22",
"size":       24,
"opacity":     0.39,
"fx":    29.05,
"fy": -330.3257,
"fz": -267.7943,
"origX": 0.023486,
"origY": -0.082807,
"origZ": -0.021864,
"seedArr": "notSeed",
"colorb": "#FDF2C8",
"colorw": "#FDF2C8" 
},
{
 "id": "Bin.1.18",
"label": "Bin.1.18",
"size":       24,
"opacity":     0.68,
"fx": 144.9583,
"fy": -519.7714,
"fz": 214.8571,
"origX": 0.037395,
"origY": -0.11596,
"origZ":   0.0626,
"seedArr": "notSeed",
"colorb": "#F7925F",
"colorw": "#F7925F" 
},
{
 "id": "Bin.1.14",
"label": "Bin.1.14",
"size":       24,
"opacity":     0.36,
"fx":  110.875,
"fy": -130.4057,
"fz": 142.7771,
"origX": 0.033305,
"origY": -0.047821,
"origZ": 0.049986,
"seedArr": "notSeed",
"colorb": "#FCF3D0",
"colorw": "#FCF3D0" 
},
{
 "id": "Bin.1.10",
"label": "Bin.1.10",
"size":       24,
"opacity":     0.71,
"fx": 385.2417,
"fy": 316.5257,
"fz": -861.2571,
"origX": 0.066229,
"origY": 0.030392,
"origZ": -0.12572,
"seedArr": "notSeed",
"colorb": "#F57B4E",
"colorw": "#F57B4E" 
},
{
 "id": "Bin.1.06",
"label": "Bin.1.06",
"size":       24,
"opacity":     0.71,
"fx": 657.5917,
"fy": -138.9314,
"fz": -682.0686,
"origX": 0.098911,
"origY": -0.049313,
"origZ": -0.094362,
"seedArr": "notSeed",
"colorb": "#F5794D",
"colorw": "#F5794D" 
},
{
 "id": "Bin.1.02",
"label": "Bin.1.02",
"size":       24,
"opacity":     0.64,
"fx": 783.9167,
"fy": -139.6171,
"fz": -392.8686,
"origX":  0.11407,
"origY": -0.049433,
"origZ": -0.043752,
"seedArr": "notSeed",
"colorb": "#F9AD72",
"colorw": "#F9AD72" 
},
{
 "id": "Bin.0.98",
"label": "Bin.0.98",
"size":       24,
"opacity":     0.68,
"fx":   766.75,
"fy": -216.9886,
"fz": -422.0057,
"origX":  0.11201,
"origY": -0.062973,
"origZ": -0.048851,
"seedArr": "notSeed",
"colorb": "#F68D5B",
"colorw": "#F68D5B" 
},
{
 "id": "Bin.0.94",
"label": "Bin.0.94",
"size":       24,
"opacity":     0.63,
"fx": 821.9167,
"fy": -63.96571,
"fz": -373.0229,
"origX":  0.11863,
"origY": -0.036194,
"origZ": -0.040279,
"seedArr": "notSeed",
"colorb": "#FAB477",
"colorw": "#FAB477" 
},
{
 "id": "Bin.0.90",
"label": "Bin.0.90",
"size":       24,
"opacity":     0.66,
"fx":   764.25,
"fy": -21.09143,
"fz": -544.8343,
"origX":  0.11171,
"origY": -0.028691,
"origZ": -0.070346,
"seedArr": "notSeed",
"colorb": "#F89D66",
"colorw": "#F89D66" 
},
{
 "id": "Bin.0.86",
"label": "Bin.0.86",
"size":       24,
"opacity":     0.65,
"fx": 787.0833,
"fy": -17.12571,
"fz":   -496.4,
"origX":  0.11445,
"origY": -0.027997,
"origZ": -0.06187,
"seedArr": "notSeed",
"colorb": "#F8A46B",
"colorw": "#F8A46B" 
},
{
 "id": "Bin.0.82",
"label": "Bin.0.82",
"size":       24,
"opacity":     0.66,
"fx": 859.4167,
"fy":    23.36,
"fz": -416.1486,
"origX":  0.12313,
"origY": -0.020912,
"origZ": -0.047826,
"seedArr": "notSeed",
"colorb": "#F8A069",
"colorw": "#F8A069" 
},
{
 "id": "Bin.0.78",
"label": "Bin.0.78",
"size":       24,
"opacity":     0.64,
"fx": 855.6667,
"fy": 95.77886,
"fz": -429.6743,
"origX":  0.12268,
"origY": -0.0082387,
"origZ": -0.050193,
"seedArr": "notSeed",
"colorb": "#F9A96F",
"colorw": "#F9A96F" 
},
{
 "id": "Bin.0.74",
"label": "Bin.0.74",
"size":       24,
"opacity":     0.55,
"fx": 802.9167,
"fy": 211.1486,
"fz": -319.7029,
"origX":  0.11635,
"origY": 0.011951,
"origZ": -0.030948,
"seedArr": "notSeed",
"colorb": "#FEEDA0",
"colorw": "#FEEDA0" 
},
{
 "id": "Bin.0.70",
"label": "Bin.0.70",
"size":       24,
"opacity":      0.6,
"fx": 849.5833,
"fy": 103.3251,
"fz":   -322.2,
"origX":  0.12195,
"origY": -0.0069181,
"origZ": -0.031385,
"seedArr": "notSeed",
"colorb": "#FCCA86",
"colorw": "#FCCA86" 
},
{
 "id": "Bin.0.66",
"label": "Bin.0.66",
"size":       24,
"opacity":     0.61,
"fx": 835.8333,
"fy": 77.46286,
"fz": -368.9771,
"origX":   0.1203,
"origY": -0.011444,
"origZ": -0.039571,
"seedArr": "notSeed",
"colorb": "#FBC180",
"colorw": "#FBC180" 
},
{
 "id": "Bin.0.62",
"label": "Bin.0.62",
"size":       24,
"opacity":      0.6,
"fx": 833.6667,
"fy": 32.88571,
"fz": -334.9143,
"origX":  0.12004,
"origY": -0.019245,
"origZ": -0.03361,
"seedArr": "notSeed",
"colorb": "#FBC885",
"colorw": "#FBC885" 
},
{
 "id": "Bin.0.58",
"label": "Bin.0.58",
"size":       24,
"opacity":     0.61,
"fx": 691.1667,
"fy": -288.1314,
"fz":  -121.34,
"origX":  0.10294,
"origY": -0.075423,
"origZ": 0.0037655,
"seedArr": "notSeed",
"colorb": "#FBBF7F",
"colorw": "#FBBF7F" 
},
{
 "id": "Bin.0.54",
"label": "Bin.0.54",
"size":       24,
"opacity":     0.58,
"fx":    809.5,
"fy":       10,
"fz": -323.9771,
"origX":  0.11714,
"origY": -0.02325,
"origZ": -0.031696,
"seedArr": "notSeed",
"colorb": "#FDDA92",
"colorw": "#FDDA92" 
},
{
 "id": "Bin.0.50",
"label": "Bin.0.50",
"size":       24,
"opacity":     0.57,
"fx":   840.75,
"fy": 51.69143,
"fz": -226.9886,
"origX":  0.12089,
"origY": -0.015954,
"origZ": -0.014723,
"seedArr": "notSeed",
"colorb": "#FDDF96",
"colorw": "#FDDF96" 
},
{
 "id": "Bin.0.46",
"label": "Bin.0.46",
"size":       24,
"opacity":     0.59,
"fx": 792.3333,
"fy": -0.3314286,
"fz": -381.3086,
"origX":  0.11508,
"origY": -0.025058,
"origZ": -0.041729,
"seedArr": "notSeed",
"colorb": "#FCD18C",
"colorw": "#FCD18C" 
},
{
 "id": "Bin.0.42",
"label": "Bin.0.42",
"size":       24,
"opacity":     0.55,
"fx": 729.6667,
"fy": -29.75429,
"fz": -413.4057,
"origX":  0.10756,
"origY": -0.030207,
"origZ": -0.047346,
"seedArr": "notSeed",
"colorb": "#FEEA9E",
"colorw": "#FEEA9E" 
},
{
 "id": "Bin.0.38",
"label": "Bin.0.38",
"size":       24,
"opacity":     0.43,
"fx": 628.2667,
"fy": 61.58286,
"fz": -363.4971,
"origX": 0.095392,
"origY": -0.014223,
"origZ": -0.038612,
"seedArr": "notSeed",
"colorb": "#FDF0BD",
"colorw": "#FDF0BD" 
},
{
 "id": "Bin.0.34",
"label": "Bin.0.34",
"size":       24,
"opacity":     0.44,
"fx":    687.5,
"fy": 108.4623,
"fz": -318.0171,
"origX":   0.1025,
"origY": -0.0060191,
"origZ": -0.030653,
"seedArr": "notSeed",
"colorb": "#FDF0BC",
"colorw": "#FDF0BC" 
},
{
 "id": "Bin.0.30",
"label": "Bin.0.30",
"size":       24,
"opacity":     0.47,
"fx": 703.8333,
"fy": 70.46286,
"fz": -349.4914,
"origX":  0.10446,
"origY": -0.012669,
"origZ": -0.036161,
"seedArr": "notSeed",
"colorb": "#FDEFB5",
"colorw": "#FDEFB5" 
},
{
 "id": "Bin.0.26",
"label": "Bin.0.26",
"size":       24,
"opacity":      0.5,
"fx": 696.4167,
"fy": 25.70857,
"fz": -430.7257,
"origX":  0.10357,
"origY": -0.020501,
"origZ": -0.050377,
"seedArr": "notSeed",
"colorb": "#FEEEAB",
"colorw": "#FEEEAB" 
},
{
 "id": "Bin.0.22",
"label": "Bin.0.22",
"size":       24,
"opacity":     0.45,
"fx":    716.5,
"fy": 5.954286,
"fz":  -227.12,
"origX":  0.10598,
"origY": -0.023958,
"origZ": -0.014746,
"seedArr": "notSeed",
"colorb": "#FDF0B9",
"colorw": "#FDF0B9" 
} 
],
"misc": "",
"ticks": {
 "x": [      -15,      -10,       -5,        0,        5,       10,       15,       20,       25 ],
"y": [      -25,      -20,      -15,      -10,       -5,        0,        5,       10,       15 ],
"z": [       -8,       -6,       -4,       -2,        0,        2,        4,        6,        8,       10,       12,       14 ] 
},
"ticksLoading": {
 "x": [     -0.1,    -0.08,    -0.06,    -0.04,    -0.02,        0,     0.02,     0.04,     0.06,     0.08,      0.1,     0.12,     0.14 ],
"y": [     -0.2,    -0.15,     -0.1,    -0.05,        0,     0.05,      0.1,     0.15 ],
"z": [    -0.15,     -0.1,    -0.05,        0,     0.05,      0.1,     0.15,      0.2 ] 
},
"axis": [ "PC1 (28.5%)", "PC2 (11.5%)", "PC3 (7.9%)" ],
"axisLoading": [ "Loading 1", "Loading 2", "Loading 3" ],
"metaCol": {
 "label": [ "control", "patient" ],
"color": [ "#E6194B", "#3CB44B" ] 
} 
}