{
 "omicstype": "",
"nodes": [
 {
 "id": "C002",
"label": "C002",
"size":       18,
"meta": "control",
"fx": -786.4073,
"fy":    -6.92,
"fz": -326.8214,
"origX":  -4.1262,
"origY":  -2.6211,
"origZ":   1.4245,
"colorb": "#E6194B" 
},
{
 "id": "C004",
"label": "C004",
"size":       18,
"meta": "control",
"fx": -698.9818,
"fy": -22.46286,
"fz": -434.2439,
"origX":   -1.722,
"origY":  -2.8931,
"origZ": -0.079415,
"colorb": "#E6194B" 
},
{
 "id": "C005",
"label": "C005",
"size":       18,
"meta": "control",
"fx": -843.7345,
"fy": -65.09143,
"fz": -662.8357,
"origX":  -5.7027,
"origY":  -3.6391,
"origZ":  -3.2797,
"colorb": "#E6194B" 
},
{
 "id": "C006",
"label": "C006",
"size":       18,
"meta": "control",
"fx": -549.5273,
"fy": -39.86286,
"fz": -690.6786,
"origX":    2.388,
"origY":  -3.1976,
"origZ":  -3.6695,
"colorb": "#E6194B" 
},
{
 "id": "C007",
"label": "C007",
"size":       18,
"meta": "control",
"fx":  -871.48,
"fy": -200.9371,
"fz":   -190.5,
"origX":  -6.4657,
"origY":  -6.0164,
"origZ":    3.333,
"colorb": "#E6194B" 
},
{
 "id": "C009",
"label": "C009",
"size":       18,
"meta": "control",
"fx": -671.4764,
"fy": -109.8914,
"fz": -656.1714,
"origX":  -0.9656,
"origY":  -4.4231,
"origZ":  -3.1864,
"colorb": "#E6194B" 
},
{
 "id": "C010",
"label": "C010",
"size":       18,
"meta": "control",
"fx": -724.3709,
"fy":   -68.92,
"fz": -373.8721,
"origX":  -2.4202,
"origY":  -3.7061,
"origZ":  0.76579,
"colorb": "#E6194B" 
},
{
 "id": "C011",
"label": "C011",
"size":       18,
"meta": "control",
"fx": -514.6727,
"fy": -239.2514,
"fz": -429.3457,
"origX":   3.3465,
"origY":  -6.6869,
"origZ": -0.01084,
"colorb": "#E6194B" 
},
{
 "id": "C012",
"label": "C012",
"size":       18,
"meta": "control",
"fx": -741.4582,
"fy": 7.205714,
"fz": -445.3407,
"origX":  -2.8901,
"origY":  -2.3739,
"origZ": -0.23477,
"colorb": "#E6194B" 
},
{
 "id": "C015",
"label": "C015",
"size":       18,
"meta": "control",
"fx": -780.9018,
"fy": -79.14857,
"fz": -488.515,
"origX":  -3.9748,
"origY":  -3.8851,
"origZ": -0.83921,
"colorb": "#E6194B" 
},
{
 "id": "C016",
"label": "C016",
"size":       18,
"meta": "control",
"fx": -503.5236,
"fy": -99.66286,
"fz":     -649,
"origX":   3.6531,
"origY":  -4.2441,
"origZ":   -3.086,
"colorb": "#E6194B" 
},
{
 "id": "C017",
"label": "C017",
"size":       18,
"meta": "control",
"fx": -884.8836,
"fy": -78.13143,
"fz": -19.48571,
"origX":  -6.8343,
"origY":  -3.8673,
"origZ":   5.7272,
"colorb": "#E6194B" 
},
{
 "id": "C019",
"label": "C019",
"size":       18,
"meta": "control",
"fx": -626.8233,
"fy": -102.9657,
"fz": -816.3214,
"origX":  0.26236,
"origY":  -4.3019,
"origZ":  -5.4285,
"colorb": "#E6194B" 
},
{
 "id": "C020",
"label": "C020",
"size":       18,
"meta": "control",
"fx": -915.6545,
"fy": -160.7257,
"fz":  -653.55,
"origX":  -7.6805,
"origY":  -5.3127,
"origZ":  -3.1497,
"colorb": "#E6194B" 
},
{
 "id": "C021",
"label": "C021",
"size":       18,
"meta": "control",
"fx": -798.4691,
"fy":  -102.16,
"fz": -644.4786,
"origX":  -4.4579,
"origY":  -4.2878,
"origZ":  -3.0227,
"colorb": "#E6194B" 
},
{
 "id": "C022",
"label": "C022",
"size":       18,
"meta": "control",
"fx": -840.5818,
"fy":  -196.72,
"fz": -434.5251,
"origX":   -5.616,
"origY":  -5.9426,
"origZ": -0.083351,
"colorb": "#E6194B" 
},
{
 "id": "C024",
"label": "C024",
"size":       18,
"meta": "control",
"fx": -717.2218,
"fy":   -22.56,
"fz": -538.9786,
"origX":  -2.2236,
"origY":  -2.8948,
"origZ":  -1.5457,
"colorb": "#E6194B" 
},
{
 "id": "C026",
"label": "C026",
"size":       18,
"meta": "control",
"fx": -807.1418,
"fy": -259.7429,
"fz":     -375,
"origX":  -4.6964,
"origY":  -7.0455,
"origZ":     0.75,
"colorb": "#E6194B" 
},
{
 "id": "C028",
"label": "C028",
"size":       18,
"meta": "control",
"fx": -682.2945,
"fy": -93.81714,
"fz": -340.5357,
"origX":  -1.2631,
"origY":  -4.1418,
"origZ":   1.2325,
"colorb": "#E6194B" 
},
{
 "id": "C029",
"label": "C029",
"size":       18,
"meta": "control",
"fx": -745.5273,
"fy":    -6.88,
"fz": -641.7571,
"origX":   -3.002,
"origY":  -2.6204,
"origZ":  -2.9846,
"colorb": "#E6194B" 
},
{
 "id": "C030",
"label": "C030",
"size":       18,
"meta": "control",
"fx": -764.2691,
"fy": -135.0114,
"fz": -444.4807,
"origX":  -3.5174,
"origY":  -4.8627,
"origZ": -0.22273,
"colorb": "#E6194B" 
},
{
 "id": "C031",
"label": "C031",
"size":       18,
"meta": "control",
"fx": -492.8145,
"fy": -100.1029,
"fz": -479.3571,
"origX":   3.9476,
"origY":  -4.2518,
"origZ":   -0.711,
"colorb": "#E6194B" 
},
{
 "id": "C032",
"label": "C032",
"size":       18,
"meta": "control",
"fx": -743.8327,
"fy": -121.3943,
"fz": -611.5429,
"origX":  -2.9554,
"origY":  -4.6244,
"origZ":  -2.5616,
"colorb": "#E6194B" 
},
{
 "id": "C033",
"label": "C033",
"size":       18,
"meta": "control",
"fx": -692.0545,
"fy": -223.6857,
"fz":  -657.85,
"origX":  -1.5315,
"origY":  -6.4145,
"origZ":  -3.2099,
"colorb": "#E6194B" 
},
{
 "id": "C034",
"label": "C034",
"size":       18,
"meta": "control",
"fx": -690.0691,
"fy": 117.8977,
"fz": -291.7214,
"origX":  -1.4769,
"origY": -0.43679,
"origZ":   1.9159,
"colorb": "#E6194B" 
},
{
 "id": "P002",
"label": "P002",
"size":       18,
"meta": "patient",
"fx": -414.8618,
"fy": 209.1771,
"fz": 325.6429,
"origX":   6.0913,
"origY":   1.1606,
"origZ":   10.559,
"colorb": "#3CB44B" 
},
{
 "id": "P012",
"label": "P012",
"size":       18,
"meta": "patient",
"fx": -513.0109,
"fy": 778.7429,
"fz": -808.7857,
"origX":   3.3922,
"origY":   11.128,
"origZ":   -5.323,
"colorb": "#3CB44B" 
},
{
 "id": "P014",
"label": "P014",
"size":       18,
"meta": "patient",
"fx": -626.0276,
"fy": 502.9771,
"fz": -265.0214,
"origX":  0.28424,
"origY":   6.3021,
"origZ":   2.2897,
"colorb": "#3CB44B" 
},
{
 "id": "P027",
"label": "P027",
"size":       18,
"meta": "patient",
"fx": -710.4545,
"fy": 303.2571,
"fz": -435.6792,
"origX":  -2.0375,
"origY":    2.807,
"origZ": -0.099509,
"colorb": "#3CB44B" 
},
{
 "id": "P034",
"label": "P034",
"size":       18,
"meta": "patient",
"fx": -682.2364,
"fy": 374.2971,
"fz": 30.44286,
"origX":  -1.2615,
"origY":   4.0502,
"origZ":   6.4262,
"colorb": "#3CB44B" 
},
{
 "id": "P037",
"label": "P037",
"size":       18,
"meta": "patient",
"fx": -596.8145,
"fy": 17.83429,
"fz": 29.89286,
"origX":   1.0876,
"origY":  -2.1879,
"origZ":   6.4185,
"colorb": "#3CB44B" 
},
{
 "id": "P038",
"label": "P038",
"size":       18,
"meta": "patient",
"fx": -678.3673,
"fy": 463.8114,
"fz": -478.0021,
"origX":  -1.1551,
"origY":   5.6167,
"origZ": -0.69203,
"colorb": "#3CB44B" 
},
{
 "id": "P041",
"label": "P041",
"size":       18,
"meta": "patient",
"fx": -370.4145,
"fy": 570.9771,
"fz": -449.3807,
"origX":   7.3136,
"origY":   7.4921,
"origZ": -0.29133,
"colorb": "#3CB44B" 
},
{
 "id": "P042",
"label": "P042",
"size":       18,
"meta": "patient",
"fx": -737.5782,
"fy":   396.72,
"fz": -651.6571,
"origX":  -2.7834,
"origY":   4.4426,
"origZ":  -3.1232,
"colorb": "#3CB44B" 
},
{
 "id": "P049",
"label": "P049",
"size":       18,
"meta": "patient",
"fx": -715.5818,
"fy": 302.0629,
"fz": -489.0164,
"origX":  -2.1785,
"origY":   2.7861,
"origZ": -0.84623,
"colorb": "#3CB44B" 
},
{
 "id": "P056",
"label": "P056",
"size":       18,
"meta": "patient",
"fx": -788.9345,
"fy": 167.7554,
"fz": -407.9386,
"origX":  -4.1957,
"origY":  0.43572,
"origZ":  0.28886,
"colorb": "#3CB44B" 
},
{
 "id": "P058",
"label": "P058",
"size":       18,
"meta": "patient",
"fx": -603.2244,
"fy": 111.6971,
"fz":  -294.45,
"origX":  0.91133,
"origY":  -0.5453,
"origZ":   1.8777,
"colorb": "#3CB44B" 
},
{
 "id": "P060",
"label": "P060",
"size":       18,
"meta": "patient",
"fx": -670.7589,
"fy": 335.5371,
"fz": -373.8579,
"origX": -0.94587,
"origY":   3.3719,
"origZ":  0.76599,
"colorb": "#3CB44B" 
},
{
 "id": "P064",
"label": "P064",
"size":       18,
"meta": "patient",
"fx": -633.0204,
"fy":   582.64,
"fz": -445.5393,
"origX":  0.09194,
"origY":   7.6962,
"origZ": -0.23755,
"colorb": "#3CB44B" 
},
{
 "id": "P065",
"label": "P065",
"size":       18,
"meta": "patient",
"fx": -464.1455,
"fy": 621.3829,
"fz": -562.7357,
"origX":    4.736,
"origY":   8.3742,
"origZ":  -1.8783,
"colorb": "#3CB44B" 
},
{
 "id": "P070",
"label": "P070",
"size":       18,
"meta": "patient",
"fx":  -640.74,
"fy": 225.0686,
"fz":  -223.85,
"origX": -0.12035,
"origY":   1.4387,
"origZ":   2.8661,
"colorb": "#3CB44B" 
},
{
 "id": "P080",
"label": "P080",
"size":       18,
"meta": "patient",
"fx": -340.1745,
"fy": 403.7143,
"fz": 649.6429,
"origX":   8.1452,
"origY":    4.565,
"origZ":   15.095,
"colorb": "#3CB44B" 
},
{
 "id": "P085",
"label": "P085",
"size":       18,
"meta": "patient",
"fx": -800.3855,
"fy": 766.2857,
"fz": -741.2214,
"origX":  -4.5106,
"origY":    10.91,
"origZ":  -4.3771,
"colorb": "#3CB44B" 
},
{
 "id": "P086",
"label": "P086",
"size":       18,
"meta": "patient",
"fx": -432.7382,
"fy": 589.8914,
"fz": -707.0714,
"origX":   5.5997,
"origY":   7.8231,
"origZ":   -3.899,
"colorb": "#3CB44B" 
},
{
 "id": "P089",
"label": "P089",
"size":       18,
"meta": "patient",
"fx": -554.8764,
"fy":   709.88,
"fz": -561.8214,
"origX":   2.2409,
"origY":   9.9229,
"origZ":  -1.8655,
"colorb": "#3CB44B" 
},
{
 "id": "P092",
"label": "P092",
"size":       18,
"meta": "patient",
"fx": -699.8255,
"fy": 198.0337,
"fz": -249.2429,
"origX":  -1.7452,
"origY":  0.96559,
"origZ":   2.5106,
"colorb": "#3CB44B" 
},
{
 "id": "P099",
"label": "P099",
"size":       18,
"meta": "patient",
"fx": -802.7636,
"fy": 73.10286,
"fz":   -166.2,
"origX":   -4.576,
"origY":  -1.2207,
"origZ":   3.6732,
"colorb": "#3CB44B" 
},
{
 "id": "P113",
"label": "P113",
"size":       18,
"meta": "patient",
"fx": 702.5818,
"fy":   -648.4,
"fz": -639.0429,
"origX":   36.821,
"origY":  -13.847,
"origZ":  -2.9466,
"colorb": "#3CB44B" 
},
{
 "id": "P013b",
"label": "P013b",
"size":       18,
"meta": "patient",
"fx": -442.9418,
"fy": 761.0857,
"fz": -602.7357,
"origX":   5.3191,
"origY":   10.819,
"origZ":  -2.4383,
"colorb": "#3CB44B" 
},
{
 "id": "P100b",
"label": "P100b",
"size":       18,
"meta": "patient",
"fx": -512.7236,
"fy": 736.2857,
"fz":  -614.05,
"origX":   3.4001,
"origY":   10.385,
"origZ":  -2.5967,
"colorb": "#3CB44B" 
} 
],
"meta": [ "control", "control", "control", "control", "control", "control", "control", "control", "control", "control", "control", "control", "control", "control", "control", "control", "control", "control", "control", "control", "control", "control", "control", "control", "control", "patient", "patient", "patient", "patient", "patient", "patient", "patient", "patient", "patient", "patient", "patient", "patient", "patient", "patient", "patient", "patient", "patient", "patient", "patient", "patient", "patient", "patient", "patient", "patient", "patient" ],
"loading": [
 {
 "id": "Bin.9.98",
"label": "Bin.9.98",
"size":       24,
"opacity":     0.36,
"fx": -340.7923,
"fy": -179.4869,
"fz": 156.0686,
"origX": -0.054303,
"origY": -0.0064102,
"origZ": 0.052312,
"seedArr": "notSeed",
"colorb": "#FCF2CF",
"colorw": "#FCF2CF" 
},
{
 "id": "Bin.9.94",
"label": "Bin.9.94",
"size":       24,
"opacity":     0.32,
"fx": 30.13615,
"fy": -129.4783,
"fz":   173.08,
"origX": -0.0060823,
"origY": 0.0023413,
"origZ": 0.055289,
"seedArr": "notSeed",
"colorb": "#FCF4D9",
"colorw": "#FCF4D9" 
},
{
 "id": "Bin.9.90",
"label": "Bin.9.90",
"size":       24,
"opacity":     0.37,
"fx": -281.3923,
"fy": 44.19429,
"fz": 164.9314,
"origX": -0.046581,
"origY": 0.032734,
"origZ": 0.053863,
"seedArr": "notSeed",
"colorb": "#FCF2CD",
"colorw": "#FCF2CD" 
},
{
 "id": "Bin.9.86",
"label": "Bin.9.86",
"size":       24,
"opacity":     0.34,
"fx": -262.2462,
"fy": -29.69714,
"fz": 82.57714,
"origX": -0.044092,
"origY": 0.019803,
"origZ": 0.039451,
"seedArr": "notSeed",
"colorb": "#FCF3D4",
"colorw": "#FCF3D4" 
},
{
 "id": "Bin.9.82",
"label": "Bin.9.82",
"size":       24,
"opacity":     0.34,
"fx":   -366.4,
"fy": -129.1486,
"fz": 27.43429,
"origX": -0.057632,
"origY": 0.002399,
"origZ": 0.029801,
"seedArr": "notSeed",
"colorb": "#FCF3D4",
"colorw": "#FCF3D4" 
},
{
 "id": "Bin.9.78",
"label": "Bin.9.78",
"size":       24,
"opacity":     0.33,
"fx": -114.1385,
"fy": -43.26286,
"fz": 161.2343,
"origX": -0.024838,
"origY": 0.017429,
"origZ": 0.053216,
"seedArr": "notSeed",
"colorb": "#FCF3D6",
"colorw": "#FCF3D6" 
},
{
 "id": "Bin.9.74",
"label": "Bin.9.74",
"size":       24,
"opacity":     0.45,
"fx": -542.7769,
"fy": -4.611429,
"fz": 174.5086,
"origX": -0.080561,
"origY": 0.024193,
"origZ": 0.055539,
"seedArr": "notSeed",
"colorb": "#FDF0B9",
"colorw": "#FDF0B9" 
},
{
 "id": "Bin.9.70",
"label": "Bin.9.70",
"size":       24,
"opacity":      0.3,
"fx": 193.8692,
"fy": 78.49143,
"fz": -12.24571,
"origX": 0.015203,
"origY": 0.038736,
"origZ": 0.022857,
"seedArr": "notSeed",
"colorb": "#FCF4DE",
"colorw": "#FCF4DE" 
},
{
 "id": "Bin.9.66",
"label": "Bin.9.66",
"size":       24,
"opacity":     0.38,
"fx": -353.5385,
"fy": 138.0629,
"fz": 56.38857,
"origX": -0.05596,
"origY": 0.049161,
"origZ": 0.034868,
"seedArr": "notSeed",
"colorb": "#FCF2CA",
"colorw": "#FCF2CA" 
},
{
 "id": "Bin.9.62",
"label": "Bin.9.62",
"size":       24,
"opacity":      0.4,
"fx": -431.0077,
"fy": 158.9943,
"fz":     70.4,
"origX": -0.066031,
"origY": 0.052824,
"origZ":  0.03732,
"seedArr": "notSeed",
"colorb": "#FDF1C5",
"colorw": "#FDF1C5" 
},
{
 "id": "Bin.9.58",
"label": "Bin.9.58",
"size":       24,
"opacity":     0.38,
"fx": -362.9692,
"fy": 70.35429,
"fz": 112.1657,
"origX": -0.057186,
"origY": 0.037312,
"origZ": 0.044629,
"seedArr": "notSeed",
"colorb": "#FCF2CB",
"colorw": "#FCF2CB" 
},
{
 "id": "Bin.9.54",
"label": "Bin.9.54",
"size":       24,
"opacity":     0.36,
"fx": -229.6923,
"fy": 122.2286,
"fz": 50.62857,
"origX": -0.03986,
"origY":  0.04639,
"origZ":  0.03386,
"seedArr": "notSeed",
"colorb": "#FCF3D1",
"colorw": "#FCF3D1" 
},
{
 "id": "Bin.9.50",
"label": "Bin.9.50",
"size":       24,
"opacity":     0.48,
"fx": -311.3462,
"fy":   279.84,
"fz": 200.8686,
"origX": -0.050475,
"origY": 0.073972,
"origZ": 0.060152,
"seedArr": "notSeed",
"colorb": "#FEEFB2",
"colorw": "#FEEFB2" 
},
{
 "id": "Bin.9.46",
"label": "Bin.9.46",
"size":       24,
"opacity":     0.38,
"fx": -345.5615,
"fy": 196.3657,
"fz": -153.8171,
"origX": -0.054923,
"origY": 0.059364,
"origZ": -0.001918,
"seedArr": "notSeed",
"colorb": "#FCF2CC",
"colorw": "#FCF2CC" 
},
{
 "id": "Bin.9.42",
"label": "Bin.9.42",
"size":       24,
"opacity":     0.44,
"fx": -271.0154,
"fy":   346.28,
"fz": -34.22286,
"origX": -0.045232,
"origY": 0.085599,
"origZ": 0.019011,
"seedArr": "notSeed",
"colorb": "#FDF0BB",
"colorw": "#FDF0BB" 
},
{
 "id": "Bin.9.38",
"label": "Bin.9.38",
"size":       24,
"opacity":     0.66,
"fx": -701.4615,
"fy":   381.08,
"fz": 50.91429,
"origX": -0.10119,
"origY": 0.091689,
"origZ":  0.03391,
"seedArr": "notSeed",
"colorb": "#F89B65",
"colorw": "#F89B65" 
},
{
 "id": "Bin.9.34",
"label": "Bin.9.34",
"size":       24,
"opacity":     0.39,
"fx": -275.2615,
"fy": 246.7771,
"fz":     14.4,
"origX": -0.045784,
"origY": 0.068186,
"origZ":  0.02752,
"seedArr": "notSeed",
"colorb": "#FDF2C8",
"colorw": "#FDF2C8" 
},
{
 "id": "Bin.9.30",
"label": "Bin.9.30",
"size":       24,
"opacity":     0.52,
"fx": -604.8154,
"fy": 220.4629,
"fz": -339.0114,
"origX": -0.088626,
"origY": 0.063581,
"origZ": -0.034327,
"seedArr": "notSeed",
"colorb": "#FEEDA7",
"colorw": "#FEEDA7" 
},
{
 "id": "Bin.9.26",
"label": "Bin.9.26",
"size":       24,
"opacity":     0.34,
"fx":    27.12,
"fy": -0.3142857,
"fz": -464.7829,
"origX": -0.0064744,
"origY": 0.024945,
"origZ": -0.056337,
"seedArr": "notSeed",
"colorb": "#FCF3D6",
"colorw": "#FCF3D6" 
},
{
 "id": "Bin.9.22",
"label": "Bin.9.22",
"size":       24,
"opacity":     0.47,
"fx": -284.9308,
"fy": 364.5257,
"fz":    78.28,
"origX": -0.047041,
"origY": 0.088792,
"origZ": 0.038699,
"seedArr": "notSeed",
"colorb": "#FEEFB3",
"colorw": "#FEEFB3" 
},
{
 "id": "Bin.9.18",
"label": "Bin.9.18",
"size":       24,
"opacity":     0.53,
"fx": -388.7308,
"fy": 263.0514,
"fz": 261.1771,
"origX": -0.060535,
"origY": 0.071034,
"origZ": 0.070706,
"seedArr": "notSeed",
"colorb": "#FEEDA5",
"colorw": "#FEEDA5" 
},
{
 "id": "Bin.9.14",
"label": "Bin.9.14",
"size":       24,
"opacity":     0.44,
"fx":   -621.6,
"fy": -139.9906,
"fz":  -357.76,
"origX": -0.090808,
"origY": 0.00050164,
"origZ": -0.037608,
"seedArr": "notSeed",
"colorb": "#FDF0BC",
"colorw": "#FDF0BC" 
},
{
 "id": "Bin.9.10",
"label": "Bin.9.10",
"size":       24,
"opacity":      0.7,
"fx": -881.5385,
"fy": 286.6343,
"fz": -86.75771,
"origX":  -0.1246,
"origY": 0.075161,
"origZ": 0.0098174,
"seedArr": "notSeed",
"colorb": "#F68253",
"colorw": "#F68253" 
},
{
 "id": "Bin.9.06",
"label": "Bin.9.06",
"size":       24,
"opacity":     0.63,
"fx": -800.3846,
"fy": 296.4286,
"fz": -146.5136,
"origX": -0.11405,
"origY": 0.076875,
"origZ": -0.00063988,
"seedArr": "notSeed",
"colorb": "#FAB276",
"colorw": "#FAB276" 
},
{
 "id": "Bin.9.02",
"label": "Bin.9.02",
"size":       24,
"opacity":      0.7,
"fx": -780.6923,
"fy":   396.92,
"fz": -70.86857,
"origX": -0.11149,
"origY": 0.094461,
"origZ": 0.012598,
"seedArr": "notSeed",
"colorb": "#F57E50",
"colorw": "#F57E50" 
},
{
 "id": "Bin.8.98",
"label": "Bin.8.98",
"size":       24,
"opacity":      0.6,
"fx": 29.39615,
"fy": 423.1257,
"fz": -653.4571,
"origX": -0.0061785,
"origY": 0.099047,
"origZ": -0.089355,
"seedArr": "notSeed",
"colorb": "#FBC885",
"colorw": "#FBC885" 
},
{
 "id": "Bin.8.94",
"label": "Bin.8.94",
"size":       24,
"opacity":     0.72,
"fx": -687.8077,
"fy": 479.2571,
"fz":    14.64,
"origX": -0.099415,
"origY":  0.10887,
"origZ": 0.027562,
"seedArr": "notSeed",
"colorb": "#F47449",
"colorw": "#F47449" 
},
{
 "id": "Bin.8.90",
"label": "Bin.8.90",
"size":       24,
"opacity":     0.59,
"fx": -311.0462,
"fy":    469.2,
"fz": -478.1714,
"origX": -0.050436,
"origY":  0.10711,
"origZ": -0.05868,
"seedArr": "notSeed",
"colorb": "#FCCF8A",
"colorw": "#FCCF8A" 
},
{
 "id": "Bin.8.86",
"label": "Bin.8.86",
"size":       24,
"opacity":     0.46,
"fx": -527.3615,
"fy":     72.8,
"fz": -449.8571,
"origX": -0.078557,
"origY":  0.03774,
"origZ": -0.053725,
"seedArr": "notSeed",
"colorb": "#FDEFB7",
"colorw": "#FDEFB7" 
},
{
 "id": "Bin.8.82",
"label": "Bin.8.82",
"size":       24,
"opacity":     0.48,
"fx": -698.7692,
"fy":   -44.88,
"fz": -346.1657,
"origX": -0.10084,
"origY": 0.017146,
"origZ": -0.035579,
"seedArr": "notSeed",
"colorb": "#FEEFB1",
"colorw": "#FEEFB1" 
},
{
 "id": "Bin.8.78",
"label": "Bin.8.78",
"size":       24,
"opacity":     0.51,
"fx": 48.93308,
"fy": 480.2286,
"fz": -276.8914,
"origX": -0.0036387,
"origY":  0.10904,
"origZ": -0.023456,
"seedArr": "notSeed",
"colorb": "#FEEEAB",
"colorw": "#FEEEAB" 
},
{
 "id": "Bin.8.74",
"label": "Bin.8.74",
"size":       24,
"opacity":     0.48,
"fx": 10.47615,
"fy": 330.4914,
"fz":      250,
"origX": -0.0086381,
"origY": 0.082836,
"origZ":  0.06875,
"seedArr": "notSeed",
"colorb": "#FEEFB2",
"colorw": "#FEEFB2" 
},
{
 "id": "Bin.8.70",
"label": "Bin.8.70",
"size":       24,
"opacity":     0.45,
"fx":    88.79,
"fy": 314.7943,
"fz": 214.1486,
"origX": 0.0015427,
"origY": 0.080089,
"origZ": 0.062476,
"seedArr": "notSeed",
"colorb": "#FDF0B9",
"colorw": "#FDF0B9" 
},
{
 "id": "Bin.8.66",
"label": "Bin.8.66",
"size":       24,
"opacity":     0.68,
"fx": 118.9162,
"fy": 674.4571,
"fz": -146.2824,
"origX": 0.0054591,
"origY":  0.14303,
"origZ": -0.00059942,
"seedArr": "notSeed",
"colorb": "#F7905D",
"colorw": "#F7905D" 
},
{
 "id": "Bin.8.62",
"label": "Bin.8.62",
"size":       24,
"opacity":      0.4,
"fx": 64.60385,
"fy": 332.3771,
"fz": 79.12571,
"origX": -0.0016015,
"origY": 0.083166,
"origZ": 0.038847,
"seedArr": "notSeed",
"colorb": "#FDF1C6",
"colorw": "#FDF1C6" 
},
{
 "id": "Bin.8.58",
"label": "Bin.8.58",
"size":       24,
"opacity":     0.63,
"fx": 9.545385,
"fy": 640.1714,
"fz": -91.38629,
"origX": -0.0087591,
"origY":  0.13703,
"origZ": 0.0090074,
"seedArr": "notSeed",
"colorb": "#F9B174",
"colorw": "#F9B174" 
},
{
 "id": "Bin.8.54",
"label": "Bin.8.54",
"size":       24,
"opacity":     0.52,
"fx": -517.4462,
"fy": -266.7029,
"fz":  -605.76,
"origX": -0.077268,
"origY": -0.021673,
"origZ": -0.081008,
"seedArr": "notSeed",
"colorb": "#FEEEA7",
"colorw": "#FEEEA7" 
},
{
 "id": "Bin.8.50",
"label": "Bin.8.50",
"size":       24,
"opacity":      0.5,
"fx": -258.3231,
"fy": 350.2114,
"fz": -442.8343,
"origX": -0.043582,
"origY": 0.086287,
"origZ": -0.052496,
"seedArr": "notSeed",
"colorb": "#FEEEAC",
"colorw": "#FEEEAC" 
},
{
 "id": "Bin.8.46",
"label": "Bin.8.46",
"size":       24,
"opacity":     0.37,
"fx": 126.0038,
"fy": 215.1086,
"fz": -392.5657,
"origX": 0.0063805,
"origY": 0.062644,
"origZ": -0.043699,
"seedArr": "notSeed",
"colorb": "#FCF2CD",
"colorw": "#FCF2CD" 
},
{
 "id": "Bin.8.42",
"label": "Bin.8.42",
"size":       24,
"opacity":     0.57,
"fx": 225.8538,
"fy": 571.6571,
"fz": -131.3646,
"origX": 0.019361,
"origY":  0.12504,
"origZ": 0.0020112,
"seedArr": "notSeed",
"colorb": "#FEE197",
"colorw": "#FEE197" 
},
{
 "id": "Bin.8.38",
"label": "Bin.8.38",
"size":       24,
"opacity":     0.58,
"fx": 342.2923,
"fy": 566.7429,
"fz": -238.2971,
"origX": 0.034498,
"origY":  0.12418,
"origZ": -0.016702,
"seedArr": "notSeed",
"colorb": "#FDD68F",
"colorw": "#FDD68F" 
},
{
 "id": "Bin.8.34",
"label": "Bin.8.34",
"size":       24,
"opacity":     0.49,
"fx":    195.3,
"fy": 449.7714,
"fz": -330.7657,
"origX": 0.015389,
"origY":  0.10371,
"origZ": -0.032884,
"seedArr": "notSeed",
"colorb": "#FEEEAE",
"colorw": "#FEEEAE" 
},
{
 "id": "Bin.8.30",
"label": "Bin.8.30",
"size":       24,
"opacity":     0.61,
"fx": 183.7154,
"fy": 617.8286,
"fz": -256.2857,
"origX": 0.013883,
"origY":  0.13312,
"origZ": -0.01985,
"seedArr": "notSeed",
"colorb": "#FBC180",
"colorw": "#FBC180" 
},
{
 "id": "Bin.8.26",
"label": "Bin.8.26",
"size":       24,
"opacity":     0.66,
"fx": 316.6308,
"fy": 618.3429,
"fz": -328.0114,
"origX": 0.031162,
"origY":  0.13321,
"origZ": -0.032402,
"seedArr": "notSeed",
"colorb": "#F89D66",
"colorw": "#F89D66" 
},
{
 "id": "Bin.8.22",
"label": "Bin.8.22",
"size":       24,
"opacity":      0.6,
"fx": 450.4462,
"fy": 326.4629,
"fz": -676.9486,
"origX": 0.048558,
"origY": 0.082131,
"origZ": -0.093466,
"seedArr": "notSeed",
"colorb": "#FBC684",
"colorw": "#FBC684" 
},
{
 "id": "Bin.8.18",
"label": "Bin.8.18",
"size":       24,
"opacity":     0.32,
"fx": 73.33554,
"fy": 61.95429,
"fz": -380.0457,
"origX": -0.00046638,
"origY": 0.035842,
"origZ": -0.041508,
"seedArr": "notSeed",
"colorb": "#FCF4DA",
"colorw": "#FCF4DA" 
},
{
 "id": "Bin.8.14",
"label": "Bin.8.14",
"size":       24,
"opacity":     0.57,
"fx": 247.1308,
"fy":    574.8,
"fz": -77.95429,
"origX": 0.022127,
"origY":  0.12559,
"origZ": 0.011358,
"seedArr": "notSeed",
"colorb": "#FDDF96",
"colorw": "#FDDF96" 
},
{
 "id": "Bin.8.10",
"label": "Bin.8.10",
"size":       24,
"opacity":     0.41,
"fx": -191.2769,
"fy": 190.5314,
"fz": -510.7657,
"origX": -0.034866,
"origY": 0.058343,
"origZ": -0.064384,
"seedArr": "notSeed",
"colorb": "#FDF1C3",
"colorw": "#FDF1C3" 
},
{
 "id": "Bin.8.06",
"label": "Bin.8.06",
"size":       24,
"opacity":     0.44,
"fx": -145.5692,
"fy": 284.7714,
"fz": -470.4171,
"origX": -0.028924,
"origY": 0.074835,
"origZ": -0.057323,
"seedArr": "notSeed",
"colorb": "#FDF0BC",
"colorw": "#FDF0BC" 
},
{
 "id": "Bin.8.02",
"label": "Bin.8.02",
"size":       24,
"opacity":     0.31,
"fx": -64.73077,
"fy": 69.63429,
"fz": -290.1086,
"origX": -0.018415,
"origY": 0.037186,
"origZ": -0.025769,
"seedArr": "notSeed",
"colorb": "#FCF4DD",
"colorw": "#FCF4DD" 
},
{
 "id": "Bin.7.98",
"label": "Bin.7.98",
"size":       24,
"opacity":      0.4,
"fx": -49.88462,
"fy": -222.7086,
"fz": 364.8686,
"origX": -0.016485,
"origY": -0.013974,
"origZ": 0.088852,
"seedArr": "notSeed",
"colorb": "#FDF1C6",
"colorw": "#FDF1C6" 
},
{
 "id": "Bin.7.94",
"label": "Bin.7.94",
"size":       24,
"opacity":     0.31,
"fx": -184.5692,
"fy": -101.4937,
"fz":  -332.32,
"origX": -0.033994,
"origY": 0.0072386,
"origZ": -0.033156,
"seedArr": "notSeed",
"colorb": "#FCF4DD",
"colorw": "#FCF4DD" 
},
{
 "id": "Bin.7.90",
"label": "Bin.7.90",
"size":       24,
"opacity":     0.35,
"fx": 355.6077,
"fy": -9.165714,
"fz": 149.7429,
"origX": 0.036229,
"origY": 0.023396,
"origZ": 0.051205,
"seedArr": "notSeed",
"colorb": "#FCF3D2",
"colorw": "#FCF3D2" 
},
{
 "id": "Bin.7.86",
"label": "Bin.7.86",
"size":       24,
"opacity":     0.62,
"fx":   -478.3,
"fy":   -800.8,
"fz": -117.8863,
"origX": -0.072179,
"origY": -0.11514,
"origZ": 0.0043699,
"seedArr": "notSeed",
"colorb": "#FABB7C",
"colorw": "#FABB7C" 
},
{
 "id": "Bin.7.82",
"label": "Bin.7.82",
"size":       24,
"opacity":     0.64,
"fx": -519.9385,
"fy":   -790.8,
"fz": -87.63029,
"origX": -0.077592,
"origY": -0.11339,
"origZ": 0.0096647,
"seedArr": "notSeed",
"colorb": "#F9AF73",
"colorw": "#F9AF73" 
},
{
 "id": "Bin.7.78",
"label": "Bin.7.78",
"size":       24,
"opacity":     0.39,
"fx": -13.76154,
"fy": 328.9771,
"fz": -1.897143,
"origX": -0.011789,
"origY": 0.082571,
"origZ": 0.024668,
"seedArr": "notSeed",
"colorb": "#FDF2C8",
"colorw": "#FDF2C8" 
},
{
 "id": "Bin.7.74",
"label": "Bin.7.74",
"size":       24,
"opacity":     0.31,
"fx": 68.45462,
"fy": 132.6571,
"fz": -201.7486,
"origX": -0.0011009,
"origY": 0.048215,
"origZ": -0.010306,
"seedArr": "notSeed",
"colorb": "#FCF4DC",
"colorw": "#FCF4DC" 
},
{
 "id": "Bin.7.70",
"label": "Bin.7.70",
"size":       24,
"opacity":      0.3,
"fx": -70.13846,
"fy": -54.41143,
"fz":   -78.56,
"origX": -0.019118,
"origY": 0.015478,
"origZ": 0.011252,
"seedArr": "notSeed",
"colorb": "#FCF5DF",
"colorw": "#FCF5DF" 
},
{
 "id": "Bin.7.66",
"label": "Bin.7.66",
"size":       24,
"opacity":     0.65,
"fx": -469.6308,
"fy": -821.4286,
"fz": -33.65143,
"origX": -0.071052,
"origY": -0.11875,
"origZ": 0.019111,
"seedArr": "notSeed",
"colorb": "#F8A26A",
"colorw": "#F8A26A" 
},
{
 "id": "Bin.7.62",
"label": "Bin.7.62",
"size":       24,
"opacity":     0.56,
"fx":     -621,
"fy": -622.8914,
"fz": -109.2914,
"origX": -0.09073,
"origY": -0.084006,
"origZ": 0.005874,
"seedArr": "notSeed",
"colorb": "#FEE89C",
"colorw": "#FEE89C" 
},
{
 "id": "Bin.7.58",
"label": "Bin.7.58",
"size":       24,
"opacity":     0.59,
"fx": -675.4154,
"fy": -645.7143,
"fz": -68.74857,
"origX": -0.097804,
"origY":   -0.088,
"origZ": 0.012969,
"seedArr": "notSeed",
"colorb": "#FCCD89",
"colorw": "#FCCD89" 
},
{
 "id": "Bin.7.54",
"label": "Bin.7.54",
"size":       24,
"opacity":     0.62,
"fx": -568.7385,
"fy": -758.7429,
"fz": -119.8274,
"origX": -0.083936,
"origY": -0.10778,
"origZ": 0.0040302,
"seedArr": "notSeed",
"colorb": "#FAB87A",
"colorw": "#FAB87A" 
},
{
 "id": "Bin.7.50",
"label": "Bin.7.50",
"size":       24,
"opacity":      0.5,
"fx": -633.7923,
"fy": -16.71429,
"fz": 175.2171,
"origX": -0.092393,
"origY": 0.022075,
"origZ": 0.055663,
"seedArr": "notSeed",
"colorb": "#FEEEAC",
"colorw": "#FEEEAC" 
},
{
 "id": "Bin.7.46",
"label": "Bin.7.46",
"size":       24,
"opacity":     0.77,
"fx": -156.7231,
"fy": 199.2629,
"fz": 711.7714,
"origX": -0.030374,
"origY": 0.059871,
"origZ":  0.14956,
"seedArr": "notSeed",
"colorb": "#F14C2C",
"colorw": "#F14C2C" 
},
{
 "id": "Bin.7.42",
"label": "Bin.7.42",
"size":       24,
"opacity":     0.79,
"fx": 38.64846,
"fy": -253.7943,
"fz":    880.8,
"origX": -0.0049757,
"origY": -0.019414,
"origZ":  0.17914,
"seedArr": "notSeed",
"colorb": "#F04023",
"colorw": "#F04023" 
},
{
 "id": "Bin.7.38",
"label": "Bin.7.38",
"size":       24,
"opacity":     0.78,
"fx": -38.49231,
"fy":  -257.48,
"fz": 808.4571,
"origX": -0.015004,
"origY": -0.020059,
"origZ":  0.16648,
"seedArr": "notSeed",
"colorb": "#F04527",
"colorw": "#F04527" 
},
{
 "id": "Bin.7.34",
"label": "Bin.7.34",
"size":       24,
"opacity":      0.8,
"fx": 68.52308,
"fy": -268.5257,
"fz": 933.4857,
"origX": -0.001092,
"origY": -0.021992,
"origZ":  0.18836,
"seedArr": "notSeed",
"colorb": "#F03B20",
"colorw": "#F03B20" 
},
{
 "id": "Bin.7.30",
"label": "Bin.7.30",
"size":       24,
"opacity":      0.6,
"fx": -494.1154,
"fy": -556.1429,
"fz": 330.6686,
"origX": -0.074235,
"origY": -0.072325,
"origZ": 0.082867,
"seedArr": "notSeed",
"colorb": "#FCCB88",
"colorw": "#FCCB88" 
},
{
 "id": "Bin.7.26",
"label": "Bin.7.26",
"size":       24,
"opacity":     0.73,
"fx": -303.4462,
"fy": -273.2857,
"fz": 660.5143,
"origX": -0.049448,
"origY": -0.022825,
"origZ":  0.14059,
"seedArr": "notSeed",
"colorb": "#F46E45",
"colorw": "#F46E45" 
},
{
 "id": "Bin.7.22",
"label": "Bin.7.22",
"size":       24,
"opacity":     0.74,
"fx": -340.9231,
"fy":  -539.08,
"fz": 579.6571,
"origX": -0.05432,
"origY": -0.069339,
"origZ":  0.12644,
"seedArr": "notSeed",
"colorb": "#F3643D",
"colorw": "#F3643D" 
},
{
 "id": "Bin.7.18",
"label": "Bin.7.18",
"size":       24,
"opacity":     0.33,
"fx": -193.1692,
"fy": -232.2629,
"fz": 91.37143,
"origX": -0.035112,
"origY": -0.015646,
"origZ":  0.04099,
"seedArr": "notSeed",
"colorb": "#FCF4D8",
"colorw": "#FCF4D8" 
},
{
 "id": "Bin.7.14",
"label": "Bin.7.14",
"size":       24,
"opacity":     0.35,
"fx": -330.4615,
"fy": -75.25143,
"fz": -374.9886,
"origX": -0.05296,
"origY": 0.011831,
"origZ": -0.040623,
"seedArr": "notSeed",
"colorb": "#FCF3D2",
"colorw": "#FCF3D2" 
},
{
 "id": "Bin.7.10",
"label": "Bin.7.10",
"size":       24,
"opacity":     0.36,
"fx": 14.61077,
"fy": -116.9886,
"fz": -542.7143,
"origX": -0.0081006,
"origY": 0.004527,
"origZ": -0.069975,
"seedArr": "notSeed",
"colorb": "#FCF3D0",
"colorw": "#FCF3D0" 
},
{
 "id": "Bin.7.06",
"label": "Bin.7.06",
"size":       24,
"opacity":      0.5,
"fx": 85.22154,
"fy": 30.28571,
"fz": 461.3143,
"origX": 0.0010788,
"origY":   0.0303,
"origZ":  0.10573,
"seedArr": "notSeed",
"colorb": "#FEEEAD",
"colorw": "#FEEEAD" 
},
{
 "id": "Bin.7.02",
"label": "Bin.7.02",
"size":       24,
"opacity":     0.48,
"fx": -34.48462,
"fy": 247.3029,
"fz": 330.5829,
"origX": -0.014483,
"origY": 0.068278,
"origZ": 0.082852,
"seedArr": "notSeed",
"colorb": "#FEEFB0",
"colorw": "#FEEFB0" 
},
{
 "id": "Bin.6.98",
"label": "Bin.6.98",
"size":       24,
"opacity":     0.58,
"fx": -398.6615,
"fy": 30.35429,
"fz": 479.8857,
"origX": -0.061826,
"origY": 0.030312,
"origZ":  0.10898,
"seedArr": "notSeed",
"colorb": "#FDD891",
"colorw": "#FDD891" 
},
{
 "id": "Bin.6.94",
"label": "Bin.6.94",
"size":       24,
"opacity":     0.69,
"fx": -856.3077,
"fy": 209.2743,
"fz": 134.4857,
"origX": -0.12132,
"origY": 0.061623,
"origZ": 0.048535,
"seedArr": "notSeed",
"colorb": "#F68958",
"colorw": "#F68958" 
},
{
 "id": "Bin.6.90",
"label": "Bin.6.90",
"size":       24,
"opacity":     0.44,
"fx": -411.0692,
"fy": 192.1771,
"fz":   135.12,
"origX": -0.063439,
"origY": 0.058631,
"origZ": 0.048646,
"seedArr": "notSeed",
"colorb": "#FDF0BA",
"colorw": "#FDF0BA" 
},
{
 "id": "Bin.6.86",
"label": "Bin.6.86",
"size":       24,
"opacity":     0.46,
"fx":   -636.9,
"fy": 98.09714,
"fz": -86.24743,
"origX": -0.092797,
"origY": 0.042167,
"origZ": 0.0099067,
"seedArr": "notSeed",
"colorb": "#FDEFB6",
"colorw": "#FDEFB6" 
},
{
 "id": "Bin.6.82",
"label": "Bin.6.82",
"size":       24,
"opacity":     0.42,
"fx": 80.65923,
"fy":   401.56,
"fz": -105.6337,
"origX": 0.0004857,
"origY": 0.095273,
"origZ": 0.0065141,
"seedArr": "notSeed",
"colorb": "#FDF1C1",
"colorw": "#FDF1C1" 
},
{
 "id": "Bin.6.78",
"label": "Bin.6.78",
"size":       24,
"opacity":     0.68,
"fx": -871.3846,
"fy": 246.7714,
"fz": 17.76571,
"origX": -0.12328,
"origY": 0.068185,
"origZ": 0.028109,
"seedArr": "notSeed",
"colorb": "#F78F5C",
"colorw": "#F78F5C" 
},
{
 "id": "Bin.6.74",
"label": "Bin.6.74",
"size":       24,
"opacity":      0.7,
"fx": -864.9231,
"fy": 272.8629,
"fz": 32.60571,
"origX": -0.12244,
"origY": 0.072751,
"origZ": 0.030706,
"seedArr": "notSeed",
"colorb": "#F68454",
"colorw": "#F68454" 
},
{
 "id": "Bin.6.70",
"label": "Bin.6.70",
"size":       24,
"opacity":     0.67,
"fx": -856.6154,
"fy": 263.0743,
"fz": -21.17143,
"origX": -0.12136,
"origY": 0.071038,
"origZ": 0.021295,
"seedArr": "notSeed",
"colorb": "#F79460",
"colorw": "#F79460" 
},
{
 "id": "Bin.6.66",
"label": "Bin.6.66",
"size":       24,
"opacity":     0.67,
"fx": -905.3077,
"fy": 192.3714,
"fz": -30.83429,
"origX": -0.12769,
"origY": 0.058665,
"origZ": 0.019604,
"seedArr": "notSeed",
"colorb": "#F79661",
"colorw": "#F79661" 
},
{
 "id": "Bin.6.62",
"label": "Bin.6.62",
"size":       24,
"opacity":     0.55,
"fx":     -802,
"fy":    64.24,
"fz":   -72.48,
"origX": -0.11426,
"origY": 0.036242,
"origZ": 0.012316,
"seedArr": "notSeed",
"colorb": "#FEEDA0",
"colorw": "#FEEDA0" 
},
{
 "id": "Bin.6.58",
"label": "Bin.6.58",
"size":       24,
"opacity":     0.53,
"fx": -779.6923,
"fy": 40.71429,
"fz": -38.94286,
"origX": -0.11136,
"origY": 0.032125,
"origZ": 0.018185,
"seedArr": "notSeed",
"colorb": "#FEEDA4",
"colorw": "#FEEDA4" 
},
{
 "id": "Bin.6.54",
"label": "Bin.6.54",
"size":       24,
"opacity":     0.53,
"fx": -744.6923,
"fy": 23.96571,
"fz": 65.01714,
"origX": -0.10681,
"origY": 0.029194,
"origZ": 0.036378,
"seedArr": "notSeed",
"colorb": "#FEEDA6",
"colorw": "#FEEDA6" 
},
{
 "id": "Bin.6.50",
"label": "Bin.6.50",
"size":       24,
"opacity":     0.33,
"fx": -39.26154,
"fy": -434.2857,
"fz": -11.22857,
"origX": -0.015104,
"origY":   -0.051,
"origZ": 0.023035,
"seedArr": "notSeed",
"colorb": "#FCF4D8",
"colorw": "#FCF4D8" 
},
{
 "id": "Bin.6.46",
"label": "Bin.6.46",
"size":       24,
"opacity":     0.32,
"fx": -8.746154,
"fy": -389.5486,
"fz":       21,
"origX": -0.011137,
"origY": -0.043171,
"origZ": 0.028675,
"seedArr": "notSeed",
"colorb": "#FCF4DB",
"colorw": "#FCF4DB" 
},
{
 "id": "Bin.6.42",
"label": "Bin.6.42",
"size":       24,
"opacity":     0.49,
"fx": -692.2538,
"fy": -105.144,
"fz": 98.05143,
"origX": -0.099993,
"origY": 0.0065998,
"origZ": 0.042159,
"seedArr": "notSeed",
"colorb": "#FEEFB0",
"colorw": "#FEEFB0" 
},
{
 "id": "Bin.6.38",
"label": "Bin.6.38",
"size":       24,
"opacity":     0.33,
"fx":      -28,
"fy": -454.7143,
"fz": -14.34286,
"origX": -0.01364,
"origY": -0.054575,
"origZ":  0.02249,
"seedArr": "notSeed",
"colorb": "#FCF4D7",
"colorw": "#FCF4D7" 
},
{
 "id": "Bin.6.34",
"label": "Bin.6.34",
"size":       24,
"opacity":     0.49,
"fx": -677.4923,
"fy": -99.15714,
"fz":   133.16,
"origX": -0.098074,
"origY": 0.0076475,
"origZ": 0.048303,
"seedArr": "notSeed",
"colorb": "#FEEEAE",
"colorw": "#FEEEAE" 
},
{
 "id": "Bin.6.30",
"label": "Bin.6.30",
"size":       24,
"opacity":     0.34,
"fx": -31.66154,
"fy": -465.1371,
"fz": -14.18286,
"origX": -0.014116,
"origY": -0.056399,
"origZ": 0.022518,
"seedArr": "notSeed",
"colorb": "#FCF3D5",
"colorw": "#FCF3D5" 
},
{
 "id": "Bin.4.38",
"label": "Bin.4.38",
"size":       24,
"opacity":     0.38,
"fx": 445.3154,
"fy":  -528.44,
"fz": -121.4251,
"origX": 0.047891,
"origY": -0.067477,
"origZ": 0.0037506,
"seedArr": "notSeed",
"colorb": "#FCF2CA",
"colorw": "#FCF2CA" 
},
{
 "id": "Bin.4.34",
"label": "Bin.4.34",
"size":       24,
"opacity":     0.47,
"fx": 665.8231,
"fy":   -66.96,
"fz": 253.6914,
"origX": 0.076557,
"origY": 0.013282,
"origZ": 0.069396,
"seedArr": "notSeed",
"colorb": "#FDEFB5",
"colorw": "#FDEFB5" 
},
{
 "id": "Bin.4.30",
"label": "Bin.4.30",
"size":       24,
"opacity":     0.42,
"fx": 550.6231,
"fy": 96.09714,
"fz":   205.12,
"origX": 0.061581,
"origY": 0.041817,
"origZ": 0.060896,
"seedArr": "notSeed",
"colorb": "#FDF1BF",
"colorw": "#FDF1BF" 
},
{
 "id": "Bin.4.26",
"label": "Bin.4.26",
"size":       24,
"opacity":     0.64,
"fx": 530.2615,
"fy": 275.2457,
"fz": 439.4286,
"origX": 0.058934,
"origY": 0.073168,
"origZ":   0.1019,
"seedArr": "notSeed",
"colorb": "#F9A96F",
"colorw": "#F9A96F" 
},
{
 "id": "Bin.4.22",
"label": "Bin.4.22",
"size":       24,
"opacity":     0.58,
"fx": 702.1615,
"fy": 16.51429,
"fz": 414.4571,
"origX": 0.081281,
"origY":  0.02789,
"origZ":  0.09753,
"seedArr": "notSeed",
"colorb": "#FCD48E",
"colorw": "#FCD48E" 
},
{
 "id": "Bin.4.18",
"label": "Bin.4.18",
"size":       24,
"opacity":     0.79,
"fx": 575.9692,
"fy": -134.048,
"fz": 821.0857,
"origX": 0.064876,
"origY": 0.0015416,
"origZ":  0.16869,
"seedArr": "notSeed",
"colorb": "#F03E22",
"colorw": "#F03E22" 
},
{
 "id": "Bin.4.14",
"label": "Bin.4.14",
"size":       24,
"opacity":     0.64,
"fx": 773.4846,
"fy": 53.24571,
"fz": 417.8514,
"origX": 0.090553,
"origY": 0.034318,
"origZ": 0.098124,
"seedArr": "notSeed",
"colorb": "#F9AD72",
"colorw": "#F9AD72" 
},
{
 "id": "Bin.4.10",
"label": "Bin.4.10",
"size":       24,
"opacity":     0.41,
"fx": 746.6077,
"fy": -26.50857,
"fz": 14.56571,
"origX": 0.087059,
"origY": 0.020361,
"origZ": 0.027549,
"seedArr": "notSeed",
"colorb": "#FDF1C4",
"colorw": "#FDF1C4" 
},
{
 "id": "Bin.4.06",
"label": "Bin.4.06",
"size":       24,
"opacity":      0.5,
"fx": 285.2538,
"fy": -550.5771,
"fz": -601.0343,
"origX": 0.027083,
"origY": -0.071351,
"origZ": -0.080181,
"seedArr": "notSeed",
"colorb": "#FEEEAB",
"colorw": "#FEEEAB" 
},
{
 "id": "Bin.4.02",
"label": "Bin.4.02",
"size":       24,
"opacity":     0.39,
"fx": 673.0154,
"fy": -289.5143,
"fz": -341.3029,
"origX": 0.077492,
"origY": -0.025665,
"origZ": -0.034728,
"seedArr": "notSeed",
"colorb": "#FDF2C7",
"colorw": "#FDF2C7" 
},
{
 "id": "Bin.4.04",
"label": "Bin.4.04",
"size":       24,
"opacity":     0.51,
"fx": 367.9538,
"fy":  -539.96,
"fz": -596.1143,
"origX": 0.037834,
"origY": -0.069493,
"origZ": -0.07932,
"seedArr": "notSeed",
"colorb": "#FEEEA9",
"colorw": "#FEEEA9" 
},
{
 "id": "Bin.3.98",
"label": "Bin.3.98",
"size":       24,
"opacity":      0.6,
"fx": -127.6154,
"fy": -880.1143,
"fz": -239.6114,
"origX": -0.02659,
"origY": -0.12902,
"origZ": -0.016932,
"seedArr": "notSeed",
"colorb": "#FCCA86",
"colorw": "#FCCA86" 
},
{
 "id": "Bin.3.94",
"label": "Bin.3.94",
"size":       24,
"opacity":     0.55,
"fx": 465.3538,
"fy": -592.0171,
"fz": 318.8286,
"origX": 0.050496,
"origY": -0.078603,
"origZ": 0.080795,
"seedArr": "notSeed",
"colorb": "#FEEA9E",
"colorw": "#FEEA9E" 
},
{
 "id": "Bin.3.90",
"label": "Bin.3.90",
"size":       24,
"opacity":     0.79,
"fx": 847.2308,
"fy": -107.4834,
"fz": 646.7429,
"origX":  0.10014,
"origY": 0.0061904,
"origZ":  0.13818,
"seedArr": "notSeed",
"colorb": "#F04225",
"colorw": "#F04225" 
},
{
 "id": "Bin.3.86",
"label": "Bin.3.86",
"size":       24,
"opacity":     0.74,
"fx": 946.3077,
"fy": -119.4983,
"fz": 452.4571,
"origX":  0.11302,
"origY": 0.0040878,
"origZ":  0.10418,
"seedArr": "notSeed",
"colorb": "#F3653E",
"colorw": "#F3653E" 
},
{
 "id": "Bin.3.82",
"label": "Bin.3.82",
"size":       24,
"opacity":     0.67,
"fx": 797.6538,
"fy": -275.6686,
"fz":    445.6,
"origX": 0.093695,
"origY": -0.023242,
"origZ":  0.10298,
"seedArr": "notSeed",
"colorb": "#F79964",
"colorw": "#F79964" 
},
{
 "id": "Bin.3.78",
"label": "Bin.3.78",
"size":       24,
"opacity":     0.63,
"fx": 806.8769,
"fy": -204.8114,
"fz": 421.3371,
"origX": 0.094894,
"origY": -0.010842,
"origZ": 0.098734,
"seedArr": "notSeed",
"colorb": "#FAB477",
"colorw": "#FAB477" 
},
{
 "id": "Bin.3.74",
"label": "Bin.3.74",
"size":       24,
"opacity":     0.73,
"fx": 788.9692,
"fy": 92.08571,
"fz": 511.7143,
"origX": 0.092566,
"origY": 0.041115,
"origZ":  0.11455,
"seedArr": "notSeed",
"colorb": "#F36941",
"colorw": "#F36941" 
},
{
 "id": "Bin.3.70",
"label": "Bin.3.70",
"size":       24,
"opacity":      0.8,
"fx": 790.2077,
"fy": -64.06286,
"fz": 782.6286,
"origX": 0.092727,
"origY": 0.013789,
"origZ":  0.16196,
"seedArr": "notSeed",
"colorb": "#F03C21",
"colorw": "#F03C21" 
},
{
 "id": "Bin.3.66",
"label": "Bin.3.66",
"size":       24,
"opacity":     0.72,
"fx": 592.6615,
"fy":  -316.28,
"fz": 608.6286,
"origX": 0.067046,
"origY": -0.030349,
"origZ":  0.13151,
"seedArr": "notSeed",
"colorb": "#F47247",
"colorw": "#F47247" 
},
{
 "id": "Bin.3.62",
"label": "Bin.3.62",
"size":       24,
"opacity":     0.78,
"fx": 506.0462,
"fy": -266.3657,
"fz": 752.6286,
"origX": 0.055786,
"origY": -0.021614,
"origZ":  0.15671,
"seedArr": "notSeed",
"colorb": "#F1492A",
"colorw": "#F1492A" 
},
{
 "id": "Bin.3.58",
"label": "Bin.3.58",
"size":       24,
"opacity":      0.4,
"fx": 506.0692,
"fy":  -560.36,
"fz": -124.4823,
"origX": 0.055789,
"origY": -0.073063,
"origZ": 0.0032156,
"seedArr": "notSeed",
"colorb": "#FDF1C5",
"colorw": "#FDF1C5" 
},
{
 "id": "Bin.3.54",
"label": "Bin.3.54",
"size":       24,
"opacity":     0.79,
"fx": 704.5154,
"fy": -81.64571,
"fz": 708.6286,
"origX": 0.081587,
"origY": 0.010712,
"origZ":  0.14901,
"seedArr": "notSeed",
"colorb": "#F04326",
"colorw": "#F04326" 
},
{
 "id": "Bin.3.50",
"label": "Bin.3.50",
"size":       24,
"opacity":     0.78,
"fx": 743.8231,
"fy":    -82.2,
"fz":    676.4,
"origX": 0.086697,
"origY": 0.010615,
"origZ":  0.14337,
"seedArr": "notSeed",
"colorb": "#F14729",
"colorw": "#F14729" 
},
{
 "id": "Bin.3.46",
"label": "Bin.3.46",
"size":       24,
"opacity":     0.77,
"fx": 737.7308,
"fy": -160.4926,
"fz": 640.9143,
"origX": 0.085905,
"origY": -0.0030862,
"origZ":  0.13716,
"seedArr": "notSeed",
"colorb": "#F15230",
"colorw": "#F15230" 
},
{
 "id": "Bin.3.42",
"label": "Bin.3.42",
"size":       24,
"opacity":     0.56,
"fx": 658.1385,
"fy": -177.9171,
"fz": 435.4857,
"origX": 0.075558,
"origY": -0.0061355,
"origZ":  0.10121,
"seedArr": "notSeed",
"colorb": "#FEE49A",
"colorw": "#FEE49A" 
},
{
 "id": "Bin.3.38",
"label": "Bin.3.38",
"size":       24,
"opacity":     0.73,
"fx": 867.7692,
"fy": -106.2149,
"fz": 498.4571,
"origX":  0.10281,
"origY": 0.0064124,
"origZ":  0.11223,
"seedArr": "notSeed",
"colorb": "#F46B42",
"colorw": "#F46B42" 
},
{
 "id": "Bin.3.34",
"label": "Bin.3.34",
"size":       24,
"opacity":     0.41,
"fx": 503.1538,
"fy": -578.0743,
"fz": -180.8851,
"origX":  0.05541,
"origY": -0.076163,
"origZ": -0.0066549,
"seedArr": "notSeed",
"colorb": "#FDF1C2",
"colorw": "#FDF1C2" 
},
{
 "id": "Bin.3.30",
"label": "Bin.3.30",
"size":       24,
"opacity":     0.31,
"fx": 296.8538,
"fy": -282.3486,
"fz": -352.9086,
"origX": 0.028591,
"origY": -0.024411,
"origZ": -0.036759,
"seedArr": "notSeed",
"colorb": "#FCF4DB",
"colorw": "#FCF4DB" 
},
{
 "id": "Bin.3.26",
"label": "Bin.3.26",
"size":       24,
"opacity":     0.35,
"fx": 233.4769,
"fy": -283.2286,
"fz": 188.9086,
"origX": 0.020352,
"origY": -0.024565,
"origZ": 0.058059,
"seedArr": "notSeed",
"colorb": "#FCF3D3",
"colorw": "#FCF3D3" 
},
{
 "id": "Bin.3.22",
"label": "Bin.3.22",
"size":       24,
"opacity":     0.43,
"fx": 700.8846,
"fy": -185.5606,
"fz": 152.6229,
"origX": 0.081115,
"origY": -0.0074731,
"origZ": 0.051709,
"seedArr": "notSeed",
"colorb": "#FDF0BF",
"colorw": "#FDF0BF" 
},
{
 "id": "Bin.3.18",
"label": "Bin.3.18",
"size":       24,
"opacity":     0.49,
"fx": 648.8538,
"fy": -596.5486,
"fz": -164.4566,
"origX": 0.074351,
"origY": -0.079396,
"origZ": -0.0037799,
"seedArr": "notSeed",
"colorb": "#FEEEAF",
"colorw": "#FEEEAF" 
},
{
 "id": "Bin.3.14",
"label": "Bin.3.14",
"size":       24,
"opacity":     0.66,
"fx": 395.6231,
"fy": -690.9886,
"fz": -673.4571,
"origX": 0.041431,
"origY": -0.095923,
"origZ": -0.092855,
"seedArr": "notSeed",
"colorb": "#F8A069",
"colorw": "#F8A069" 
},
{
 "id": "Bin.3.10",
"label": "Bin.3.10",
"size":       24,
"opacity":     0.35,
"fx": 566.0154,
"fy": -63.99429,
"fz": -285.2229,
"origX": 0.063582,
"origY": 0.013801,
"origZ": -0.024914,
"seedArr": "notSeed",
"colorb": "#FCF3D1",
"colorw": "#FCF3D1" 
},
{
 "id": "Bin.3.06",
"label": "Bin.3.06",
"size":       24,
"opacity":     0.65,
"fx": 131.6123,
"fy": -485.0743,
"fz": -860.0571,
"origX": 0.0071096,
"origY": -0.059888,
"origZ": -0.12551,
"seedArr": "notSeed",
"colorb": "#F9A66D",
"colorw": "#F9A66D" 
},
{
 "id": "Bin.3.02",
"label": "Bin.3.02",
"size":       24,
"opacity":     0.32,
"fx": 251.8769,
"fy": -419.6171,
"fz": -55.13714,
"origX": 0.022744,
"origY": -0.048433,
"origZ": 0.015351,
"seedArr": "notSeed",
"colorb": "#FCF4D9",
"colorw": "#FCF4D9" 
},
{
 "id": "Bin.3.04",
"label": "Bin.3.04",
"size":       24,
"opacity":     0.59,
"fx": 157.9231,
"fy":   -531.4,
"fz":   -784.8,
"origX":  0.01053,
"origY": -0.067995,
"origZ": -0.11234,
"seedArr": "notSeed",
"colorb": "#FCD18C",
"colorw": "#FCD18C" 
},
{
 "id": "Bin.2.98",
"label": "Bin.2.98",
"size":       24,
"opacity":     0.74,
"fx": 622.5385,
"fy": 39.83429,
"fz": -895.3714,
"origX":  0.07093,
"origY": 0.031971,
"origZ": -0.13169,
"seedArr": "notSeed",
"colorb": "#F36740",
"colorw": "#F36740" 
},
{
 "id": "Bin.2.94",
"label": "Bin.2.94",
"size":       24,
"opacity":     0.64,
"fx": 650.1769,
"fy": -300.6057,
"fz": -790.8571,
"origX": 0.074523,
"origY": -0.027606,
"origZ":  -0.1134,
"seedArr": "notSeed",
"colorb": "#F9AB71",
"colorw": "#F9AB71" 
},
{
 "id": "Bin.2.90",
"label": "Bin.2.90",
"size":       24,
"opacity":     0.37,
"fx": 518.7154,
"fy": -439.7886,
"fz": -222.2114,
"origX": 0.057433,
"origY": -0.051963,
"origZ": -0.013887,
"seedArr": "notSeed",
"colorb": "#FCF2CC",
"colorw": "#FCF2CC" 
},
{
 "id": "Bin.2.86",
"label": "Bin.2.86",
"size":       24,
"opacity":     0.37,
"fx": 664.1077,
"fy": -168.7223,
"fz": -131.0691,
"origX": 0.076334,
"origY": -0.0045264,
"origZ": 0.0020629,
"seedArr": "notSeed",
"colorb": "#FCF2CE",
"colorw": "#FCF2CE" 
},
{
 "id": "Bin.2.82",
"label": "Bin.2.82",
"size":       24,
"opacity":     0.46,
"fx": 702.1154,
"fy": -409.4971,
"fz": -377.1257,
"origX": 0.081275,
"origY": -0.046662,
"origZ": -0.040997,
"seedArr": "notSeed",
"colorb": "#FDF0B7",
"colorw": "#FDF0B7" 
},
{
 "id": "Bin.2.78",
"label": "Bin.2.78",
"size":       24,
"opacity":     0.52,
"fx": 631.7769,
"fy": -236.6686,
"fz": -634.6686,
"origX": 0.072131,
"origY": -0.016417,
"origZ": -0.086067,
"seedArr": "notSeed",
"colorb": "#FEEEA8",
"colorw": "#FEEEA8" 
},
{
 "id": "Bin.2.74",
"label": "Bin.2.74",
"size":       24,
"opacity":     0.39,
"fx": 228.8615,
"fy": -371.3086,
"fz": -560.8743,
"origX": 0.019752,
"origY": -0.039979,
"origZ": -0.073153,
"seedArr": "notSeed",
"colorb": "#FDF2C9",
"colorw": "#FDF2C9" 
},
{
 "id": "Bin.2.70",
"label": "Bin.2.70",
"size":       24,
"opacity":     0.54,
"fx": -1.415385,
"fy": -784.6286,
"fz": -372.9886,
"origX": -0.010184,
"origY": -0.11231,
"origZ": -0.040273,
"seedArr": "notSeed",
"colorb": "#FEEDA2",
"colorw": "#FEEDA2" 
},
{
 "id": "Bin.2.66",
"label": "Bin.2.66",
"size":       24,
"opacity":     0.66,
"fx": 101.7369,
"fy":   -758.8,
"fz":  -656.88,
"origX": 0.0032258,
"origY": -0.10779,
"origZ": -0.089954,
"seedArr": "notSeed",
"colorb": "#F89F68",
"colorw": "#F89F68" 
},
{
 "id": "Bin.2.62",
"label": "Bin.2.62",
"size":       24,
"opacity":     0.59,
"fx":      386,
"fy": -653.0914,
"fz": -642.8686,
"origX":  0.04018,
"origY": -0.089291,
"origZ": -0.087502,
"seedArr": "notSeed",
"colorb": "#FCD38D",
"colorw": "#FCD38D" 
},
{
 "id": "Bin.2.58",
"label": "Bin.2.58",
"size":       24,
"opacity":     0.53,
"fx": -65.17692,
"fy": -622.1657,
"fz": -600.0571,
"origX": -0.018473,
"origY": -0.083879,
"origZ": -0.08001,
"seedArr": "notSeed",
"colorb": "#FEEDA4",
"colorw": "#FEEDA4" 
},
{
 "id": "Bin.2.54",
"label": "Bin.2.54",
"size":       24,
"opacity":     0.61,
"fx": 45.23154,
"fy": -808.6857,
"fz": -537.9657,
"origX": -0.0041199,
"origY": -0.11652,
"origZ": -0.069144,
"seedArr": "notSeed",
"colorb": "#FBBF7F",
"colorw": "#FBBF7F" 
},
{
 "id": "Bin.2.50",
"label": "Bin.2.50",
"size":       24,
"opacity":     0.55,
"fx": 530.1231,
"fy":  -499.96,
"fz": -632.7771,
"origX": 0.058916,
"origY": -0.062493,
"origZ": -0.085736,
"seedArr": "notSeed",
"colorb": "#FEEC9F",
"colorw": "#FEEC9F" 
},
{
 "id": "Bin.2.46",
"label": "Bin.2.46",
"size":       24,
"opacity":     0.47,
"fx": 619.6846,
"fy": -533.1314,
"fz": -343.7714,
"origX": 0.070559,
"origY": -0.068298,
"origZ": -0.03516,
"seedArr": "notSeed",
"colorb": "#FEEFB4",
"colorw": "#FEEFB4" 
},
{
 "id": "Bin.2.42",
"label": "Bin.2.42",
"size":       24,
"opacity":     0.55,
"fx": 790.1308,
"fy": -317.3714,
"fz": 258.5257,
"origX": 0.092717,
"origY": -0.03054,
"origZ": 0.070242,
"seedArr": "notSeed",
"colorb": "#FEEDA0",
"colorw": "#FEEDA0" 
},
{
 "id": "Bin.2.38",
"label": "Bin.2.38",
"size":       24,
"opacity":     0.54,
"fx": 926.6154,
"fy": -169.0594,
"fz": 125.1314,
"origX":  0.11046,
"origY": -0.0045854,
"origZ": 0.046898,
"seedArr": "notSeed",
"colorb": "#FEEDA1",
"colorw": "#FEEDA1" 
},
{
 "id": "Bin.2.34",
"label": "Bin.2.34",
"size":       24,
"opacity":     0.63,
"fx": 66.50385,
"fy": -508.2743,
"fz": 550.7429,
"origX": -0.0013545,
"origY": -0.063948,
"origZ":  0.12138,
"seedArr": "notSeed",
"colorb": "#FAB678",
"colorw": "#FAB678" 
},
{
 "id": "Bin.2.30",
"label": "Bin.2.30",
"size":       24,
"opacity":     0.71,
"fx": 785.3615,
"fy": 146.4857,
"fz": 453.3714,
"origX": 0.092097,
"origY": 0.050635,
"origZ":  0.10434,
"seedArr": "notSeed",
"colorb": "#F5794D",
"colorw": "#F5794D" 
},
{
 "id": "Bin.2.26",
"label": "Bin.2.26",
"size":       24,
"opacity":     0.78,
"fx": 637.1923,
"fy": -53.29143,
"fz": 696.6286,
"origX": 0.072835,
"origY": 0.015674,
"origZ":  0.14691,
"seedArr": "notSeed",
"colorb": "#F14B2B",
"colorw": "#F14B2B" 
},
{
 "id": "Bin.2.22",
"label": "Bin.2.22",
"size":       24,
"opacity":     0.65,
"fx":      947,
"fy": 36.73714,
"fz": 285.1257,
"origX":  0.11311,
"origY": 0.031429,
"origZ": 0.074897,
"seedArr": "notSeed",
"colorb": "#F8A46B",
"colorw": "#F8A46B" 
},
{
 "id": "Bin.2.18",
"label": "Bin.2.18",
"size":       24,
"opacity":     0.41,
"fx": 284.4154,
"fy": -274.0057,
"fz": -642.9829,
"origX": 0.026974,
"origY": -0.022951,
"origZ": -0.087522,
"seedArr": "notSeed",
"colorb": "#FDF1C3",
"colorw": "#FDF1C3" 
},
{
 "id": "Bin.2.14",
"label": "Bin.2.14",
"size":       24,
"opacity":     0.54,
"fx":      888,
"fy": -104.1789,
"fz": 163.1771,
"origX":  0.10544,
"origY": 0.0067687,
"origZ": 0.053556,
"seedArr": "notSeed",
"colorb": "#FEEDA3",
"colorw": "#FEEDA3" 
},
{
 "id": "Bin.2.10",
"label": "Bin.2.10",
"size":       24,
"opacity":     0.58,
"fx": 889.7692,
"fy": 269.8057,
"fz":   -75.12,
"origX":  0.10567,
"origY": 0.072216,
"origZ": 0.011854,
"seedArr": "notSeed",
"colorb": "#FDDA92",
"colorw": "#FDDA92" 
},
{
 "id": "Bin.2.06",
"label": "Bin.2.06",
"size":       24,
"opacity":     0.69,
"fx": 769.3154,
"fy":   157.48,
"fz": -715.1429,
"origX": 0.090011,
"origY": 0.052559,
"origZ": -0.10015,
"seedArr": "notSeed",
"colorb": "#F68656",
"colorw": "#F68656" 
},
{
 "id": "Bin.2.02",
"label": "Bin.2.02",
"size":       24,
"opacity":     0.57,
"fx": 905.5385,
"fy": 5.805714,
"fz": -513.7543,
"origX":  0.10772,
"origY": 0.026016,
"origZ": -0.064907,
"seedArr": "notSeed",
"colorb": "#FDDC93",
"colorw": "#FDDC93" 
},
{
 "id": "Bin.1.98",
"label": "Bin.1.98",
"size":       24,
"opacity":     0.75,
"fx": 922.0769,
"fy": 213.9257,
"fz": -678.1371,
"origX":  0.10987,
"origY": 0.062437,
"origZ": -0.093674,
"seedArr": "notSeed",
"colorb": "#F25B37",
"colorw": "#F25B37" 
},
{
 "id": "Bin.1.94",
"label": "Bin.1.94",
"size":       24,
"opacity":     0.43,
"fx":    702.9,
"fy": 124.4057,
"fz": 9.805714,
"origX": 0.081377,
"origY": 0.046771,
"origZ": 0.026716,
"seedArr": "notSeed",
"colorb": "#FDF0BE",
"colorw": "#FDF0BE" 
},
{
 "id": "Bin.1.90",
"label": "Bin.1.90",
"size":       24,
"opacity":     0.52,
"fx": 811.5538,
"fy": 76.10286,
"fz": 158.5371,
"origX": 0.095502,
"origY": 0.038318,
"origZ": 0.052744,
"seedArr": "notSeed",
"colorb": "#FEEDA6",
"colorw": "#FEEDA6" 
},
{
 "id": "Bin.1.86",
"label": "Bin.1.86",
"size":       24,
"opacity":     0.75,
"fx": 756.3846,
"fy": 371.4171,
"fz": -679.8457,
"origX":  0.08833,
"origY": 0.089998,
"origZ": -0.093973,
"seedArr": "notSeed",
"colorb": "#F25C38",
"colorw": "#F25C38" 
},
{
 "id": "Bin.1.82",
"label": "Bin.1.82",
"size":       24,
"opacity":     0.76,
"fx":    748.4,
"fy":    314.6,
"fz":   -749.2,
"origX": 0.087292,
"origY": 0.080055,
"origZ": -0.10611,
"seedArr": "notSeed",
"colorb": "#F25734",
"colorw": "#F25734" 
},
{
 "id": "Bin.1.78",
"label": "Bin.1.78",
"size":       24,
"opacity":     0.76,
"fx":    789.6,
"fy": 327.2114,
"fz": -717.4286,
"origX": 0.092648,
"origY": 0.082262,
"origZ": -0.10055,
"seedArr": "notSeed",
"colorb": "#F25533",
"colorw": "#F25533" 
},
{
 "id": "Bin.1.74",
"label": "Bin.1.74",
"size":       24,
"opacity":     0.71,
"fx": 816.7846,
"fy":   363.24,
"fz": -539.3543,
"origX": 0.096182,
"origY": 0.088567,
"origZ": -0.069387,
"seedArr": "notSeed",
"colorb": "#F57B4E",
"colorw": "#F57B4E" 
},
{
 "id": "Bin.1.70",
"label": "Bin.1.70",
"size":       24,
"opacity":     0.76,
"fx":    799.7,
"fy": 459.7714,
"fz": -571.9771,
"origX": 0.093961,
"origY":  0.10546,
"origZ": -0.075096,
"seedArr": "notSeed",
"colorb": "#F25432",
"colorw": "#F25432" 
},
{
 "id": "Bin.1.66",
"label": "Bin.1.66",
"size":       24,
"opacity":     0.72,
"fx": 875.4615,
"fy": 371.2514,
"fz":  -471.68,
"origX":  0.10381,
"origY": 0.089969,
"origZ": -0.057544,
"seedArr": "notSeed",
"colorb": "#F4764A",
"colorw": "#F4764A" 
},
{
 "id": "Bin.1.62",
"label": "Bin.1.62",
"size":       24,
"opacity":     0.69,
"fx": 901.7692,
"fy": 377.6971,
"fz": -330.4686,
"origX":  0.10723,
"origY": 0.091097,
"origZ": -0.032832,
"seedArr": "notSeed",
"colorb": "#F68757",
"colorw": "#F68757" 
},
{
 "id": "Bin.1.58",
"label": "Bin.1.58",
"size":       24,
"opacity":     0.73,
"fx": 906.5385,
"fy": 307.6743,
"fz": -556.3314,
"origX":  0.10785,
"origY": 0.078843,
"origZ": -0.072358,
"seedArr": "notSeed",
"colorb": "#F46D44",
"colorw": "#F46D44" 
},
{
 "id": "Bin.1.54",
"label": "Bin.1.54",
"size":       24,
"opacity":     0.47,
"fx": 749.2154,
"fy":   173.24,
"fz": -234.0457,
"origX": 0.087398,
"origY": 0.055317,
"origZ": -0.015958,
"seedArr": "notSeed",
"colorb": "#FEEFB3",
"colorw": "#FEEFB3" 
},
{
 "id": "Bin.1.50",
"label": "Bin.1.50",
"size":       24,
"opacity":     0.56,
"fx": 815.6923,
"fy": 306.6229,
"fz": -134.4314,
"origX":  0.09604,
"origY": 0.078659,
"origZ": 0.0014745,
"seedArr": "notSeed",
"colorb": "#FEE69B",
"colorw": "#FEE69B" 
},
{
 "id": "Bin.1.46",
"label": "Bin.1.46",
"size":       24,
"opacity":     0.67,
"fx": 835.7462,
"fy": 238.3486,
"fz": 296.7086,
"origX": 0.098647,
"origY": 0.066711,
"origZ": 0.076924,
"seedArr": "notSeed",
"colorb": "#F79862",
"colorw": "#F79862" 
},
{
 "id": "Bin.1.42",
"label": "Bin.1.42",
"size":       24,
"opacity":     0.69,
"fx": 820.5154,
"fy": 457.6571,
"fz": -20.39429,
"origX": 0.096667,
"origY":  0.10509,
"origZ": 0.021431,
"seedArr": "notSeed",
"colorb": "#F68B59",
"colorw": "#F68B59" 
},
{
 "id": "Bin.1.38",
"label": "Bin.1.38",
"size":       24,
"opacity":     0.56,
"fx": 814.0846,
"fy": 286.7543,
"fz": -337.8914,
"origX": 0.095831,
"origY": 0.075182,
"origZ": -0.034131,
"seedArr": "notSeed",
"colorb": "#FEE398",
"colorw": "#FEE398" 
},
{
 "id": "Bin.1.34",
"label": "Bin.1.34",
"size":       24,
"opacity":     0.77,
"fx": 867.9231,
"fy": -102.6406,
"fz": 579.4286,
"origX":  0.10283,
"origY": 0.0070379,
"origZ":   0.1264,
"seedArr": "notSeed",
"colorb": "#F14E2E",
"colorw": "#F14E2E" 
},
{
 "id": "Bin.1.30",
"label": "Bin.1.30",
"size":       24,
"opacity":     0.51,
"fx": 863.2308,
"fy": -212.7143,
"fz": 120.6343,
"origX":  0.10222,
"origY": -0.012225,
"origZ": 0.046111,
"seedArr": "notSeed",
"colorb": "#FEEEA9",
"colorw": "#FEEEA9" 
},
{
 "id": "Bin.1.26",
"label": "Bin.1.26",
"size":       24,
"opacity":     0.57,
"fx": 690.3923,
"fy":  -341.72,
"fz": -682.4629,
"origX": 0.079751,
"origY": -0.034801,
"origZ": -0.094431,
"seedArr": "notSeed",
"colorb": "#FDDD95",
"colorw": "#FDDD95" 
},
{
 "id": "Bin.1.22",
"label": "Bin.1.22",
"size":       24,
"opacity":     0.36,
"fx": 619.8462,
"fy": -124.2474,
"fz": -39.69143,
"origX":  0.07058,
"origY": 0.0032567,
"origZ": 0.018054,
"seedArr": "notSeed",
"colorb": "#FCF3CF",
"colorw": "#FCF3CF" 
},
{
 "id": "Bin.1.18",
"label": "Bin.1.18",
"size":       24,
"opacity":     0.61,
"fx": 689.3231,
"fy": 51.38857,
"fz": 442.0571,
"origX": 0.079612,
"origY": 0.033993,
"origZ":  0.10236,
"seedArr": "notSeed",
"colorb": "#FBC483",
"colorw": "#FBC483" 
},
{
 "id": "Bin.1.14",
"label": "Bin.1.14",
"size":       24,
"opacity":     0.45,
"fx": 422.5077,
"fy": 160.4114,
"fz": 264.2229,
"origX": 0.044926,
"origY": 0.053072,
"origZ": 0.071239,
"seedArr": "notSeed",
"colorb": "#FDF0BA",
"colorw": "#FDF0BA" 
},
{
 "id": "Bin.1.10",
"label": "Bin.1.10",
"size":       24,
"opacity":     0.68,
"fx": 463.8385,
"fy":    57.68,
"fz": -879.3143,
"origX": 0.050299,
"origY": 0.035094,
"origZ": -0.12888,
"seedArr": "notSeed",
"colorb": "#F7925F",
"colorw": "#F7925F" 
},
{
 "id": "Bin.1.06",
"label": "Bin.1.06",
"size":       24,
"opacity":     0.61,
"fx": 720.4077,
"fy": 381.8343,
"fz": -440.9314,
"origX": 0.083653,
"origY": 0.091821,
"origZ": -0.052163,
"seedArr": "notSeed",
"colorb": "#FBC281",
"colorw": "#FBC281" 
},
{
 "id": "Bin.1.02",
"label": "Bin.1.02",
"size":       24,
"opacity":      0.7,
"fx": 577.3462,
"fy": 590.2286,
"fz": -299.5543,
"origX": 0.065055,
"origY":  0.12829,
"origZ": -0.027422,
"seedArr": "notSeed",
"colorb": "#F58052",
"colorw": "#F58052" 
},
{
 "id": "Bin.0.98",
"label": "Bin.0.98",
"size":       24,
"opacity":     0.72,
"fx": 682.0923,
"fy": 571.4857,
"fz": -314.2343,
"origX": 0.078672,
"origY":  0.12501,
"origZ": -0.029991,
"seedArr": "notSeed",
"colorb": "#F47046",
"colorw": "#F47046" 
},
{
 "id": "Bin.0.94",
"label": "Bin.0.94",
"size":       24,
"opacity":     0.75,
"fx": 682.1692,
"fy": 604.5143,
"fz":  -311.44,
"origX": 0.078682,
"origY":  0.13079,
"origZ": -0.029502,
"seedArr": "notSeed",
"colorb": "#F35E39",
"colorw": "#F35E39" 
},
{
 "id": "Bin.0.90",
"label": "Bin.0.90",
"size":       24,
"opacity":     0.75,
"fx": 799.1846,
"fy": 470.4571,
"fz": -494.3943,
"origX": 0.093894,
"origY":  0.10733,
"origZ": -0.061519,
"seedArr": "notSeed",
"colorb": "#F3603B",
"colorw": "#F3603B" 
},
{
 "id": "Bin.0.86",
"label": "Bin.0.86",
"size":       24,
"opacity":     0.74,
"fx": 744.9846,
"fy": 516.4571,
"fz":  -452.88,
"origX": 0.086848,
"origY":  0.11538,
"origZ": -0.054254,
"seedArr": "notSeed",
"colorb": "#F3623C",
"colorw": "#F3623C" 
},
{
 "id": "Bin.0.82",
"label": "Bin.0.82",
"size":       24,
"opacity":     0.76,
"fx": 532.7538,
"fy": 655.9429,
"fz": -403.0057,
"origX": 0.059258,
"origY":  0.13979,
"origZ": -0.045526,
"seedArr": "notSeed",
"colorb": "#F25935",
"colorw": "#F25935" 
},
{
 "id": "Bin.0.78",
"label": "Bin.0.78",
"size":       24,
"opacity":     0.77,
"fx": 335.3769,
"fy": 709.0286,
"fz": -467.8914,
"origX": 0.033599,
"origY":  0.14908,
"origZ": -0.056881,
"seedArr": "notSeed",
"colorb": "#F1502F",
"colorw": "#F1502F" 
},
{
 "id": "Bin.0.74",
"label": "Bin.0.74",
"size":       24,
"opacity":     0.68,
"fx": -769.5385,
"fy":   382.48,
"fz": -58.20571,
"origX": -0.11004,
"origY": 0.091934,
"origZ": 0.014814,
"seedArr": "notSeed",
"colorb": "#F68D5B",
"colorw": "#F68D5B" 
},
{
 "id": "Bin.0.70",
"label": "Bin.0.70",
"size":       24,
"opacity":     0.71,
"fx": -725.7692,
"fy": 452.2286,
"fz": -55.65143,
"origX": -0.10435,
"origY":  0.10414,
"origZ": 0.015261,
"seedArr": "notSeed",
"colorb": "#F5774B",
"colorw": "#F5774B" 
},
{
 "id": "Bin.0.66",
"label": "Bin.0.66",
"size":       24,
"opacity":     0.71,
"fx": -708.7692,
"fy": 457.1429,
"fz":   -77.16,
"origX": -0.10214,
"origY":    0.105,
"origZ": 0.011497,
"seedArr": "notSeed",
"colorb": "#F57D4F",
"colorw": "#F57D4F" 
},
{
 "id": "Bin.0.62",
"label": "Bin.0.62",
"size":       24,
"opacity":     0.65,
"fx": -588.1462,
"fy": 475.9429,
"fz": -94.97429,
"origX": -0.086459,
"origY":  0.10829,
"origZ": 0.0083795,
"seedArr": "notSeed",
"colorb": "#F9A86E",
"colorw": "#F9A86E" 
},
{
 "id": "Bin.0.58",
"label": "Bin.0.58",
"size":       24,
"opacity":     0.62,
"fx": -564.6231,
"fy": 455.3143,
"fz": -18.79429,
"origX": -0.083401,
"origY":  0.10468,
"origZ": 0.021711,
"seedArr": "notSeed",
"colorb": "#FBBD7D",
"colorw": "#FBBD7D" 
},
{
 "id": "Bin.0.54",
"label": "Bin.0.54",
"size":       24,
"opacity":     0.62,
"fx": -605.6231,
"fy":    445.2,
"fz": -59.41143,
"origX": -0.088731,
"origY":  0.10291,
"origZ": 0.014603,
"seedArr": "notSeed",
"colorb": "#FABA7B",
"colorw": "#FABA7B" 
},
{
 "id": "Bin.0.50",
"label": "Bin.0.50",
"size":       24,
"opacity":     0.54,
"fx": -406.3769,
"fy": 426.8114,
"fz":  -236.04,
"origX": -0.062829,
"origY": 0.099692,
"origZ": -0.016307,
"seedArr": "notSeed",
"colorb": "#FEEDA2",
"colorw": "#FEEDA2" 
},
{
 "id": "Bin.0.46",
"label": "Bin.0.46",
"size":       24,
"opacity":     0.51,
"fx": -287.9538,
"fy":   427.16,
"fz": -235.1429,
"origX": -0.047434,
"origY": 0.099753,
"origZ": -0.01615,
"seedArr": "notSeed",
"colorb": "#FEEEAA",
"colorw": "#FEEEAA" 
},
{
 "id": "Bin.0.42",
"label": "Bin.0.42",
"size":       24,
"opacity":     0.42,
"fx": -200.2154,
"fy": 340.2571,
"fz": -304.5714,
"origX": -0.036028,
"origY": 0.084545,
"origZ":  -0.0283,
"seedArr": "notSeed",
"colorb": "#FDF1C0",
"colorw": "#FDF1C0" 
},
{
 "id": "Bin.0.38",
"label": "Bin.0.38",
"size":       24,
"opacity":     0.45,
"fx": -420.3615,
"fy": 308.1886,
"fz": -141.0579,
"origX": -0.064647,
"origY": 0.078933,
"origZ": 0.00031486,
"seedArr": "notSeed",
"colorb": "#FDF0B8",
"colorw": "#FDF0B8" 
},
{
 "id": "Bin.0.34",
"label": "Bin.0.34",
"size":       24,
"opacity":     0.43,
"fx": -264.6462,
"fy": 356.1257,
"fz": -169.8051,
"origX": -0.044404,
"origY": 0.087322,
"origZ": -0.0047159,
"seedArr": "notSeed",
"colorb": "#FDF0BD",
"colorw": "#FDF0BD" 
},
{
 "id": "Bin.0.30",
"label": "Bin.0.30",
"size":       24,
"opacity":     0.42,
"fx": -160.6692,
"fy": 339.7143,
"fz": -329.8914,
"origX": -0.030887,
"origY":  0.08445,
"origZ": -0.032731,
"seedArr": "notSeed",
"colorb": "#FDF1C1",
"colorw": "#FDF1C1" 
},
{
 "id": "Bin.0.26",
"label": "Bin.0.26",
"size":       24,
"opacity":     0.43,
"fx": -22.72308,
"fy":    402.8,
"fz": -224.3257,
"origX": -0.012954,
"origY":  0.09549,
"origZ": -0.014257,
"seedArr": "notSeed",
"colorb": "#FDF0BE",
"colorw": "#FDF0BE" 
},
{
 "id": "Bin.0.22",
"label": "Bin.0.22",
"size":       24,
"opacity":     0.46,
"fx": -93.36923,
"fy":   411.68,
"fz": 25.34857,
"origX": -0.022138,
"origY": 0.097044,
"origZ": 0.029436,
"seedArr": "notSeed",
"colorb": "#FDEFB5",
"colorw": "#FDEFB5" 
} 
],
"misc": "",
"ticks": {
 "x": [      -10,       -5,        0,        5,       10,       15,       20,       25,       30,       35,       40,       45 ],
"y": [      -20,      -15,      -10,       -5,        0,        5,       10,       15 ],
"z": [       -8,       -6,       -4,       -2,        0,        2,        4,        6,        8,       10,       12,       14,       16,       18,       20 ] 
},
"ticksLoading": {
 "x": [    -0.14,    -0.12,     -0.1,    -0.08,    -0.06,    -0.04,    -0.02,        0,     0.02,     0.04,     0.06,     0.08,      0.1,     0.12 ],
"y": [    -0.14,    -0.12,     -0.1,    -0.08,    -0.06,    -0.04,    -0.02,        0,     0.02,     0.04,     0.06,     0.08,      0.1,     0.12,     0.14,     0.16 ],
"z": [    -0.15,     -0.1,    -0.05,        0,     0.05,      0.1,     0.15,      0.2 ] 
},
"axis": [ "PC1 (21.4%)", "PC2 (17%)", "PC3 (7.5%)" ],
"axisLoading": [ "Loading 1", "Loading 2", "Loading 3" ],
"metaCol": {
 "label": [ "control", "patient" ],
"color": [ "#E6194B", "#3CB44B" ],
"type": null 
} 
}