{
 "omicstype": "",
"nodes": [
 {
 "id": "C002",
"label": "C002",
"size":       18,
"meta": "control",
"fx": -352.0231,
"fy": 268.3771,
"fz": -536.433,
"origX":  -3.5763,
"origY":   2.1966,
"origZ": -0.72866,
"colorb": "#E6194B" 
},
{
 "id": "C004",
"label": "C004",
"size":       18,
"meta": "control",
"fx": -350.5615,
"fy": 81.17143,
"fz": -569.495,
"origX":  -3.5573,
"origY":  -1.0795,
"origZ":  -1.3899,
"colorb": "#E6194B" 
},
{
 "id": "C005",
"label": "C005",
"size":       18,
"meta": "control",
"fx":   -555.2,
"fy": 156.4183,
"fz": -597.835,
"origX":  -6.2176,
"origY":  0.23732,
"origZ":  -1.9567,
"colorb": "#E6194B" 
},
{
 "id": "C006",
"label": "C006",
"size":       18,
"meta": "control",
"fx": -343.2385,
"fy": -233.1429,
"fz":  -598.84,
"origX":  -3.4621,
"origY":    -6.58,
"origZ":  -1.9768,
"colorb": "#E6194B" 
},
{
 "id": "C007",
"label": "C007",
"size":       18,
"meta": "control",
"fx": -609.7769,
"fy": 375.1086,
"fz":  -429.53,
"origX":  -6.9271,
"origY":   4.0644,
"origZ":   1.4094,
"colorb": "#E6194B" 
},
{
 "id": "C009",
"label": "C009",
"size":       18,
"meta": "control",
"fx": -467.1923,
"fy": -13.13143,
"fz": -500.8846,
"origX":  -5.0735,
"origY":  -2.7298,
"origZ": -0.017692,
"colorb": "#E6194B" 
},
{
 "id": "C010",
"label": "C010",
"size":       18,
"meta": "control",
"fx": -409.8231,
"fy":  131.784,
"fz": -513.543,
"origX":  -4.3277,
"origY": -0.19378,
"origZ": -0.27086,
"colorb": "#E6194B" 
},
{
 "id": "C011",
"label": "C011",
"size":       18,
"meta": "control",
"fx": -409.5308,
"fy": -66.02286,
"fz": -373.585,
"origX":  -4.3239,
"origY":  -3.6554,
"origZ":   2.5283,
"colorb": "#E6194B" 
},
{
 "id": "C012",
"label": "C012",
"size":       18,
"meta": "control",
"fx": -396.3538,
"fy": 25.94857,
"fz":  -702.37,
"origX":  -4.1526,
"origY":  -2.0459,
"origZ":  -4.0474,
"colorb": "#E6194B" 
},
{
 "id": "C015",
"label": "C015",
"size":       18,
"meta": "control",
"fx": -494.9385,
"fy":  134.356,
"fz":  -556.68,
"origX":  -5.4342,
"origY": -0.14877,
"origZ":  -1.1336,
"colorb": "#E6194B" 
},
{
 "id": "C016",
"label": "C016",
"size":       18,
"meta": "control",
"fx": -326.6231,
"fy": -208.9371,
"fz": -531.053,
"origX":  -3.2461,
"origY":  -6.1564,
"origZ": -0.62106,
"colorb": "#E6194B" 
},
{
 "id": "C017",
"label": "C017",
"size":       18,
"meta": "control",
"fx": -498.9923,
"fy": 364.7429,
"fz": -541.7935,
"origX":  -5.4869,
"origY":    3.883,
"origZ": -0.83587,
"colorb": "#E6194B" 
},
{
 "id": "C019",
"label": "C019",
"size":       18,
"meta": "control",
"fx": -428.9462,
"fy": -72.18286,
"fz": -525.2495,
"origX":  -4.5763,
"origY":  -3.7632,
"origZ": -0.50499,
"colorb": "#E6194B" 
},
{
 "id": "C020",
"label": "C020",
"size":       18,
"meta": "control",
"fx": -718.4538,
"fy": 213.2057,
"fz": -578.085,
"origX":  -8.3399,
"origY":   1.2311,
"origZ":  -1.5617,
"colorb": "#E6194B" 
},
{
 "id": "C021",
"label": "C021",
"size":       18,
"meta": "control",
"fx": -524.6538,
"fy": 180.6074,
"fz": -501.272,
"origX":  -5.8205,
"origY":  0.66063,
"origZ": -0.025439,
"colorb": "#E6194B" 
},
{
 "id": "C022",
"label": "C022",
"size":       18,
"meta": "control",
"fx": -600.3923,
"fy": 332.5543,
"fz":  -375.04,
"origX":  -6.8051,
"origY":   3.3197,
"origZ":   2.4992,
"colorb": "#E6194B" 
},
{
 "id": "C024",
"label": "C024",
"size":       18,
"meta": "control",
"fx": -442.8154,
"fy": -51.94857,
"fz": -684.235,
"origX":  -4.7566,
"origY":  -3.4091,
"origZ":  -3.6847,
"colorb": "#E6194B" 
},
{
 "id": "C026",
"label": "C026",
"size":       18,
"meta": "control",
"fx": -698.4615,
"fy":  162.556,
"fz": -474.739,
"origX":    -8.08,
"origY":  0.34473,
"origZ":  0.50522,
"colorb": "#E6194B" 
},
{
 "id": "C028",
"label": "C028",
"size":       18,
"meta": "control",
"fx": -472.6231,
"fy": -74.62286,
"fz": -662.875,
"origX":  -5.1441,
"origY":  -3.8059,
"origZ":  -3.2575,
"colorb": "#E6194B" 
},
{
 "id": "C029",
"label": "C029",
"size":       18,
"meta": "control",
"fx": -406.6385,
"fy": 83.09714,
"fz": -572.775,
"origX":  -4.2863,
"origY":  -1.0458,
"origZ":  -1.4555,
"colorb": "#E6194B" 
},
{
 "id": "C030",
"label": "C030",
"size":       18,
"meta": "control",
"fx": -513.9154,
"fy": 156.8931,
"fz": -517.4595,
"origX":  -5.6809,
"origY":  0.24563,
"origZ": -0.34919,
"colorb": "#E6194B" 
},
{
 "id": "C031",
"label": "C031",
"size":       18,
"meta": "control",
"fx": -280.1077,
"fy": -162.7714,
"fz": -527.685,
"origX":  -2.6414,
"origY":  -5.3485,
"origZ":  -0.5537,
"colorb": "#E6194B" 
},
{
 "id": "C032",
"label": "C032",
"size":       18,
"meta": "control",
"fx": -532.8231,
"fy": 54.80571,
"fz": -549.3335,
"origX":  -5.9267,
"origY":  -1.5409,
"origZ": -0.98667,
"colorb": "#E6194B" 
},
{
 "id": "C033",
"label": "C033",
"size":       18,
"meta": "control",
"fx": -628.4462,
"fy":   -47.48,
"fz": -489.632,
"origX":  -7.1698,
"origY":  -3.3309,
"origZ":  0.20736,
"colorb": "#E6194B" 
},
{
 "id": "C034",
"label": "C034",
"size":       18,
"meta": "control",
"fx": -258.0538,
"fy": -67.73143,
"fz":  -793.33,
"origX":  -2.3547,
"origY":  -3.6853,
"origZ":  -5.8666,
"colorb": "#E6194B" 
},
{
 "id": "P002",
"label": "P002",
"size":       18,
"meta": "patient",
"fx": 317.1692,
"fy":  199.732,
"fz":   -279.5,
"origX":   5.1232,
"origY":  0.99531,
"origZ":     4.41,
"colorb": "#3CB44B" 
},
{
 "id": "P012",
"label": "P012",
"size":       18,
"meta": "patient",
"fx": 653.0615,
"fy":   -24.64,
"fz":  -836.98,
"origX":   9.4898,
"origY":  -2.9312,
"origZ":  -6.7396,
"colorb": "#3CB44B" 
},
{
 "id": "P014",
"label": "P014",
"size":       18,
"meta": "patient",
"fx": 343.9231,
"fy": 222.6914,
"fz":  -594.78,
"origX":    5.471,
"origY":   1.3971,
"origZ":  -1.8956,
"colorb": "#3CB44B" 
},
{
 "id": "P027",
"label": "P027",
"size":       18,
"meta": "patient",
"fx": 38.84615,
"fy": 247.8057,
"fz":  -551.93,
"origX":    1.505,
"origY":   1.8366,
"origZ":  -1.0386,
"colorb": "#3CB44B" 
},
{
 "id": "P034",
"label": "P034",
"size":       18,
"meta": "patient",
"fx": 289.9846,
"fy": 514.9943,
"fz": -378.335,
"origX":   4.7698,
"origY":   6.5124,
"origZ":   2.4333,
"colorb": "#3CB44B" 
},
{
 "id": "P037",
"label": "P037",
"size":       18,
"meta": "patient",
"fx": -1.378462,
"fy": 468.8514,
"fz":  -79.645,
"origX":  0.98208,
"origY":   5.7049,
"origZ":   8.4071,
"colorb": "#3CB44B" 
},
{
 "id": "P038",
"label": "P038",
"size":       18,
"meta": "patient",
"fx": 275.1231,
"fy": 315.5543,
"fz": -529.188,
"origX":   4.5766,
"origY":   3.0222,
"origZ": -0.58376,
"colorb": "#3CB44B" 
},
{
 "id": "P041",
"label": "P041",
"size":       18,
"meta": "patient",
"fx": 698.5385,
"fy": 89.85943,
"fz": -559.295,
"origX":   10.081,
"origY": -0.92746,
"origZ":  -1.1859,
"colorb": "#3CB44B" 
},
{
 "id": "P042",
"label": "P042",
"size":       18,
"meta": "patient",
"fx": 87.35385,
"fy": 237.2114,
"fz":  -609.77,
"origX":   2.1356,
"origY":   1.6512,
"origZ":  -2.1954,
"colorb": "#3CB44B" 
},
{
 "id": "P049",
"label": "P049",
"size":       18,
"meta": "patient",
"fx": 95.02308,
"fy": 389.5143,
"fz":  -417.28,
"origX":   2.2353,
"origY":   4.3165,
"origZ":   1.6544,
"colorb": "#3CB44B" 
},
{
 "id": "P056",
"label": "P056",
"size":       18,
"meta": "patient",
"fx": -88.47385,
"fy": 494.8571,
"fz":  -327.23,
"origX": -0.15016,
"origY":     6.16,
"origZ":   3.4554,
"colorb": "#3CB44B" 
},
{
 "id": "P058",
"label": "P058",
"size":       18,
"meta": "patient",
"fx": 58.02308,
"fy": 412.6686,
"fz":  -181.77,
"origX":   1.7543,
"origY":   4.7217,
"origZ":   6.3646,
"colorb": "#3CB44B" 
},
{
 "id": "P060",
"label": "P060",
"size":       18,
"meta": "patient",
"fx":    174.2,
"fy": 356.2914,
"fz": -424.085,
"origX":   3.2646,
"origY":   3.7351,
"origZ":   1.5183,
"colorb": "#3CB44B" 
},
{
 "id": "P064",
"label": "P064",
"size":       18,
"meta": "patient",
"fx": 400.5846,
"fy":  191.736,
"fz": -669.365,
"origX":   6.2076,
"origY":  0.85538,
"origZ":  -3.3873,
"colorb": "#3CB44B" 
},
{
 "id": "P065",
"label": "P065",
"size":       18,
"meta": "patient",
"fx": 546.4923,
"fy": -22.53143,
"fz": -651.895,
"origX":   8.1044,
"origY":  -2.8943,
"origZ":  -3.0379,
"colorb": "#3CB44B" 
},
{
 "id": "P070",
"label": "P070",
"size":       18,
"meta": "patient",
"fx": 112.6385,
"fy": 380.1143,
"fz":  -316.24,
"origX":   2.4643,
"origY":    4.152,
"origZ":   3.6752,
"colorb": "#3CB44B" 
},
{
 "id": "P080",
"label": "P080",
"size":       18,
"meta": "patient",
"fx": 565.3923,
"fy": 49.39429,
"fz": -522.642,
"origX":   8.3501,
"origY":  -1.6356,
"origZ": -0.45284,
"colorb": "#3CB44B" 
},
{
 "id": "P085",
"label": "P085",
"size":       18,
"meta": "patient",
"fx": 458.6846,
"fy": 395.1943,
"fz": -723.075,
"origX":   6.9629,
"origY":   4.4159,
"origZ":  -4.4615,
"colorb": "#3CB44B" 
},
{
 "id": "P086",
"label": "P086",
"size":       18,
"meta": "patient",
"fx": 544.9769,
"fy": -47.71429,
"fz": -643.535,
"origX":   8.0847,
"origY":   -3.335,
"origZ":  -2.8707,
"colorb": "#3CB44B" 
},
{
 "id": "P089",
"label": "P089",
"size":       18,
"meta": "patient",
"fx": 584.6846,
"fy": 94.93429,
"fz":  -733.33,
"origX":   8.6009,
"origY": -0.83865,
"origZ":  -4.6666,
"colorb": "#3CB44B" 
},
{
 "id": "P092",
"label": "P092",
"size":       18,
"meta": "patient",
"fx": 11.59231,
"fy": 392.0171,
"fz":  -344.06,
"origX":   1.1507,
"origY":   4.3603,
"origZ":   3.1188,
"colorb": "#3CB44B" 
},
{
 "id": "P099",
"label": "P099",
"size":       18,
"meta": "patient",
"fx": -132.0377,
"fy": 639.5657,
"fz": -173.135,
"origX": -0.71649,
"origY":   8.6924,
"origZ":   6.5373,
"colorb": "#3CB44B" 
},
{
 "id": "P113",
"label": "P113",
"size":       18,
"meta": "patient",
"fx": 457.3846,
"fy":   -634.8,
"fz":    707.6,
"origX":    6.946,
"origY":  -13.609,
"origZ":   24.152,
"colorb": "#3CB44B" 
},
{
 "id": "P013b",
"label": "P013b",
"size":       18,
"meta": "patient",
"fx": 709.5385,
"fy": -56.58857,
"fz":  -773.14,
"origX":   10.224,
"origY":  -3.4903,
"origZ":  -5.4628,
"colorb": "#3CB44B" 
},
{
 "id": "P100b",
"label": "P100b",
"size":       18,
"meta": "patient",
"fx": 673.1077,
"fy": 112.4594,
"fz":  -683.66,
"origX":   9.7504,
"origY": -0.53196,
"origZ":  -3.6732,
"colorb": "#3CB44B" 
} 
],
"meta": [ "control", "control", "control", "control", "control", "control", "control", "control", "control", "control", "control", "control", "control", "control", "control", "control", "control", "control", "control", "control", "control", "control", "control", "control", "control", "patient", "patient", "patient", "patient", "patient", "patient", "patient", "patient", "patient", "patient", "patient", "patient", "patient", "patient", "patient", "patient", "patient", "patient", "patient", "patient", "patient", "patient", "patient", "patient", "patient" ],
"loading": [
 {
 "id": "Bin.9.98",
"label": "Bin.9.98",
"size":       24,
"opacity":     0.35,
"fx": -344.9086,
"fy": 404.0578,
"fz": -39.13143,
"origX": -0.035359,
"origY": 0.065913,
"origZ": -0.031848,
"seedArr": "notSeed",
"colorb": "#FCF3D1",
"colorw": "#FCF3D1" 
},
{
 "id": "Bin.9.94",
"label": "Bin.9.94",
"size":       24,
"opacity":      0.3,
"fx": -132.2051,
"fy":   217.56,
"fz": 147.4668,
"origX": 0.0018641,
"origY": 0.023951,
"origZ": 0.00080669,
"seedArr": "notSeed",
"colorb": "#FCF4DE",
"colorw": "#FCF4DE" 
},
{
 "id": "Bin.9.90",
"label": "Bin.9.90",
"size":       24,
"opacity":     0.37,
"fx": -128.3966,
"fy":   454.72,
"fz": -103.6914,
"origX": 0.0025306,
"origY": 0.077312,
"origZ": -0.043146,
"seedArr": "notSeed",
"colorb": "#FCF2CD",
"colorw": "#FCF2CD" 
},
{
 "id": "Bin.9.86",
"label": "Bin.9.86",
"size":       24,
"opacity":     0.35,
"fx": -213.3829,
"fy": 253.3289,
"fz": -273.5543,
"origX": -0.012342,
"origY": 0.031999,
"origZ": -0.072872,
"seedArr": "notSeed",
"colorb": "#FCF3D2",
"colorw": "#FCF3D2" 
},
{
 "id": "Bin.9.82",
"label": "Bin.9.82",
"size":       24,
"opacity":     0.38,
"fx": -361.4571,
"fy": 213.6844,
"fz": -317.3657,
"origX": -0.038255,
"origY": 0.023079,
"origZ": -0.080539,
"seedArr": "notSeed",
"colorb": "#FCF2CA",
"colorw": "#FCF2CA" 
},
{
 "id": "Bin.9.78",
"label": "Bin.9.78",
"size":       24,
"opacity":     0.32,
"fx": -176.1109,
"fy": 92.11956,
"fz": -226.1086,
"origX": -0.0058194,
"origY": -0.0042731,
"origZ": -0.064569,
"seedArr": "notSeed",
"colorb": "#FCF4D9",
"colorw": "#FCF4D9" 
},
{
 "id": "Bin.9.74",
"label": "Bin.9.74",
"size":       24,
"opacity":      0.5,
"fx":  -303.56,
"fy": 508.5911,
"fz": -321.0114,
"origX": -0.028123,
"origY": 0.089433,
"origZ": -0.081177,
"seedArr": "notSeed",
"colorb": "#FEEEAC",
"colorw": "#FEEEAC" 
},
{
 "id": "Bin.9.70",
"label": "Bin.9.70",
"size":       24,
"opacity":     0.31,
"fx": 82.48571,
"fy": 42.09333,
"fz":   -11.28,
"origX": 0.039435,
"origY": -0.015529,
"origZ": -0.026974,
"seedArr": "notSeed",
"colorb": "#FCF4DD",
"colorw": "#FCF4DD" 
},
{
 "id": "Bin.9.66",
"label": "Bin.9.66",
"size":       24,
"opacity":     0.41,
"fx": -116.1171,
"fy": 367.7467,
"fz": -362.5543,
"origX": 0.0046795,
"origY": 0.057743,
"origZ": -0.088447,
"seedArr": "notSeed",
"colorb": "#FDF1C4",
"colorw": "#FDF1C4" 
},
{
 "id": "Bin.9.62",
"label": "Bin.9.62",
"size":       24,
"opacity":     0.48,
"fx": -123.8349,
"fy": 461.0844,
"fz": -382.9143,
"origX": 0.0033289,
"origY": 0.078744,
"origZ": -0.09201,
"seedArr": "notSeed",
"colorb": "#FEEFB0",
"colorw": "#FEEFB0" 
},
{
 "id": "Bin.9.58",
"label": "Bin.9.58",
"size":       24,
"opacity":     0.39,
"fx": -177.0143,
"fy": 340.3556,
"fz": -370.8514,
"origX": -0.0059775,
"origY":  0.05158,
"origZ": -0.089899,
"seedArr": "notSeed",
"colorb": "#FDF2C7",
"colorw": "#FDF2C7" 
},
{
 "id": "Bin.9.54",
"label": "Bin.9.54",
"size":       24,
"opacity":     0.36,
"fx": -82.15429,
"fy": 254.0311,
"fz": -317.0114,
"origX": 0.010623,
"origY": 0.032157,
"origZ": -0.080477,
"seedArr": "notSeed",
"colorb": "#FCF2CF",
"colorw": "#FCF2CF" 
},
{
 "id": "Bin.9.50",
"label": "Bin.9.50",
"size":       24,
"opacity":     0.49,
"fx": 46.17714,
"fy": 492.3644,
"fz": -324.1371,
"origX": 0.033081,
"origY": 0.085782,
"origZ": -0.081724,
"seedArr": "notSeed",
"colorb": "#FEEEAE",
"colorw": "#FEEEAE" 
},
{
 "id": "Bin.9.46",
"label": "Bin.9.46",
"size":       24,
"opacity":     0.48,
"fx":  -94.916,
"fy": 243.5022,
"fz": -524.6286,
"origX": 0.0083897,
"origY": 0.029788,
"origZ": -0.11681,
"seedArr": "notSeed",
"colorb": "#FEEFB2",
"colorw": "#FEEFB2" 
},
{
 "id": "Bin.9.42",
"label": "Bin.9.42",
"size":       24,
"opacity":     0.53,
"fx":    83.92,
"fy": 327.4533,
"fz": -502.1714,
"origX": 0.039686,
"origY": 0.048677,
"origZ": -0.11288,
"seedArr": "notSeed",
"colorb": "#FEEDA4",
"colorw": "#FEEDA4" 
},
{
 "id": "Bin.9.38",
"label": "Bin.9.38",
"size":       24,
"opacity":     0.76,
"fx": -85.29714,
"fy": 555.0711,
"fz": -827.2571,
"origX": 0.010073,
"origY": 0.099891,
"origZ": -0.16977,
"seedArr": "notSeed",
"colorb": "#F25432",
"colorw": "#F25432" 
},
{
 "id": "Bin.9.34",
"label": "Bin.9.34",
"size":       24,
"opacity":     0.45,
"fx": -4.445714,
"fy": 286.4844,
"fz": -457.8857,
"origX": 0.024222,
"origY": 0.039459,
"origZ": -0.10513,
"seedArr": "notSeed",
"colorb": "#FDF0BA",
"colorw": "#FDF0BA" 
},
{
 "id": "Bin.9.30",
"label": "Bin.9.30",
"size":       24,
"opacity":     0.73,
"fx":   -211.4,
"fy":   309.84,
"fz": -782.6857,
"origX": -0.011995,
"origY": 0.044714,
"origZ": -0.16197,
"seedArr": "notSeed",
"colorb": "#F46B42",
"colorw": "#F46B42" 
},
{
 "id": "Bin.9.26",
"label": "Bin.9.26",
"size":       24,
"opacity":     0.35,
"fx": -103.556,
"fy": -80.75556,
"fz": -242.6171,
"origX": 0.0068777,
"origY": -0.04317,
"origZ": -0.067458,
"seedArr": "notSeed",
"colorb": "#FCF3D2",
"colorw": "#FCF3D2" 
},
{
 "id": "Bin.9.22",
"label": "Bin.9.22",
"size":       24,
"opacity":     0.54,
"fx": 127.3886,
"fy": 509.3689,
"fz": -322.5829,
"origX": 0.047293,
"origY": 0.089608,
"origZ": -0.081452,
"seedArr": "notSeed",
"colorb": "#FEEDA3",
"colorw": "#FEEDA3" 
},
{
 "id": "Bin.9.18",
"label": "Bin.9.18",
"size":       24,
"opacity":     0.56,
"fx": 11.70857,
"fy":    602.8,
"fz": -277.2229,
"origX": 0.027049,
"origY":  0.11063,
"origZ": -0.073514,
"seedArr": "notSeed",
"colorb": "#FEE89C",
"colorw": "#FEE89C" 
},
{
 "id": "Bin.9.14",
"label": "Bin.9.14",
"size":       24,
"opacity":      0.5,
"fx": -465.3371,
"fy": 485.0978,
"fz":  -258.56,
"origX": -0.056434,
"origY": 0.084147,
"origZ": -0.070248,
"seedArr": "notSeed",
"colorb": "#FEEEAD",
"colorw": "#FEEEAD" 
},
{
 "id": "Bin.9.10",
"label": "Bin.9.10",
"size":       24,
"opacity":      0.8,
"fx":  -239.48,
"fy": 671.9556,
"fz": -804.3429,
"origX": -0.016909,
"origY":  0.12619,
"origZ": -0.16576,
"seedArr": "notSeed",
"colorb": "#F03B20",
"colorw": "#F03B20" 
},
{
 "id": "Bin.9.06",
"label": "Bin.9.06",
"size":       24,
"opacity":     0.76,
"fx": -189.8383,
"fy": 660.6222,
"fz":   -708.4,
"origX": -0.0082217,
"origY":  0.12364,
"origZ": -0.14897,
"seedArr": "notSeed",
"colorb": "#F25533",
"colorw": "#F25533" 
},
{
 "id": "Bin.9.02",
"label": "Bin.9.02",
"size":       24,
"opacity":     0.79,
"fx":  -99.412,
"fy": 655.2444,
"fz": -806.9714,
"origX": 0.0076029,
"origY":  0.12243,
"origZ": -0.16622,
"seedArr": "notSeed",
"colorb": "#F03E22",
"colorw": "#F03E22" 
},
{
 "id": "Bin.8.98",
"label": "Bin.8.98",
"size":       24,
"opacity":     0.56,
"fx":   223.16,
"fy": -51.51111,
"fz": -509.9429,
"origX": 0.064053,
"origY": -0.03659,
"origZ": -0.11424,
"seedArr": "notSeed",
"colorb": "#FEE69B",
"colorw": "#FEE69B" 
},
{
 "id": "Bin.8.94",
"label": "Bin.8.94",
"size":       24,
"opacity":     0.78,
"fx": 17.06286,
"fy": 651.2444,
"fz": -777.3714,
"origX": 0.027986,
"origY":  0.12153,
"origZ": -0.16104,
"seedArr": "notSeed",
"colorb": "#F04527",
"colorw": "#F04527" 
},
{
 "id": "Bin.8.90",
"label": "Bin.8.90",
"size":       24,
"opacity":     0.72,
"fx": 117.6514,
"fy": 182.1511,
"fz": -749.6571,
"origX": 0.045589,
"origY": 0.015984,
"origZ": -0.15619,
"seedArr": "notSeed",
"colorb": "#F47449",
"colorw": "#F47449" 
},
{
 "id": "Bin.8.86",
"label": "Bin.8.86",
"size":       24,
"opacity":     0.46,
"fx": -248.1314,
"fy": 481.8622,
"fz": -338.4514,
"origX": -0.018423,
"origY": 0.083419,
"origZ": -0.084229,
"seedArr": "notSeed",
"colorb": "#FDEFB6",
"colorw": "#FDEFB6" 
},
{
 "id": "Bin.8.82",
"label": "Bin.8.82",
"size":       24,
"opacity":      0.6,
"fx": -417.3771,
"fy": 563.8222,
"fz": -373.8457,
"origX": -0.048041,
"origY":  0.10186,
"origZ": -0.090423,
"seedArr": "notSeed",
"colorb": "#FBC885",
"colorw": "#FBC885" 
},
{
 "id": "Bin.8.78",
"label": "Bin.8.78",
"size":       24,
"opacity":      0.5,
"fx":    383.8,
"fy": 395.6533,
"fz":  -162.12,
"origX": 0.092165,
"origY": 0.064022,
"origZ": -0.053371,
"seedArr": "notSeed",
"colorb": "#FEEEAB",
"colorw": "#FEEEAB" 
},
{
 "id": "Bin.8.74",
"label": "Bin.8.74",
"size":       24,
"opacity":     0.48,
"fx": 279.9771,
"fy": 518.6844,
"fz": -10.10286,
"origX": 0.073996,
"origY": 0.091704,
"origZ": -0.026768,
"seedArr": "notSeed",
"colorb": "#FEEFB2",
"colorw": "#FEEFB2" 
},
{
 "id": "Bin.8.70",
"label": "Bin.8.70",
"size":       24,
"opacity":      0.4,
"fx": 288.4571,
"fy": 410.6667,
"fz": -4.291429,
"origX":  0.07548,
"origY":   0.0674,
"origZ": -0.025751,
"seedArr": "notSeed",
"colorb": "#FDF1C6",
"colorw": "#FDF1C6" 
},
{
 "id": "Bin.8.66",
"label": "Bin.8.66",
"size":       24,
"opacity":     0.69,
"fx": 575.0286,
"fy": 398.6756,
"fz": -249.6171,
"origX":  0.12563,
"origY": 0.064702,
"origZ": -0.068683,
"seedArr": "notSeed",
"colorb": "#F68B59",
"colorw": "#F68B59" 
},
{
 "id": "Bin.8.62",
"label": "Bin.8.62",
"size":       24,
"opacity":      0.4,
"fx": 284.6914,
"fy": 399.3956,
"fz": -53.65143,
"origX": 0.074821,
"origY": 0.064864,
"origZ": -0.034389,
"seedArr": "notSeed",
"colorb": "#FDF1C6",
"colorw": "#FDF1C6" 
},
{
 "id": "Bin.8.58",
"label": "Bin.8.58",
"size":       24,
"opacity":     0.68,
"fx":    492.8,
"fy":    422.8,
"fz":  -342.44,
"origX":  0.11124,
"origY":  0.07013,
"origZ": -0.084927,
"seedArr": "notSeed",
"colorb": "#F7925F",
"colorw": "#F7925F" 
},
{
 "id": "Bin.8.54",
"label": "Bin.8.54",
"size":       24,
"opacity":     0.41,
"fx": -550.1371,
"fy": 267.2311,
"fz": -257.9714,
"origX": -0.071274,
"origY": 0.035127,
"origZ": -0.070145,
"seedArr": "notSeed",
"colorb": "#FDF1C3",
"colorw": "#FDF1C3" 
},
{
 "id": "Bin.8.50",
"label": "Bin.8.50",
"size":       24,
"opacity":     0.48,
"fx": 115.7314,
"fy": 448.3067,
"fz": -330.6743,
"origX": 0.045253,
"origY": 0.075869,
"origZ": -0.082868,
"seedArr": "notSeed",
"colorb": "#FEEFB1",
"colorw": "#FEEFB1" 
},
{
 "id": "Bin.8.46",
"label": "Bin.8.46",
"size":       24,
"opacity":     0.34,
"fx": 145.9886,
"fy": 51.92889,
"fz": -158.5086,
"origX": 0.050548,
"origY": -0.013316,
"origZ": -0.052739,
"seedArr": "notSeed",
"colorb": "#FCF3D5",
"colorw": "#FCF3D5" 
},
{
 "id": "Bin.8.42",
"label": "Bin.8.42",
"size":       24,
"opacity":     0.57,
"fx": 540.7429,
"fy": 313.4444,
"fz": -142.7086,
"origX":  0.11963,
"origY": 0.045525,
"origZ": -0.049974,
"seedArr": "notSeed",
"colorb": "#FDDF96",
"colorw": "#FDDF96" 
},
{
 "id": "Bin.8.38",
"label": "Bin.8.38",
"size":       24,
"opacity":     0.55,
"fx": 562.5714,
"fy":  135.264,
"fz": -157.7086,
"origX":  0.12345,
"origY": 0.0054344,
"origZ": -0.052599,
"seedArr": "notSeed",
"colorb": "#FEEC9F",
"colorw": "#FEEC9F" 
},
{
 "id": "Bin.8.34",
"label": "Bin.8.34",
"size":       24,
"opacity":      0.4,
"fx": 386.0114,
"fy": 154.9844,
"fz": -142.9886,
"origX": 0.092552,
"origY": 0.0098715,
"origZ": -0.050023,
"seedArr": "notSeed",
"colorb": "#FDF1C5",
"colorw": "#FDF1C5" 
},
{
 "id": "Bin.8.30",
"label": "Bin.8.30",
"size":       24,
"opacity":     0.59,
"fx": 559.5429,
"fy":   371.48,
"fz": -122.1029,
"origX":  0.12292,
"origY": 0.058583,
"origZ": -0.046368,
"seedArr": "notSeed",
"colorb": "#FCCD89",
"colorw": "#FCCD89" 
},
{
 "id": "Bin.8.26",
"label": "Bin.8.26",
"size":       24,
"opacity":     0.59,
"fx": 599.0857,
"fy": 194.3244,
"fz": -162.3657,
"origX":  0.12984,
"origY": 0.018723,
"origZ": -0.053414,
"seedArr": "notSeed",
"colorb": "#FCD38D",
"colorw": "#FCD38D" 
},
{
 "id": "Bin.8.22",
"label": "Bin.8.22",
"size":       24,
"opacity":     0.51,
"fx":   353.68,
"fy": -228.4889,
"fz": -127.6971,
"origX": 0.086894,
"origY": -0.07641,
"origZ": -0.047347,
"seedArr": "notSeed",
"colorb": "#FEEEAB",
"colorw": "#FEEEAB" 
},
{
 "id": "Bin.8.18",
"label": "Bin.8.18",
"size":       24,
"opacity":     0.36,
"fx": -30.47429,
"fy": -87.84889,
"fz": -249.5886,
"origX": 0.019667,
"origY": -0.044766,
"origZ": -0.068678,
"seedArr": "notSeed",
"colorb": "#FCF3D0",
"colorw": "#FCF3D0" 
},
{
 "id": "Bin.8.14",
"label": "Bin.8.14",
"size":       24,
"opacity":     0.56,
"fx": 550.5714,
"fy": 300.5911,
"fz": -109.6286,
"origX":  0.12135,
"origY": 0.042633,
"origZ": -0.044185,
"seedArr": "notSeed",
"colorb": "#FEE49A",
"colorw": "#FEE49A" 
},
{
 "id": "Bin.8.10",
"label": "Bin.8.10",
"size":       24,
"opacity":     0.36,
"fx":     9.04,
"fy": 358.6667,
"fz": -176.2057,
"origX": 0.026582,
"origY":   0.0557,
"origZ": -0.055836,
"seedArr": "notSeed",
"colorb": "#FCF3D1",
"colorw": "#FCF3D1" 
},
{
 "id": "Bin.8.06",
"label": "Bin.8.06",
"size":       24,
"opacity":      0.4,
"fx":    68.68,
"fy": 169.1467,
"fz": -416.1086,
"origX": 0.037019,
"origY": 0.013058,
"origZ": -0.097819,
"seedArr": "notSeed",
"colorb": "#FDF1C5",
"colorw": "#FDF1C5" 
},
{
 "id": "Bin.8.02",
"label": "Bin.8.02",
"size":       24,
"opacity":     0.36,
"fx": -82.36571,
"fy": 8.613333,
"fz": -324.9257,
"origX": 0.010586,
"origY": -0.023062,
"origZ": -0.081862,
"seedArr": "notSeed",
"colorb": "#FCF3CF",
"colorw": "#FCF3CF" 
},
{
 "id": "Bin.7.98",
"label": "Bin.7.98",
"size":       24,
"opacity":     0.33,
"fx": -209.2343,
"fy":   390.16,
"fz":    278.6,
"origX": -0.011616,
"origY": 0.062786,
"origZ": 0.023755,
"seedArr": "notSeed",
"colorb": "#FCF4D8",
"colorw": "#FCF4D8" 
},
{
 "id": "Bin.7.94",
"label": "Bin.7.94",
"size":       24,
"opacity":     0.32,
"fx": -212.4057,
"fy": 365.1956,
"fz": 118.8891,
"origX": -0.012171,
"origY": 0.057169,
"origZ": -0.0041944,
"seedArr": "notSeed",
"colorb": "#FCF4DA",
"colorw": "#FCF4DA" 
},
{
 "id": "Bin.7.90",
"label": "Bin.7.90",
"size":       24,
"opacity":     0.32,
"fx": 132.1029,
"fy": 161.6311,
"fz": 403.3371,
"origX": 0.048118,
"origY": 0.011367,
"origZ": 0.045584,
"seedArr": "notSeed",
"colorb": "#FCF4D9",
"colorw": "#FCF4D9" 
},
{
 "id": "Bin.7.86",
"label": "Bin.7.86",
"size":       24,
"opacity":     0.61,
"fx": -934.0571,
"fy":    284.8,
"fz": 278.0286,
"origX": -0.13846,
"origY":  0.03908,
"origZ": 0.023655,
"seedArr": "notSeed",
"colorb": "#FBC180",
"colorw": "#FBC180" 
},
{
 "id": "Bin.7.82",
"label": "Bin.7.82",
"size":       24,
"opacity":     0.62,
"fx": -944.1143,
"fy": 309.1422,
"fz": 235.8971,
"origX": -0.14022,
"origY": 0.044557,
"origZ": 0.016282,
"seedArr": "notSeed",
"colorb": "#FABA7B",
"colorw": "#FABA7B" 
},
{
 "id": "Bin.7.78",
"label": "Bin.7.78",
"size":       24,
"opacity":     0.39,
"fx": 216.1886,
"fy": 322.0533,
"fz": -180.8229,
"origX": 0.062833,
"origY": 0.047462,
"origZ": -0.056644,
"seedArr": "notSeed",
"colorb": "#FDF2C9",
"colorw": "#FDF2C9" 
},
{
 "id": "Bin.7.74",
"label": "Bin.7.74",
"size":       24,
"opacity":     0.31,
"fx": 59.51429,
"fy": 104.7356,
"fz": -77.65714,
"origX": 0.035415,
"origY": -0.0014345,
"origZ": -0.03859,
"seedArr": "notSeed",
"colorb": "#FCF4DC",
"colorw": "#FCF4DC" 
},
{
 "id": "Bin.7.70",
"label": "Bin.7.70",
"size":       24,
"opacity":     0.31,
"fx": -113.8046,
"fy": 342.9467,
"fz": 179.2743,
"origX": 0.0050842,
"origY": 0.052163,
"origZ": 0.006373,
"seedArr": "notSeed",
"colorb": "#FCF4DB",
"colorw": "#FCF4DB" 
},
{
 "id": "Bin.7.66",
"label": "Bin.7.66",
"size":       24,
"opacity":     0.63,
"fx": -939.2571,
"fy":   307.04,
"fz": 321.1486,
"origX": -0.13937,
"origY": 0.044084,
"origZ": 0.031201,
"seedArr": "notSeed",
"colorb": "#FAB477",
"colorw": "#FAB477" 
},
{
 "id": "Bin.7.62",
"label": "Bin.7.62",
"size":       24,
"opacity":     0.59,
"fx":   -844.4,
"fy": 441.5867,
"fz": 107.8331,
"origX": -0.12277,
"origY": 0.074357,
"origZ": -0.0061292,
"seedArr": "notSeed",
"colorb": "#FCCF8A",
"colorw": "#FCCF8A" 
},
{
 "id": "Bin.7.58",
"label": "Bin.7.58",
"size":       24,
"opacity":     0.65,
"fx": -892.9143,
"fy": 440.3511,
"fz": 57.37714,
"origX": -0.13126,
"origY": 0.074079,
"origZ": -0.014959,
"seedArr": "notSeed",
"colorb": "#F9A66D",
"colorw": "#F9A66D" 
},
{
 "id": "Bin.7.54",
"label": "Bin.7.54",
"size":       24,
"opacity":     0.63,
"fx": -941.3714,
"fy": 338.7467,
"fz": 182.9891,
"origX": -0.13974,
"origY": 0.051218,
"origZ": 0.0070231,
"seedArr": "notSeed",
"colorb": "#FAB678",
"colorw": "#FAB678" 
},
{
 "id": "Bin.7.50",
"label": "Bin.7.50",
"size":       24,
"opacity":     0.64,
"fx": -325.2914,
"fy":    686.4,
"fz": -253.4686,
"origX": -0.031926,
"origY":  0.12944,
"origZ": -0.069357,
"seedArr": "notSeed",
"colorb": "#F9AF73",
"colorw": "#F9AF73" 
},
{
 "id": "Bin.7.46",
"label": "Bin.7.46",
"size":       24,
"opacity":      0.7,
"fx": 143.4629,
"fy": 786.8444,
"fz": 170.2909,
"origX": 0.050106,
"origY":  0.15204,
"origZ": 0.0048009,
"seedArr": "notSeed",
"colorb": "#F68253",
"colorw": "#F68253" 
},
{
 "id": "Bin.7.42",
"label": "Bin.7.42",
"size":       24,
"opacity":     0.52,
"fx": -136.2091,
"fy": 573.3778,
"fz": 547.8343,
"origX": 0.0011634,
"origY":  0.10401,
"origZ": 0.070871,
"seedArr": "notSeed",
"colorb": "#FEEEA8",
"colorw": "#FEEEA8" 
},
{
 "id": "Bin.7.38",
"label": "Bin.7.38",
"size":       24,
"opacity":      0.6,
"fx": -166.9114,
"fy": 658.6667,
"fz": 566.6457,
"origX": -0.0042095,
"origY":   0.1232,
"origZ": 0.074163,
"seedArr": "notSeed",
"colorb": "#FCCB88",
"colorw": "#FCCB88" 
},
{
 "id": "Bin.7.34",
"label": "Bin.7.34",
"size":       24,
"opacity":     0.52,
"fx": -136.1926,
"fy": 551.2178,
"fz":   586.84,
"origX": 0.0011663,
"origY": 0.099024,
"origZ": 0.077697,
"seedArr": "notSeed",
"colorb": "#FEEEA7",
"colorw": "#FEEEA7" 
},
{
 "id": "Bin.7.30",
"label": "Bin.7.30",
"size":       24,
"opacity":     0.47,
"fx": -721.5429,
"fy":   400.08,
"fz": 85.10857,
"origX": -0.10127,
"origY": 0.065018,
"origZ": -0.010106,
"seedArr": "notSeed",
"colorb": "#FEEFB3",
"colorw": "#FEEFB3" 
},
{
 "id": "Bin.7.26",
"label": "Bin.7.26",
"size":       24,
"opacity":     0.67,
"fx": -312.5371,
"fy": 759.8667,
"fz": 399.3429,
"origX": -0.029694,
"origY":  0.14597,
"origZ": 0.044885,
"seedArr": "notSeed",
"colorb": "#F79862",
"colorw": "#F79862" 
},
{
 "id": "Bin.7.22",
"label": "Bin.7.22",
"size":       24,
"opacity":     0.57,
"fx": -577.9771,
"fy": 578.1778,
"fz":   396.72,
"origX": -0.076146,
"origY":  0.10509,
"origZ": 0.044426,
"seedArr": "notSeed",
"colorb": "#FEE197",
"colorw": "#FEE197" 
},
{
 "id": "Bin.7.18",
"label": "Bin.7.18",
"size":       24,
"opacity":     0.32,
"fx": -328.3829,
"fy": 261.9244,
"fz": 1.011429,
"origX": -0.032467,
"origY": 0.033933,
"origZ": -0.024823,
"seedArr": "notSeed",
"colorb": "#FCF4DB",
"colorw": "#FCF4DB" 
},
{
 "id": "Bin.7.14",
"label": "Bin.7.14",
"size":       24,
"opacity":     0.37,
"fx": -303.7486,
"fy": 202.1333,
"fz": -326.3829,
"origX": -0.028156,
"origY":  0.02048,
"origZ": -0.082117,
"seedArr": "notSeed",
"colorb": "#FCF2CC",
"colorw": "#FCF2CC" 
},
{
 "id": "Bin.7.10",
"label": "Bin.7.10",
"size":       24,
"opacity":      0.3,
"fx": -173.4783,
"fy": 89.68489,
"fz":   122.16,
"origX": -0.0053587,
"origY": -0.0048209,
"origZ": -0.003622,
"seedArr": "notSeed",
"colorb": "#FCF5DF",
"colorw": "#FCF5DF" 
},
{
 "id": "Bin.7.06",
"label": "Bin.7.06",
"size":       24,
"opacity":     0.58,
"fx": 117.6229,
"fy": 643.4667,
"fz": 486.6114,
"origX": 0.045584,
"origY":  0.11978,
"origZ": 0.060157,
"seedArr": "notSeed",
"colorb": "#FCD48E",
"colorw": "#FCD48E" 
},
{
 "id": "Bin.7.02",
"label": "Bin.7.02",
"size":       24,
"opacity":     0.58,
"fx": 214.6171,
"fy": 664.8889,
"fz": 237.9771,
"origX": 0.062558,
"origY":   0.1246,
"origZ": 0.016646,
"seedArr": "notSeed",
"colorb": "#FDD68F",
"colorw": "#FDD68F" 
},
{
 "id": "Bin.6.98",
"label": "Bin.6.98",
"size":       24,
"opacity":     0.42,
"fx": -196.7303,
"fy": 465.1778,
"fz":   -287.2,
"origX": -0.0094278,
"origY": 0.079665,
"origZ": -0.07526,
"seedArr": "notSeed",
"colorb": "#FDF1BF",
"colorw": "#FDF1BF" 
},
{
 "id": "Bin.6.94",
"label": "Bin.6.94",
"size":       24,
"opacity":     0.77,
"fx": -286.0629,
"fy": 650.0889,
"fz": -758.0571,
"origX": -0.025061,
"origY":  0.12127,
"origZ": -0.15766,
"seedArr": "notSeed",
"colorb": "#F14E2E",
"colorw": "#F14E2E" 
},
{
 "id": "Bin.6.90",
"label": "Bin.6.90",
"size":       24,
"opacity":     0.51,
"fx": -107.5349,
"fy": 362.0089,
"fz": -494.8571,
"origX": 0.0061814,
"origY": 0.056452,
"origZ":  -0.1116,
"seedArr": "notSeed",
"colorb": "#FEEEAA",
"colorw": "#FEEEAA" 
},
{
 "id": "Bin.6.86",
"label": "Bin.6.86",
"size":       24,
"opacity":     0.63,
"fx": -292.5257,
"fy": 449.5511,
"fz": -577.2571,
"origX": -0.026192,
"origY": 0.076149,
"origZ": -0.12602,
"seedArr": "notSeed",
"colorb": "#FAB276",
"colorw": "#FAB276" 
},
{
 "id": "Bin.6.82",
"label": "Bin.6.82",
"size":       24,
"opacity":     0.42,
"fx": 333.5657,
"fy": 365.7822,
"fz": -66.69143,
"origX": 0.083374,
"origY": 0.057301,
"origZ": -0.036671,
"seedArr": "notSeed",
"colorb": "#FDF1C1",
"colorw": "#FDF1C1" 
},
{
 "id": "Bin.6.78",
"label": "Bin.6.78",
"size":       24,
"opacity":     0.79,
"fx": -260.9714,
"fy": 681.1556,
"fz": -760.9143,
"origX": -0.02067,
"origY":  0.12826,
"origZ": -0.15816,
"seedArr": "notSeed",
"colorb": "#F04326",
"colorw": "#F04326" 
},
{
 "id": "Bin.6.74",
"label": "Bin.6.74",
"size":       24,
"opacity":     0.79,
"fx": -231.4114,
"fy": 707.6444,
"fz": -748.7429,
"origX": -0.015497,
"origY":  0.13422,
"origZ": -0.15603,
"seedArr": "notSeed",
"colorb": "#F04023",
"colorw": "#F04023" 
},
{
 "id": "Bin.6.70",
"label": "Bin.6.70",
"size":       24,
"opacity":     0.77,
"fx": -242.3143,
"fy": 676.8889,
"fz": -747.4857,
"origX": -0.017405,
"origY":   0.1273,
"origZ": -0.15581,
"seedArr": "notSeed",
"colorb": "#F14C2C",
"colorw": "#F14C2C" 
},
{
 "id": "Bin.6.66",
"label": "Bin.6.66",
"size":       24,
"opacity":     0.78,
"fx": -327.3371,
"fy": 667.1111,
"fz":     -748,
"origX": -0.032284,
"origY":   0.1251,
"origZ":  -0.1559,
"seedArr": "notSeed",
"colorb": "#F14B2B",
"colorw": "#F14B2B" 
},
{
 "id": "Bin.6.62",
"label": "Bin.6.62",
"size":       24,
"opacity":     0.73,
"fx": -387.5543,
"fy": 588.8444,
"fz": -553.4857,
"origX": -0.042822,
"origY":  0.10749,
"origZ": -0.12186,
"seedArr": "notSeed",
"colorb": "#F46E45",
"colorw": "#F46E45" 
},
{
 "id": "Bin.6.58",
"label": "Bin.6.58",
"size":       24,
"opacity":     0.71,
"fx": -394.8971,
"fy": 578.8889,
"fz": -517.1429,
"origX": -0.044107,
"origY":  0.10525,
"origZ":  -0.1155,
"seedArr": "notSeed",
"colorb": "#F5794D",
"colorw": "#F5794D" 
},
{
 "id": "Bin.6.54",
"label": "Bin.6.54",
"size":       24,
"opacity":     0.67,
"fx": -384.6286,
"fy": 589.6444,
"fz": -454.6286,
"origX": -0.04231,
"origY":  0.10767,
"origZ": -0.10456,
"seedArr": "notSeed",
"colorb": "#F79460",
"colorw": "#F79460" 
},
{
 "id": "Bin.6.50",
"label": "Bin.6.50",
"size":       24,
"opacity":     0.33,
"fx":  -418.64,
"fy": 209.7956,
"fz": 428.5886,
"origX": -0.048262,
"origY": 0.022204,
"origZ": 0.050003,
"seedArr": "notSeed",
"colorb": "#FCF3D6",
"colorw": "#FCF3D6" 
},
{
 "id": "Bin.6.46",
"label": "Bin.6.46",
"size":       24,
"opacity":     0.33,
"fx": -361.8171,
"fy": 229.3378,
"fz": 439.6686,
"origX": -0.038318,
"origY": 0.026601,
"origZ": 0.051942,
"seedArr": "notSeed",
"colorb": "#FCF4D7",
"colorw": "#FCF4D7" 
},
{
 "id": "Bin.6.42",
"label": "Bin.6.42",
"size":       24,
"opacity":     0.58,
"fx":  -457.68,
"fy": 573.2444,
"fz": -294.5886,
"origX": -0.055094,
"origY":  0.10398,
"origZ": -0.076553,
"seedArr": "notSeed",
"colorb": "#FDD891",
"colorw": "#FDD891" 
},
{
 "id": "Bin.6.38",
"label": "Bin.6.38",
"size":       24,
"opacity":     0.34,
"fx": -431.9714,
"fy": 191.8267,
"fz":   443.04,
"origX": -0.050595,
"origY": 0.018161,
"origZ": 0.052532,
"seedArr": "notSeed",
"colorb": "#FCF3D4",
"colorw": "#FCF3D4" 
},
{
 "id": "Bin.6.34",
"label": "Bin.6.34",
"size":       24,
"opacity":     0.57,
"fx": -442.8343,
"fy": 580.7111,
"fz": -274.8914,
"origX": -0.052496,
"origY":  0.10566,
"origZ": -0.073106,
"seedArr": "notSeed",
"colorb": "#FDDC93",
"colorw": "#FDDC93" 
},
{
 "id": "Bin.6.30",
"label": "Bin.6.30",
"size":       24,
"opacity":     0.34,
"fx": -447.1714,
"fy": 167.6311,
"fz": 421.3829,
"origX": -0.053255,
"origY": 0.012717,
"origZ": 0.048742,
"seedArr": "notSeed",
"colorb": "#FCF3D6",
"colorw": "#FCF3D6" 
},
{
 "id": "Bin.4.38",
"label": "Bin.4.38",
"size":       24,
"opacity":     0.47,
"fx": -327.8343,
"fy":   -348.8,
"fz": 443.1086,
"origX": -0.032371,
"origY": -0.10348,
"origZ": 0.052544,
"seedArr": "notSeed",
"colorb": "#FDEFB5",
"colorw": "#FDEFB5" 
},
{
 "id": "Bin.4.34",
"label": "Bin.4.34",
"size":       24,
"opacity":     0.39,
"fx": 218.7543,
"fy":    -73.6,
"fz": 541.6857,
"origX": 0.063282,
"origY": -0.04156,
"origZ": 0.069795,
"seedArr": "notSeed",
"colorb": "#FDF2C8",
"colorw": "#FDF2C8" 
},
{
 "id": "Bin.4.30",
"label": "Bin.4.30",
"size":       24,
"opacity":     0.37,
"fx": 303.5771,
"fy": 39.41778,
"fz": 364.9257,
"origX": 0.078126,
"origY": -0.016131,
"origZ": 0.038862,
"seedArr": "notSeed",
"colorb": "#FCF2CD",
"colorw": "#FCF2CD" 
},
{
 "id": "Bin.4.26",
"label": "Bin.4.26",
"size":       24,
"opacity":     0.42,
"fx": 456.5714,
"fy": 152.2836,
"fz": 283.2514,
"origX":   0.1049,
"origY": 0.0092638,
"origZ": 0.024569,
"seedArr": "notSeed",
"colorb": "#FDF1C1",
"colorw": "#FDF1C1" 
},
{
 "id": "Bin.4.22",
"label": "Bin.4.22",
"size":       24,
"opacity":     0.52,
"fx": 339.5543,
"fy": 89.66356,
"fz": 678.4343,
"origX": 0.084422,
"origY": -0.0048257,
"origZ": 0.093726,
"seedArr": "notSeed",
"colorb": "#FEEDA6",
"colorw": "#FEEDA6" 
},
{
 "id": "Bin.4.18",
"label": "Bin.4.18",
"size":       24,
"opacity":     0.38,
"fx": 153.2057,
"fy":    62.92,
"fz": 563.2629,
"origX": 0.051811,
"origY": -0.010843,
"origZ": 0.073571,
"seedArr": "notSeed",
"colorb": "#FCF2CC",
"colorw": "#FCF2CC" 
},
{
 "id": "Bin.4.14",
"label": "Bin.4.14",
"size":       24,
"opacity":     0.49,
"fx":   342.96,
"fy": -222.7422,
"fz": 393.7486,
"origX": 0.085018,
"origY": -0.075117,
"origZ": 0.043906,
"seedArr": "notSeed",
"colorb": "#FEEEAF",
"colorw": "#FEEEAF" 
},
{
 "id": "Bin.4.10",
"label": "Bin.4.10",
"size":       24,
"opacity":     0.45,
"fx": 258.4914,
"fy": -239.7778,
"fz": 441.4229,
"origX": 0.070236,
"origY": -0.07895,
"origZ": 0.052249,
"seedArr": "notSeed",
"colorb": "#FDF0B8",
"colorw": "#FDF0B8" 
},
{
 "id": "Bin.4.06",
"label": "Bin.4.06",
"size":       24,
"opacity":     0.44,
"fx": -431.4286,
"fy": -280.8311,
"fz": 426.0686,
"origX":  -0.0505,
"origY": -0.088187,
"origZ": 0.049562,
"seedArr": "notSeed",
"colorb": "#FDF0BC",
"colorw": "#FDF0BC" 
},
{
 "id": "Bin.4.02",
"label": "Bin.4.02",
"size":       24,
"opacity":     0.49,
"fx":    -8.56,
"fy": -315.7467,
"fz": 555.5371,
"origX": 0.023502,
"origY": -0.096043,
"origZ": 0.072219,
"seedArr": "notSeed",
"colorb": "#FEEEAE",
"colorw": "#FEEEAE" 
},
{
 "id": "Bin.4.04",
"label": "Bin.4.04",
"size":       24,
"opacity":     0.47,
"fx": -384.2171,
"fy": -321.0089,
"fz": 470.4914,
"origX": -0.042238,
"origY": -0.097227,
"origZ": 0.057336,
"seedArr": "notSeed",
"colorb": "#FEEFB4",
"colorw": "#FEEFB4" 
},
{
 "id": "Bin.3.98",
"label": "Bin.3.98",
"size":       24,
"opacity":     0.58,
"fx": -855.2571,
"fy": 3.617778,
"fz": 475.2229,
"origX": -0.12467,
"origY": -0.024186,
"origZ": 0.058164,
"seedArr": "notSeed",
"colorb": "#FDDA92",
"colorw": "#FDDA92" 
},
{
 "id": "Bin.3.94",
"label": "Bin.3.94",
"size":       24,
"opacity":     0.43,
"fx":  -329.08,
"fy": -214.1022,
"fz": 596.4343,
"origX": -0.032589,
"origY": -0.073173,
"origZ": 0.079376,
"seedArr": "notSeed",
"colorb": "#FDF0BD",
"colorw": "#FDF0BD" 
},
{
 "id": "Bin.3.90",
"label": "Bin.3.90",
"size":       24,
"opacity":     0.53,
"fx": 273.1257,
"fy": -189.6133,
"fz": 615.0914,
"origX": 0.072797,
"origY": -0.067663,
"origZ": 0.082641,
"seedArr": "notSeed",
"colorb": "#FEEDA4",
"colorw": "#FEEDA4" 
},
{
 "id": "Bin.3.86",
"label": "Bin.3.86",
"size":       24,
"opacity":     0.65,
"fx": 282.4857,
"fy": -348.8889,
"fz": 614.0343,
"origX": 0.074435,
"origY":  -0.1035,
"origZ": 0.082456,
"seedArr": "notSeed",
"colorb": "#F8A26A",
"colorw": "#F8A26A" 
},
{
 "id": "Bin.3.82",
"label": "Bin.3.82",
"size":       24,
"opacity":     0.55,
"fx": 86.95429,
"fy": -294.0844,
"fz": 649.1314,
"origX": 0.040217,
"origY": -0.091169,
"origZ": 0.088598,
"seedArr": "notSeed",
"colorb": "#FEEDA0",
"colorw": "#FEEDA0" 
},
{
 "id": "Bin.3.78",
"label": "Bin.3.78",
"size":       24,
"opacity":     0.55,
"fx": 131.1029,
"fy": -378.1778,
"fz": 483.9943,
"origX": 0.047943,
"origY": -0.11009,
"origZ": 0.059699,
"seedArr": "notSeed",
"colorb": "#FEEDA0",
"colorw": "#FEEDA0" 
},
{
 "id": "Bin.3.74",
"label": "Bin.3.74",
"size":       24,
"opacity":     0.51,
"fx": 381.1943,
"fy": -230.8356,
"fz": 362.7429,
"origX": 0.091709,
"origY": -0.076938,
"origZ":  0.03848,
"seedArr": "notSeed",
"colorb": "#FEEEA9",
"colorw": "#FEEEA9" 
},
{
 "id": "Bin.3.70",
"label": "Bin.3.70",
"size":       24,
"opacity":     0.53,
"fx": 305.1314,
"fy": -34.96889,
"fz": 696.8514,
"origX": 0.078398,
"origY": -0.032868,
"origZ": 0.096949,
"seedArr": "notSeed",
"colorb": "#FEEDA5",
"colorw": "#FEEDA5" 
},
{
 "id": "Bin.3.66",
"label": "Bin.3.66",
"size":       24,
"opacity":     0.47,
"fx": 14.15429,
"fy": 58.80889,
"fz": 810.1714,
"origX": 0.027477,
"origY": -0.011768,
"origZ":  0.11678,
"seedArr": "notSeed",
"colorb": "#FEEFB3",
"colorw": "#FEEFB3" 
},
{
 "id": "Bin.3.62",
"label": "Bin.3.62",
"size":       24,
"opacity":     0.45,
"fx":    31.84,
"fy": 182.2978,
"fz": 772.0571,
"origX": 0.030572,
"origY": 0.016017,
"origZ":  0.11011,
"seedArr": "notSeed",
"colorb": "#FDF0B9",
"colorw": "#FDF0B9" 
},
{
 "id": "Bin.3.58",
"label": "Bin.3.58",
"size":       24,
"opacity":     0.66,
"fx": -354.8457,
"fy": -521.4222,
"fz": 366.6114,
"origX": -0.037098,
"origY": -0.14232,
"origZ": 0.039157,
"seedArr": "notSeed",
"colorb": "#F89F68",
"colorw": "#F89F68" 
},
{
 "id": "Bin.3.54",
"label": "Bin.3.54",
"size":       24,
"opacity":     0.41,
"fx": 221.0229,
"fy": -133.7378,
"fz": 508.9714,
"origX": 0.063679,
"origY": -0.055091,
"origZ":  0.06407,
"seedArr": "notSeed",
"colorb": "#FDF1C3",
"colorw": "#FDF1C3" 
},
{
 "id": "Bin.3.50",
"label": "Bin.3.50",
"size":       24,
"opacity":     0.43,
"fx":   237.84,
"fy": -169.9067,
"fz": 490.3829,
"origX": 0.066622,
"origY": -0.063229,
"origZ": 0.060817,
"seedArr": "notSeed",
"colorb": "#FDF0BF",
"colorw": "#FDF0BF" 
},
{
 "id": "Bin.3.46",
"label": "Bin.3.46",
"size":       24,
"opacity":     0.44,
"fx": 152.4229,
"fy": -269.8933,
"fz": 447.9886,
"origX": 0.051674,
"origY": -0.085726,
"origZ": 0.053398,
"seedArr": "notSeed",
"colorb": "#FDF0BC",
"colorw": "#FDF0BC" 
},
{
 "id": "Bin.3.42",
"label": "Bin.3.42",
"size":       24,
"opacity":     0.44,
"fx": 74.61143,
"fy":   -348.8,
"fz": 299.3543,
"origX": 0.038057,
"origY": -0.10348,
"origZ": 0.027387,
"seedArr": "notSeed",
"colorb": "#FDF0BB",
"colorw": "#FDF0BB" 
},
{
 "id": "Bin.3.38",
"label": "Bin.3.38",
"size":       24,
"opacity":     0.57,
"fx": 252.8857,
"fy": -332.5333,
"fz":   510.56,
"origX": 0.069255,
"origY": -0.09982,
"origZ": 0.064348,
"seedArr": "notSeed",
"colorb": "#FDDD95",
"colorw": "#FDDD95" 
},
{
 "id": "Bin.3.34",
"label": "Bin.3.34",
"size":       24,
"opacity":     0.64,
"fx": -367.6971,
"fy": -500.1778,
"fz": 423.7029,
"origX": -0.039347,
"origY": -0.13754,
"origZ": 0.049148,
"seedArr": "notSeed",
"colorb": "#F9A96F",
"colorw": "#F9A96F" 
},
{
 "id": "Bin.3.30",
"label": "Bin.3.30",
"size":       24,
"opacity":      0.5,
"fx": -244.3257,
"fy": -423.6444,
"fz": 23.96571,
"origX": -0.017757,
"origY": -0.12032,
"origZ": -0.020806,
"seedArr": "notSeed",
"colorb": "#FEEEAC",
"colorw": "#FEEEAC" 
},
{
 "id": "Bin.3.26",
"label": "Bin.3.26",
"size":       24,
"opacity":     0.31,
"fx": -202.7657,
"fy": -91.75556,
"fz": 233.1143,
"origX": -0.010484,
"origY": -0.045645,
"origZ": 0.015795,
"seedArr": "notSeed",
"colorb": "#FCF4DD",
"colorw": "#FCF4DD" 
},
{
 "id": "Bin.3.22",
"label": "Bin.3.22",
"size":       24,
"opacity":     0.45,
"fx": 102.0114,
"fy": -268.9822,
"fz": 522.4057,
"origX": 0.042852,
"origY": -0.085521,
"origZ": 0.066421,
"seedArr": "notSeed",
"colorb": "#FDF0B9",
"colorw": "#FDF0B9" 
},
{
 "id": "Bin.3.18",
"label": "Bin.3.18",
"size":       24,
"opacity":     0.74,
"fx": -316.4514,
"fy": -577.7333,
"fz": 547.7714,
"origX": -0.030379,
"origY": -0.15499,
"origZ":  0.07086,
"seedArr": "notSeed",
"colorb": "#F3653E",
"colorw": "#F3653E" 
},
{
 "id": "Bin.3.14",
"label": "Bin.3.14",
"size":       24,
"opacity":     0.76,
"fx": -556.7143,
"fy": -657.7778,
"fz": 283.1086,
"origX": -0.072425,
"origY":   -0.173,
"origZ": 0.024544,
"seedArr": "notSeed",
"colorb": "#F25734",
"colorw": "#F25734" 
},
{
 "id": "Bin.3.10",
"label": "Bin.3.10",
"size":       24,
"opacity":     0.42,
"fx": 99.50286,
"fy": -320.9111,
"fz": 270.1143,
"origX": 0.042413,
"origY": -0.097205,
"origZ":  0.02227,
"seedArr": "notSeed",
"colorb": "#FDF1C0",
"colorw": "#FDF1C0" 
},
{
 "id": "Bin.3.06",
"label": "Bin.3.06",
"size":       24,
"opacity":     0.38,
"fx": -460.7486,
"fy": -229.7244,
"fz": 259.2686,
"origX": -0.055631,
"origY": -0.076688,
"origZ": 0.020372,
"seedArr": "notSeed",
"colorb": "#FCF2CA",
"colorw": "#FCF2CA" 
},
{
 "id": "Bin.3.02",
"label": "Bin.3.02",
"size":       24,
"opacity":     0.33,
"fx": -278.8857,
"fy": 4.257778,
"fz": 483.2743,
"origX": -0.023805,
"origY": -0.024042,
"origZ": 0.059573,
"seedArr": "notSeed",
"colorb": "#FCF4D8",
"colorw": "#FCF4D8" 
},
{
 "id": "Bin.3.04",
"label": "Bin.3.04",
"size":       24,
"opacity":     0.39,
"fx": -480.6629,
"fy": -230.2844,
"fz":   323.68,
"origX": -0.059116,
"origY": -0.076814,
"origZ": 0.031644,
"seedArr": "notSeed",
"colorb": "#FDF2C8",
"colorw": "#FDF2C8" 
},
{
 "id": "Bin.2.98",
"label": "Bin.2.98",
"size":       24,
"opacity":     0.41,
"fx": 230.9943,
"fy": -206.9289,
"fz": 400.1771,
"origX": 0.065424,
"origY": -0.071559,
"origZ": 0.045031,
"seedArr": "notSeed",
"colorb": "#FDF1C2",
"colorw": "#FDF1C2" 
},
{
 "id": "Bin.2.94",
"label": "Bin.2.94",
"size":       24,
"opacity":     0.61,
"fx": -75.22857,
"fy": -488.1333,
"fz":   436.76,
"origX": 0.011835,
"origY": -0.13483,
"origZ": 0.051433,
"seedArr": "notSeed",
"colorb": "#FBC483",
"colorw": "#FBC483" 
},
{
 "id": "Bin.2.90",
"label": "Bin.2.90",
"size":       24,
"opacity":     0.43,
"fx":  -200.24,
"fy": -256.4489,
"fz": 572.5143,
"origX": -0.010042,
"origY": -0.082701,
"origZ":  0.07519,
"seedArr": "notSeed",
"colorb": "#FDF0BE",
"colorw": "#FDF0BE" 
},
{
 "id": "Bin.2.86",
"label": "Bin.2.86",
"size":       24,
"opacity":     0.43,
"fx": 102.3657,
"fy": -206.3867,
"fz": 571.2629,
"origX": 0.042914,
"origY": -0.071437,
"origZ": 0.074971,
"seedArr": "notSeed",
"colorb": "#FDF0BE",
"colorw": "#FDF0BE" 
},
{
 "id": "Bin.2.82",
"label": "Bin.2.82",
"size":       24,
"opacity":     0.62,
"fx": -109.6691,
"fy": -406.5778,
"fz": 669.8114,
"origX": 0.0058079,
"origY": -0.11648,
"origZ": 0.092217,
"seedArr": "notSeed",
"colorb": "#FAB87A",
"colorw": "#FAB87A" 
},
{
 "id": "Bin.2.78",
"label": "Bin.2.78",
"size":       24,
"opacity":     0.49,
"fx": 1.137143,
"fy": -312.6089,
"fz": 547.5086,
"origX": 0.025199,
"origY": -0.095337,
"origZ": 0.070814,
"seedArr": "notSeed",
"colorb": "#FEEFB0",
"colorw": "#FEEFB0" 
},
{
 "id": "Bin.2.74",
"label": "Bin.2.74",
"size":       24,
"opacity":     0.37,
"fx": -317.4571,
"fy": -254.2089,
"fz":   207.44,
"origX": -0.030555,
"origY": -0.082197,
"origZ": 0.011302,
"seedArr": "notSeed",
"colorb": "#FCF2CE",
"colorw": "#FCF2CE" 
},
{
 "id": "Bin.2.70",
"label": "Bin.2.70",
"size":       24,
"opacity":     0.74,
"fx": -807.3714,
"fy": -461.8667,
"fz": 29.61714,
"origX": -0.11629,
"origY": -0.12892,
"origZ": -0.019817,
"seedArr": "notSeed",
"colorb": "#F3643D",
"colorw": "#F3643D" 
},
{
 "id": "Bin.2.66",
"label": "Bin.2.66",
"size":       24,
"opacity":     0.74,
"fx": -740.4571,
"fy":   -494.4,
"fz": 143.0783,
"origX": -0.10458,
"origY": -0.13624,
"origZ": 3.8702e-05,
"seedArr": "notSeed",
"colorb": "#F36740",
"colorw": "#F36740" 
},
{
 "id": "Bin.2.62",
"label": "Bin.2.62",
"size":       24,
"opacity":     0.75,
"fx": -526.4743,
"fy": -642.7111,
"fz": 220.7314,
"origX": -0.067133,
"origY": -0.16961,
"origZ": 0.013628,
"seedArr": "notSeed",
"colorb": "#F35E39",
"colorw": "#F35E39" 
},
{
 "id": "Bin.2.58",
"label": "Bin.2.58",
"size":       24,
"opacity":     0.63,
"fx": -697.9714,
"fy": -363.2444,
"fz": -89.25143,
"origX": -0.097145,
"origY": -0.10673,
"origZ": -0.040619,
"seedArr": "notSeed",
"colorb": "#F9B174",
"colorw": "#F9B174" 
},
{
 "id": "Bin.2.54",
"label": "Bin.2.54",
"size":       24,
"opacity":     0.75,
"fx":     -814,
"fy": -515.0222,
"fz": 83.48571,
"origX": -0.11745,
"origY": -0.14088,
"origZ": -0.01039,
"seedArr": "notSeed",
"colorb": "#F25C38",
"colorw": "#F25C38" 
},
{
 "id": "Bin.2.50",
"label": "Bin.2.50",
"size":       24,
"opacity":     0.77,
"fx": -354.3314,
"fy": -759.9556,
"fz": 172.6171,
"origX": -0.037008,
"origY": -0.19599,
"origZ": 0.005208,
"seedArr": "notSeed",
"colorb": "#F15230",
"colorw": "#F15230" 
},
{
 "id": "Bin.2.46",
"label": "Bin.2.46",
"size":       24,
"opacity":     0.77,
"fx": -322.9886,
"fy": -761.7333,
"fz": 252.1886,
"origX": -0.031523,
"origY": -0.19639,
"origZ": 0.019133,
"seedArr": "notSeed",
"colorb": "#F1502F",
"colorw": "#F1502F" 
},
{
 "id": "Bin.2.42",
"label": "Bin.2.42",
"size":       24,
"opacity":     0.68,
"fx":    -3.44,
"fy": -529.4222,
"fz": 465.5314,
"origX": 0.024398,
"origY": -0.14412,
"origZ": 0.056468,
"seedArr": "notSeed",
"colorb": "#F68D5B",
"colorw": "#F68D5B" 
},
{
 "id": "Bin.2.38",
"label": "Bin.2.38",
"size":       24,
"opacity":     0.75,
"fx": 165.8914,
"fy": -640.2222,
"fz": 370.5886,
"origX": 0.054031,
"origY": -0.16905,
"origZ": 0.039853,
"seedArr": "notSeed",
"colorb": "#F3603B",
"colorw": "#F3603B" 
},
{
 "id": "Bin.2.34",
"label": "Bin.2.34",
"size":       24,
"opacity":     0.34,
"fx": -401.0857,
"fy": 205.9733,
"fz": 472.1029,
"origX": -0.04519,
"origY": 0.021344,
"origZ": 0.057618,
"seedArr": "notSeed",
"colorb": "#FCF3D4",
"colorw": "#FCF3D4" 
},
{
 "id": "Bin.2.30",
"label": "Bin.2.30",
"size":       24,
"opacity":     0.51,
"fx": 449.7143,
"fy": -98.88444,
"fz": 443.0171,
"origX":   0.1037,
"origY": -0.047249,
"origZ": 0.052528,
"seedArr": "notSeed",
"colorb": "#FEEEA9",
"colorw": "#FEEEA9" 
},
{
 "id": "Bin.2.26",
"label": "Bin.2.26",
"size":       24,
"opacity":     0.54,
"fx": 278.5086,
"fy": 207.7689,
"fz": 745.9429,
"origX": 0.073739,
"origY": 0.021748,
"origZ":  0.10554,
"seedArr": "notSeed",
"colorb": "#FEEDA2",
"colorw": "#FEEDA2" 
},
{
 "id": "Bin.2.22",
"label": "Bin.2.22",
"size":       24,
"opacity":     0.67,
"fx": 397.0286,
"fy": -363.0222,
"fz":    494.6,
"origX":  0.09448,
"origY": -0.10668,
"origZ": 0.061555,
"seedArr": "notSeed",
"colorb": "#F79964",
"colorw": "#F79964" 
},
{
 "id": "Bin.2.18",
"label": "Bin.2.18",
"size":       24,
"opacity":     0.38,
"fx": -218.9371,
"fy":  -293.36,
"fz":  147.142,
"origX": -0.013314,
"origY": -0.091006,
"origZ": 0.00074985,
"seedArr": "notSeed",
"colorb": "#FCF2CB",
"colorw": "#FCF2CB" 
},
{
 "id": "Bin.2.14",
"label": "Bin.2.14",
"size":       24,
"opacity":     0.69,
"fx": 224.8286,
"fy": -498.2222,
"fz": 410.9257,
"origX": 0.064345,
"origY":  -0.1371,
"origZ": 0.046912,
"seedArr": "notSeed",
"colorb": "#F68656",
"colorw": "#F68656" 
},
{
 "id": "Bin.2.10",
"label": "Bin.2.10",
"size":       24,
"opacity":     0.65,
"fx":    584.8,
"fy":  -154.88,
"fz":   462.88,
"origX":  0.12734,
"origY": -0.059848,
"origZ": 0.056004,
"seedArr": "notSeed",
"colorb": "#F9A86E",
"colorw": "#F9A86E" 
},
{
 "id": "Bin.2.06",
"label": "Bin.2.06",
"size":       24,
"opacity":      0.6,
"fx": 369.9257,
"fy": -381.3333,
"fz": 278.0514,
"origX": 0.089737,
"origY":  -0.1108,
"origZ": 0.023659,
"seedArr": "notSeed",
"colorb": "#FBC684",
"colorw": "#FBC684" 
},
{
 "id": "Bin.2.02",
"label": "Bin.2.02",
"size":       24,
"opacity":     0.71,
"fx":   318.52,
"fy": -443.0222,
"fz": 509.8629,
"origX": 0.080741,
"origY": -0.12468,
"origZ": 0.064226,
"seedArr": "notSeed",
"colorb": "#F57D4F",
"colorw": "#F57D4F" 
},
{
 "id": "Bin.1.98",
"label": "Bin.1.98",
"size":       24,
"opacity":     0.71,
"fx": 509.3143,
"fy":   -341.6,
"fz": 456.0743,
"origX":  0.11413,
"origY": -0.10186,
"origZ": 0.054813,
"seedArr": "notSeed",
"colorb": "#F5774B",
"colorw": "#F5774B" 
},
{
 "id": "Bin.1.94",
"label": "Bin.1.94",
"size":       24,
"opacity":     0.46,
"fx": 408.7543,
"fy": 35.45778,
"fz": 542.7429,
"origX": 0.096532,
"origY": -0.017022,
"origZ":  0.06998,
"seedArr": "notSeed",
"colorb": "#FDEFB5",
"colorw": "#FDEFB5" 
},
{
 "id": "Bin.1.90",
"label": "Bin.1.90",
"size":       24,
"opacity":     0.54,
"fx": 395.1486,
"fy": -138.2222,
"fz":   555.48,
"origX": 0.094151,
"origY":  -0.0561,
"origZ": 0.072209,
"seedArr": "notSeed",
"colorb": "#FEEDA1",
"colorw": "#FEEDA1" 
},
{
 "id": "Bin.1.86",
"label": "Bin.1.86",
"size":       24,
"opacity":      0.6,
"fx": 567.4857,
"fy": -201.4933,
"fz": 247.6286,
"origX":  0.12431,
"origY": -0.070336,
"origZ": 0.018335,
"seedArr": "notSeed",
"colorb": "#FCCA86",
"colorw": "#FCCA86" 
},
{
 "id": "Bin.1.82",
"label": "Bin.1.82",
"size":       24,
"opacity":     0.61,
"fx": 497.3714,
"fy": -302.0578,
"fz": 180.9777,
"origX":  0.11204,
"origY": -0.092963,
"origZ": 0.0066711,
"seedArr": "notSeed",
"colorb": "#FBC281",
"colorw": "#FBC281" 
},
{
 "id": "Bin.1.78",
"label": "Bin.1.78",
"size":       24,
"opacity":     0.66,
"fx": 526.2857,
"fy": -324.4311,
"fz": 193.1194,
"origX":   0.1171,
"origY": -0.097997,
"origZ": 0.0087959,
"seedArr": "notSeed",
"colorb": "#F89D66",
"colorw": "#F89D66" 
},
{
 "id": "Bin.1.74",
"label": "Bin.1.74",
"size":       24,
"opacity":     0.71,
"fx": 567.8286,
"fy": -349.8667,
"fz":  134.948,
"origX":  0.12437,
"origY": -0.10372,
"origZ": -0.0013841,
"seedArr": "notSeed",
"colorb": "#F57B4E",
"colorw": "#F57B4E" 
},
{
 "id": "Bin.1.70",
"label": "Bin.1.70",
"size":       24,
"opacity":     0.69,
"fx": 662.9143,
"fy":   -204.2,
"fz": 189.2309,
"origX":  0.14101,
"origY": -0.070945,
"origZ": 0.0081154,
"seedArr": "notSeed",
"colorb": "#F68958",
"colorw": "#F68958" 
},
{
 "id": "Bin.1.66",
"label": "Bin.1.66",
"size":       24,
"opacity":     0.72,
"fx": 618.7429,
"fy": -295.2667,
"fz": 262.9714,
"origX":  0.13328,
"origY": -0.091435,
"origZ":  0.02102,
"seedArr": "notSeed",
"colorb": "#F4764A",
"colorw": "#F4764A" 
},
{
 "id": "Bin.1.62",
"label": "Bin.1.62",
"size":       24,
"opacity":     0.72,
"fx":    643.6,
"fy":  -285.56,
"fz":    274.4,
"origX":  0.13763,
"origY": -0.089251,
"origZ":  0.02302,
"seedArr": "notSeed",
"colorb": "#F47247",
"colorw": "#F47247" 
},
{
 "id": "Bin.1.58",
"label": "Bin.1.58",
"size":       24,
"opacity":     0.72,
"fx":    573.2,
"fy": -365.5111,
"fz": 271.2971,
"origX":  0.12531,
"origY": -0.10724,
"origZ": 0.022477,
"seedArr": "notSeed",
"colorb": "#F47046",
"colorw": "#F47046" 
},
{
 "id": "Bin.1.54",
"label": "Bin.1.54",
"size":       24,
"opacity":     0.52,
"fx": 418.2571,
"fy":  -194.64,
"fz": 367.3143,
"origX": 0.098195,
"origY": -0.068794,
"origZ":  0.03928,
"seedArr": "notSeed",
"colorb": "#FEEDA7",
"colorw": "#FEEDA7" 
},
{
 "id": "Bin.1.50",
"label": "Bin.1.50",
"size":       24,
"opacity":     0.73,
"fx": 512.1714,
"fy": -433.9556,
"fz": 36.67429,
"origX":  0.11463,
"origY": -0.12264,
"origZ": -0.018582,
"seedArr": "notSeed",
"colorb": "#F36941",
"colorw": "#F36941" 
},
{
 "id": "Bin.1.46",
"label": "Bin.1.46",
"size":       24,
"opacity":     0.62,
"fx": 502.2857,
"fy": -305.7822,
"fz": 229.5886,
"origX":   0.1129,
"origY": -0.093801,
"origZ": 0.015178,
"seedArr": "notSeed",
"colorb": "#FABB7C",
"colorw": "#FABB7C" 
},
{
 "id": "Bin.1.42",
"label": "Bin.1.42",
"size":       24,
"opacity":      0.7,
"fx": 680.6286,
"fy": -207.3111,
"fz": 144.4291,
"origX":  0.14411,
"origY": -0.071645,
"origZ": 0.00027509,
"seedArr": "notSeed",
"colorb": "#F58052",
"colorw": "#F58052" 
},
{
 "id": "Bin.1.38",
"label": "Bin.1.38",
"size":       24,
"opacity":     0.61,
"fx": 526.7429,
"fy": -259.6889,
"fz": 298.3371,
"origX":  0.11718,
"origY": -0.08343,
"origZ": 0.027209,
"seedArr": "notSeed",
"colorb": "#FBBF7F",
"colorw": "#FBBF7F" 
},
{
 "id": "Bin.1.34",
"label": "Bin.1.34",
"size":       24,
"opacity":     0.56,
"fx": 264.2857,
"fy": -285.9156,
"fz": 573.7257,
"origX":  0.07125,
"origY": -0.089331,
"origZ": 0.075402,
"seedArr": "notSeed",
"colorb": "#FEE398",
"colorw": "#FEE398" 
},
{
 "id": "Bin.1.30",
"label": "Bin.1.30",
"size":       24,
"opacity":     0.66,
"fx": 135.4114,
"fy":   -456.4,
"fz":    521.8,
"origX": 0.048697,
"origY": -0.12769,
"origZ": 0.066315,
"seedArr": "notSeed",
"colorb": "#F8A069",
"colorw": "#F8A069" 
},
{
 "id": "Bin.1.26",
"label": "Bin.1.26",
"size":       24,
"opacity":      0.8,
"fx": -146.4277,
"fy": -809.8667,
"fz": 117.2634,
"origX": -0.00062485,
"origY": -0.20722,
"origZ": -0.0044789,
"seedArr": "notSeed",
"colorb": "#F03C21",
"colorw": "#F03C21" 
},
{
 "id": "Bin.1.22",
"label": "Bin.1.22",
"size":       24,
"opacity":     0.62,
"fx": 48.06857,
"fy": -526.1333,
"fz": 92.11429,
"origX": 0.033412,
"origY": -0.14338,
"origZ": -0.00888,
"seedArr": "notSeed",
"colorb": "#FBBD7D",
"colorw": "#FBBD7D" 
},
{
 "id": "Bin.1.18",
"label": "Bin.1.18",
"size":       24,
"opacity":     0.44,
"fx": 285.2743,
"fy": -261.0178,
"fz": 256.2229,
"origX": 0.074923,
"origY": -0.083729,
"origZ": 0.019839,
"seedArr": "notSeed",
"colorb": "#FDF0BA",
"colorw": "#FDF0BA" 
},
{
 "id": "Bin.1.14",
"label": "Bin.1.14",
"size":       24,
"opacity":     0.35,
"fx": 260.5257,
"fy": -40.48889,
"fz": 99.31886,
"origX": 0.070592,
"origY": -0.03411,
"origZ": -0.0076192,
"seedArr": "notSeed",
"colorb": "#FCF3D3",
"colorw": "#FCF3D3" 
},
{
 "id": "Bin.1.10",
"label": "Bin.1.10",
"size":       24,
"opacity":     0.65,
"fx": 95.60571,
"fy": -495.9111,
"fz": -146.4457,
"origX": 0.041731,
"origY": -0.13658,
"origZ": -0.050628,
"seedArr": "notSeed",
"colorb": "#F8A46B",
"colorw": "#F8A46B" 
},
{
 "id": "Bin.1.06",
"label": "Bin.1.06",
"size":       24,
"opacity":     0.73,
"fx": 516.3429,
"fy": -407.8222,
"fz":   -72.24,
"origX":  0.11536,
"origY": -0.11676,
"origZ": -0.037642,
"seedArr": "notSeed",
"colorb": "#F46D44",
"colorw": "#F46D44" 
},
{
 "id": "Bin.1.02",
"label": "Bin.1.02",
"size":       24,
"opacity":     0.64,
"fx": 683.9429,
"fy": -9.182222,
"fz": -42.91429,
"origX":  0.14469,
"origY": -0.027066,
"origZ": -0.03251,
"seedArr": "notSeed",
"colorb": "#F9AB71",
"colorw": "#F9AB71" 
},
{
 "id": "Bin.0.98",
"label": "Bin.0.98",
"size":       24,
"opacity":     0.69,
"fx": 708.5714,
"fy":  -101.72,
"fz": 13.50857,
"origX":    0.149,
"origY": -0.047887,
"origZ": -0.022636,
"seedArr": "notSeed",
"colorb": "#F68757",
"colorw": "#F68757" 
},
{
 "id": "Bin.0.94",
"label": "Bin.0.94",
"size":       24,
"opacity":      0.7,
"fx": 756.1143,
"fy": 6.137778,
"fz": 108.2211,
"origX":  0.15732,
"origY": -0.023619,
"origZ": -0.0060613,
"seedArr": "notSeed",
"colorb": "#F68454",
"colorw": "#F68454" 
},
{
 "id": "Bin.0.90",
"label": "Bin.0.90",
"size":       24,
"opacity":      0.7,
"fx": 666.6286,
"fy": -233.0978,
"fz": 130.3514,
"origX":  0.14166,
"origY": -0.077447,
"origZ": -0.0021885,
"seedArr": "notSeed",
"colorb": "#F57E50",
"colorw": "#F57E50" 
},
{
 "id": "Bin.0.86",
"label": "Bin.0.86",
"size":       24,
"opacity":     0.68,
"fx": 693.0857,
"fy": -136.4178,
"fz": 112.2074,
"origX":  0.14629,
"origY": -0.055694,
"origZ": -0.0053637,
"seedArr": "notSeed",
"colorb": "#F78F5C",
"colorw": "#F78F5C" 
},
{
 "id": "Bin.0.82",
"label": "Bin.0.82",
"size":       24,
"opacity":     0.67,
"fx": 740.9143,
"fy": 153.2129,
"fz": 44.06857,
"origX":  0.15466,
"origY": 0.0094729,
"origZ": -0.017288,
"seedArr": "notSeed",
"colorb": "#F79661",
"colorw": "#F79661" 
},
{
 "id": "Bin.0.78",
"label": "Bin.0.78",
"size":       24,
"opacity":     0.68,
"fx": 683.8286,
"fy": 223.7467,
"fz": -167.0571,
"origX":  0.14467,
"origY": 0.025343,
"origZ": -0.054235,
"seedArr": "notSeed",
"colorb": "#F7905D",
"colorw": "#F7905D" 
},
{
 "id": "Bin.0.74",
"label": "Bin.0.74",
"size":       24,
"opacity":     0.78,
"fx": -105.5526,
"fy": 648.8444,
"fz": -787.6571,
"origX": 0.0065283,
"origY":  0.12099,
"origZ": -0.16284,
"seedArr": "notSeed",
"colorb": "#F1492A",
"colorw": "#F1492A" 
},
{
 "id": "Bin.0.70",
"label": "Bin.0.70",
"size":       24,
"opacity":     0.79,
"fx": -25.78286,
"fy": 651.9556,
"fz":   -795.6,
"origX": 0.020488,
"origY":  0.12169,
"origZ": -0.16423,
"seedArr": "notSeed",
"colorb": "#F04225",
"colorw": "#F04225" 
},
{
 "id": "Bin.0.66",
"label": "Bin.0.66",
"size":       24,
"opacity":     0.78,
"fx": -13.45714,
"fy": 648.3556,
"fz": -780.1143,
"origX": 0.022645,
"origY":  0.12088,
"origZ": -0.16152,
"seedArr": "notSeed",
"colorb": "#F14729",
"colorw": "#F14729" 
},
{
 "id": "Bin.0.62",
"label": "Bin.0.62",
"size":       24,
"opacity":     0.76,
"fx": 67.42286,
"fy": 638.5778,
"fz": -654.4571,
"origX": 0.036799,
"origY":  0.11868,
"origZ": -0.13953,
"seedArr": "notSeed",
"colorb": "#F25935",
"colorw": "#F25935" 
},
{
 "id": "Bin.0.58",
"label": "Bin.0.58",
"size":       24,
"opacity":     0.74,
"fx": 57.42286,
"fy": 599.0222,
"fz": -656.2286,
"origX": 0.035049,
"origY":  0.10978,
"origZ": -0.13984,
"seedArr": "notSeed",
"colorb": "#F3623C",
"colorw": "#F3623C" 
},
{
 "id": "Bin.0.54",
"label": "Bin.0.54",
"size":       24,
"opacity":     0.75,
"fx": 26.86286,
"fy": 605.1556,
"fz": -685.2571,
"origX": 0.029701,
"origY":  0.11116,
"origZ": -0.14492,
"seedArr": "notSeed",
"colorb": "#F25B37",
"colorw": "#F25B37" 
},
{
 "id": "Bin.0.50",
"label": "Bin.0.50",
"size":       24,
"opacity":     0.66,
"fx":   124.68,
"fy": 608.9778,
"fz": -399.9486,
"origX": 0.046819,
"origY":  0.11202,
"origZ": -0.094991,
"seedArr": "notSeed",
"colorb": "#F89B65",
"colorw": "#F89B65" 
},
{
 "id": "Bin.0.46",
"label": "Bin.0.46",
"size":       24,
"opacity":     0.59,
"fx":    136.6,
"fy": 339.2133,
"fz": -558.2857,
"origX": 0.048905,
"origY": 0.051323,
"origZ":  -0.1227,
"seedArr": "notSeed",
"colorb": "#FCD18C",
"colorw": "#FCD18C" 
},
{
 "id": "Bin.0.42",
"label": "Bin.0.42",
"size":       24,
"opacity":     0.54,
"fx": 83.74286,
"fy": 169.5422,
"fz": -560.9143,
"origX": 0.039655,
"origY": 0.013147,
"origZ": -0.12316,
"seedArr": "notSeed",
"colorb": "#FEEDA2",
"colorw": "#FEEDA2" 
},
{
 "id": "Bin.0.38",
"label": "Bin.0.38",
"size":       24,
"opacity":     0.64,
"fx": -38.95429,
"fy": 293.6711,
"fz": -678.6857,
"origX": 0.018183,
"origY": 0.041076,
"origZ": -0.14377,
"seedArr": "notSeed",
"colorb": "#F9AD72",
"colorw": "#F9AD72" 
},
{
 "id": "Bin.0.34",
"label": "Bin.0.34",
"size":       24,
"opacity":     0.55,
"fx": 75.34286,
"fy": 242.2044,
"fz": -579.4286,
"origX": 0.038185,
"origY": 0.029496,
"origZ":  -0.1264,
"seedArr": "notSeed",
"colorb": "#FEEA9E",
"colorw": "#FEEA9E" 
},
{
 "id": "Bin.0.30",
"label": "Bin.0.30",
"size":       24,
"opacity":     0.46,
"fx": 105.2514,
"fy": 174.2267,
"fz": -490.6286,
"origX": 0.043419,
"origY": 0.014201,
"origZ": -0.11086,
"seedArr": "notSeed",
"colorb": "#FDF0B7",
"colorw": "#FDF0B7" 
},
{
 "id": "Bin.0.26",
"label": "Bin.0.26",
"size":       24,
"opacity":     0.46,
"fx": 220.8857,
"fy": 117.5329,
"fz":     -438,
"origX": 0.063655,
"origY": 0.0014449,
"origZ": -0.10165,
"seedArr": "notSeed",
"colorb": "#FDEFB7",
"colorw": "#FDEFB7" 
},
{
 "id": "Bin.0.22",
"label": "Bin.0.22",
"size":       24,
"opacity":     0.53,
"fx": 211.5257,
"fy": 210.0978,
"fz": -473.8286,
"origX": 0.062017,
"origY": 0.022272,
"origZ": -0.10792,
"seedArr": "notSeed",
"colorb": "#FEEDA6",
"colorw": "#FEEDA6" 
} 
],
"misc": "",
"ticks": {
 "x": [      -12,      -10,       -8,       -6,       -4,       -2,        0,        2,        4,        6,        8,       10,       12,       14 ],
"y": [      -18,      -16,      -14,      -12,      -10,       -8,       -6,       -4,       -2,        0,        2,        4,        6,        8,       10,       12 ],
"z": [      -10,       -5,        0,        5,       10,       15,       20,       25,       30 ] 
},
"ticksLoading": {
 "x": [    -0.15,     -0.1,    -0.05,        0,     0.05,      0.1,     0.15,      0.2 ],
"y": [    -0.25,     -0.2,    -0.15,     -0.1,    -0.05,        0,     0.05,      0.1,     0.15,      0.2 ],
"z": [     -0.2,    -0.15,     -0.1,    -0.05,        0,     0.05,      0.1,     0.15 ] 
},
"axis": [ "Component1 (17.9%)", "Component2 (12.7%)", "Component3 (13%)" ],
"axisLoading": [ "Loading 1", "Loading 2", "Loading 3" ],
"metaCol": {
 "label": [ "control", "patient" ],
"color": [ "#E6194B", "#3CB44B" ],
"type": null 
} 
}