{
 "omicstype": "",
"nodes": [
 {
 "id": "C002",
"label": "C002",
"size":       18,
"meta": "control",
"fx": -260.0229,
"fy":  -190.54,
"fz": 35.67857,
"origX":  -2.0504,
"origY": -0.28648,
"origZ":  -1.5005,
"colorb": "#E6194B" 
},
{
 "id": "C004",
"label": "C004",
"size":       18,
"meta": "control",
"fx": -432.3257,
"fy":  -204.75,
"fz": 114.5529,
"origX":  -5.0657,
"origY":   -0.457,
"origZ": -0.39626,
"colorb": "#E6194B" 
},
{
 "id": "C005",
"label": "C005",
"size":       18,
"meta": "control",
"fx": -298.9886,
"fy": -440.4583,
"fz": -40.70714,
"origX":  -2.7323,
"origY":  -3.2855,
"origZ":  -2.5699,
"colorb": "#E6194B" 
},
{
 "id": "C006",
"label": "C006",
"size":       18,
"meta": "control",
"fx": -460.1486,
"fy": -335.3417,
"fz": 20.81429,
"origX":  -5.5526,
"origY":  -2.0241,
"origZ":  -1.7086,
"colorb": "#E6194B" 
},
{
 "id": "C007",
"label": "C007",
"size":       18,
"meta": "control",
"fx": -451.7714,
"fy": -118.6583,
"fz": 109.7957,
"origX":   -5.406,
"origY":   0.5761,
"origZ": -0.46286,
"colorb": "#E6194B" 
},
{
 "id": "C009",
"label": "C009",
"size":       18,
"meta": "control",
"fx":  -534.28,
"fy": -351.9667,
"fz":  120.565,
"origX":  -6.8499,
"origY":  -2.2236,
"origZ": -0.31209,
"colorb": "#E6194B" 
},
{
 "id": "C010",
"label": "C010",
"size":       18,
"meta": "control",
"fx": -431.4057,
"fy": -134.4042,
"fz": 175.4114,
"origX":  -5.0496,
"origY":  0.38715,
"origZ":  0.45576,
"colorb": "#E6194B" 
},
{
 "id": "C011",
"label": "C011",
"size":       18,
"meta": "control",
"fx": -603.6057,
"fy": -165.6243,
"fz": 65.56429,
"origX":  -8.0631,
"origY": 0.012509,
"origZ":  -1.0821,
"colorb": "#E6194B" 
},
{
 "id": "C012",
"label": "C012",
"size":       18,
"meta": "control",
"fx": -389.1714,
"fy": -385.9833,
"fz": 55.47143,
"origX":  -4.3105,
"origY":  -2.6318,
"origZ":  -1.2234,
"colorb": "#E6194B" 
},
{
 "id": "C015",
"label": "C015",
"size":       18,
"meta": "control",
"fx": -485.9943,
"fy":  -441.35,
"fz": 95.31143,
"origX":  -6.0049,
"origY":  -3.2962,
"origZ": -0.66564,
"colorb": "#E6194B" 
},
{
 "id": "C016",
"label": "C016",
"size":       18,
"meta": "control",
"fx": -608.4571,
"fy": -175.6758,
"fz": 53.62143,
"origX":   -8.148,
"origY": -0.10811,
"origZ":  -1.2493,
"colorb": "#E6194B" 
},
{
 "id": "C017",
"label": "C017",
"size":       18,
"meta": "control",
"fx": -415.7829,
"fy": -246.5433,
"fz": 56.20714,
"origX":  -4.7762,
"origY": -0.95852,
"origZ":  -1.2131,
"colorb": "#E6194B" 
},
{
 "id": "C019",
"label": "C019",
"size":       18,
"meta": "control",
"fx": -568.7029,
"fy": -239.7617,
"fz": 177.9993,
"origX":  -7.4523,
"origY": -0.87714,
"origZ":  0.49199,
"colorb": "#E6194B" 
},
{
 "id": "C020",
"label": "C020",
"size":       18,
"meta": "control",
"fx": -520.9657,
"fy":   -659.1,
"fz": 0.03571429,
"origX":  -6.6169,
"origY":  -5.9092,
"origZ":  -1.9995,
"colorb": "#E6194B" 
},
{
 "id": "C021",
"label": "C021",
"size":       18,
"meta": "control",
"fx": -580.5086,
"fy": -280.5417,
"fz": 307.8214,
"origX":  -7.6589,
"origY":  -1.3665,
"origZ":   2.3095,
"colorb": "#E6194B" 
},
{
 "id": "C022",
"label": "C022",
"size":       18,
"meta": "control",
"fx": -433.8514,
"fy": -302.0417,
"fz": 171.8357,
"origX":  -5.0924,
"origY":  -1.6245,
"origZ":   0.4057,
"colorb": "#E6194B" 
},
{
 "id": "C024",
"label": "C024",
"size":       18,
"meta": "control",
"fx": -502.9371,
"fy": -413.8583,
"fz": 63.07143,
"origX":  -6.3014,
"origY":  -2.9663,
"origZ":   -1.117,
"colorb": "#E6194B" 
},
{
 "id": "C026",
"label": "C026",
"size":       18,
"meta": "control",
"fx":  -645.84,
"fy": -247.3933,
"fz": 132.6686,
"origX":  -8.8022,
"origY": -0.96872,
"origZ": -0.14264,
"colorb": "#E6194B" 
},
{
 "id": "C028",
"label": "C028",
"size":       18,
"meta": "control",
"fx": -464.7143,
"fy": -355.5667,
"fz": -129.2286,
"origX":  -5.6325,
"origY":  -2.2668,
"origZ":  -3.8092,
"colorb": "#E6194B" 
},
{
 "id": "C029",
"label": "C029",
"size":       18,
"meta": "control",
"fx": -450.6857,
"fy": -302.7083,
"fz": 256.4286,
"origX":   -5.387,
"origY":  -1.6325,
"origZ":     1.59,
"colorb": "#E6194B" 
},
{
 "id": "C030",
"label": "C030",
"size":       18,
"meta": "control",
"fx": -605.4114,
"fy": -138.6858,
"fz": 243.4143,
"origX":  -8.0947,
"origY":  0.33577,
"origZ":   1.4078,
"colorb": "#E6194B" 
},
{
 "id": "C031",
"label": "C031",
"size":       18,
"meta": "control",
"fx": -524.8343,
"fy": -51.15833,
"fz": 23.75714,
"origX":  -6.6846,
"origY":   1.3861,
"origZ":  -1.6674,
"colorb": "#E6194B" 
},
{
 "id": "C032",
"label": "C032",
"size":       18,
"meta": "control",
"fx": -596.5714,
"fy": -253.4417,
"fz": 256.7643,
"origX":    -7.94,
"origY":  -1.0413,
"origZ":   1.5947,
"colorb": "#E6194B" 
},
{
 "id": "C033",
"label": "C033",
"size":       18,
"meta": "control",
"fx": -541.7429,
"fy": -526.1083,
"fz": -54.99286,
"origX":  -6.9805,
"origY":  -4.3133,
"origZ":  -2.7699,
"colorb": "#E6194B" 
},
{
 "id": "C034",
"label": "C034",
"size":       18,
"meta": "control",
"fx": -376.6514,
"fy": -426.275,
"fz": -88.82857,
"origX":  -4.0914,
"origY":  -3.1153,
"origZ":  -3.2436,
"colorb": "#E6194B" 
},
{
 "id": "P002",
"label": "P002",
"size":       18,
"meta": "patient",
"fx": -21.94286,
"fy":  622.875,
"fz": 99.42143,
"origX":    2.116,
"origY":   9.4745,
"origZ":  -0.6081,
"colorb": "#3CB44B" 
},
{
 "id": "P012",
"label": "P012",
"size":       18,
"meta": "patient",
"fx": 549.0286,
"fy": -489.8667,
"fz": -2.442857,
"origX":   12.108,
"origY":  -3.8784,
"origZ":  -2.0342,
"colorb": "#3CB44B" 
},
{
 "id": "P014",
"label": "P014",
"size":       18,
"meta": "patient",
"fx": 400.7771,
"fy": -229.4683,
"fz": 346.5429,
"origX":   9.5136,
"origY": -0.75362,
"origZ":   2.8516,
"colorb": "#3CB44B" 
},
{
 "id": "P027",
"label": "P027",
"size":       18,
"meta": "patient",
"fx": 98.96571,
"fy": -248.175,
"fz": 243.8286,
"origX":   4.2319,
"origY":  -0.9781,
"origZ":   1.4136,
"colorb": "#3CB44B" 
},
{
 "id": "P034",
"label": "P034",
"size":       18,
"meta": "patient",
"fx": 200.9657,
"fy": 176.7833,
"fz": 363.4571,
"origX":   6.0169,
"origY":   4.1214,
"origZ":   3.0884,
"colorb": "#3CB44B" 
},
{
 "id": "P037",
"label": "P037",
"size":       18,
"meta": "patient",
"fx": -230.2114,
"fy": 477.1417,
"fz":   480.35,
"origX":  -1.5287,
"origY":   7.7257,
"origZ":   4.7249,
"colorb": "#3CB44B" 
},
{
 "id": "P038",
"label": "P038",
"size":       18,
"meta": "patient",
"fx": 300.1314,
"fy": -124.2567,
"fz":   197.33,
"origX":   7.7523,
"origY":  0.50892,
"origZ":  0.76262,
"colorb": "#3CB44B" 
},
{
 "id": "P041",
"label": "P041",
"size":       18,
"meta": "patient",
"fx": 534.7429,
"fy":    140.4,
"fz": -204.7571,
"origX":   11.858,
"origY":   3.6848,
"origZ":  -4.8666,
"colorb": "#3CB44B" 
},
{
 "id": "P042",
"label": "P042",
"size":       18,
"meta": "patient",
"fx": 253.8457,
"fy": -541.4417,
"fz": 210.5664,
"origX":   6.9423,
"origY":  -4.4973,
"origZ":  0.94793,
"colorb": "#3CB44B" 
},
{
 "id": "P049",
"label": "P049",
"size":       18,
"meta": "patient",
"fx": -36.69714,
"fy":   -70.35,
"fz": 459.4929,
"origX":   1.8578,
"origY":   1.1558,
"origZ":   4.4329,
"colorb": "#3CB44B" 
},
{
 "id": "P056",
"label": "P056",
"size":       18,
"meta": "patient",
"fx": -22.78286,
"fy": -44.69167,
"fz": 393.9286,
"origX":   2.1013,
"origY":   1.4637,
"origZ":    3.515,
"colorb": "#3CB44B" 
},
{
 "id": "P058",
"label": "P058",
"size":       18,
"meta": "patient",
"fx": -87.27029,
"fy":    319.7,
"fz": 283.0071,
"origX":  0.97277,
"origY":   5.8364,
"origZ":   1.9621,
"colorb": "#3CB44B" 
},
{
 "id": "P060",
"label": "P060",
"size":       18,
"meta": "patient",
"fx": 87.73143,
"fy": -4.066667,
"fz": 328.9357,
"origX":   4.0353,
"origY":   1.9512,
"origZ":   2.6051,
"colorb": "#3CB44B" 
},
{
 "id": "P064",
"label": "P064",
"size":       18,
"meta": "patient",
"fx": 516.6286,
"fy": -367.9333,
"fz": 27.72857,
"origX":   11.541,
"origY":  -2.4152,
"origZ":  -1.6118,
"colorb": "#3CB44B" 
},
{
 "id": "P065",
"label": "P065",
"size":       18,
"meta": "patient",
"fx": 336.6743,
"fy": -245.4233,
"fz": 180.7264,
"origX":   8.3918,
"origY": -0.94508,
"origZ":  0.53017,
"colorb": "#3CB44B" 
},
{
 "id": "P070",
"label": "P070",
"size":       18,
"meta": "patient",
"fx": 34.54857,
"fy": 139.6917,
"fz": 296.0643,
"origX":   3.1046,
"origY":   3.6763,
"origZ":   2.1449,
"colorb": "#3CB44B" 
},
{
 "id": "P080",
"label": "P080",
"size":       18,
"meta": "patient",
"fx":    148.2,
"fy":   710.25,
"fz": -808.5714,
"origX":   5.0935,
"origY":   10.523,
"origZ":   -13.32,
"colorb": "#3CB44B" 
},
{
 "id": "P085",
"label": "P085",
"size":       18,
"meta": "patient",
"fx":    773.2,
"fy": -775.6917,
"fz": 443.5929,
"origX":   16.031,
"origY":  -7.3083,
"origZ":   4.2103,
"colorb": "#3CB44B" 
},
{
 "id": "P086",
"label": "P086",
"size":       18,
"meta": "patient",
"fx": 231.0743,
"fy": -224.7283,
"fz": 220.9643,
"origX":   6.5438,
"origY": -0.69674,
"origZ":   1.0935,
"colorb": "#3CB44B" 
},
{
 "id": "P089",
"label": "P089",
"size":       18,
"meta": "patient",
"fx":    625.2,
"fy":  -480.45,
"fz": 34.45714,
"origX":   13.441,
"origY":  -3.7654,
"origZ":  -1.5176,
"colorb": "#3CB44B" 
},
{
 "id": "P092",
"label": "P092",
"size":       18,
"meta": "patient",
"fx": -27.26857,
"fy": 61.30833,
"fz": 441.9071,
"origX":   2.0228,
"origY":   2.7357,
"origZ":   4.1867,
"colorb": "#3CB44B" 
},
{
 "id": "P099",
"label": "P099",
"size":       18,
"meta": "patient",
"fx": -280.2286,
"fy": 142.3583,
"fz": 799.1143,
"origX":   -2.404,
"origY":   3.7083,
"origZ":   9.1876,
"colorb": "#3CB44B" 
},
{
 "id": "P113",
"label": "P113",
"size":       18,
"meta": "patient",
"fx": -323.6286,
"fy": 755.8333,
"fz": 24.82857,
"origX":  -3.1635,
"origY":    11.07,
"origZ":  -1.6524,
"colorb": "#3CB44B" 
},
{
 "id": "P013b",
"label": "P013b",
"size":       18,
"meta": "patient",
"fx": 658.1143,
"fy": -450.8333,
"fz":   -279.1,
"origX":   14.017,
"origY":    -3.41,
"origZ":  -5.9074,
"colorb": "#3CB44B" 
},
{
 "id": "P100b",
"label": "P100b",
"size":       18,
"meta": "patient",
"fx": 322.7314,
"fy": -194.3833,
"fz": 338.4714,
"origX":   8.1478,
"origY":  -0.3326,
"origZ":   2.7386,
"colorb": "#3CB44B" 
} 
],
"meta": [ "control", "control", "control", "control", "control", "control", "control", "control", "control", "control", "control", "control", "control", "control", "control", "control", "control", "control", "control", "control", "control", "control", "control", "control", "control", "patient", "patient", "patient", "patient", "patient", "patient", "patient", "patient", "patient", "patient", "patient", "patient", "patient", "patient", "patient", "patient", "patient", "patient", "patient", "patient", "patient", "patient", "patient", "patient", "patient" ],
"loading": [
 {
 "id": "Bin.9.98",
"label": "Bin.9.98",
"size":       24,
"opacity":     0.34,
"fx":    68.35,
"fy":   -122.1,
"fz": 359.1911,
"origX": 0.028202,
"origY": -0.02442,
"origZ": 0.055818,
"seedArr": "notSeed",
"colorb": "#FCF3D5",
"colorw": "#FCF3D5" 
},
{
 "id": "Bin.9.94",
"label": "Bin.9.94",
"size":       24,
"opacity":     0.33,
"fx": 179.5083,
"fy":  -26.487,
"fz":   327.16,
"origX": 0.041541,
"origY": -0.0052974,
"origZ": 0.048611,
"seedArr": "notSeed",
"colorb": "#FCF4D8",
"colorw": "#FCF4D8" 
},
{
 "id": "Bin.9.90",
"label": "Bin.9.90",
"size":       24,
"opacity":     0.41,
"fx": 175.2917,
"fy": -207.925,
"fz":   472.36,
"origX": 0.041035,
"origY": -0.041585,
"origZ": 0.081281,
"seedArr": "notSeed",
"colorb": "#FDF1C3",
"colorw": "#FDF1C3" 
},
{
 "id": "Bin.9.86",
"label": "Bin.9.86",
"size":       24,
"opacity":     0.34,
"fx": 134.7167,
"fy":  -236.06,
"fz": 276.1556,
"origX": 0.036166,
"origY": -0.047212,
"origZ": 0.037135,
"seedArr": "notSeed",
"colorb": "#FCF3D4",
"colorw": "#FCF3D4" 
},
{
 "id": "Bin.9.82",
"label": "Bin.9.82",
"size":       24,
"opacity":     0.32,
"fx": 107.5333,
"fy":  -231.86,
"fz": 206.1644,
"origX": 0.032904,
"origY": -0.046372,
"origZ": 0.021387,
"seedArr": "notSeed",
"colorb": "#FCF4D9",
"colorw": "#FCF4D9" 
},
{
 "id": "Bin.9.78",
"label": "Bin.9.78",
"size":       24,
"opacity":     0.36,
"fx": 95.96667,
"fy":   -27.87,
"fz": 453.7733,
"origX": 0.031516,
"origY": -0.005574,
"origZ": 0.077099,
"seedArr": "notSeed",
"colorb": "#FCF2CF",
"colorw": "#FCF2CF" 
},
{
 "id": "Bin.9.74",
"label": "Bin.9.74",
"size":       24,
"opacity":     0.36,
"fx": 147.4417,
"fy":  -220.31,
"fz": 349.8533,
"origX": 0.037693,
"origY": -0.044062,
"origZ": 0.053717,
"seedArr": "notSeed",
"colorb": "#FCF3D1",
"colorw": "#FCF3D1" 
},
{
 "id": "Bin.9.70",
"label": "Bin.9.70",
"size":       24,
"opacity":     0.39,
"fx": 391.3083,
"fy":  -204.54,
"fz": 351.6933,
"origX": 0.066957,
"origY": -0.040908,
"origZ": 0.054131,
"seedArr": "notSeed",
"colorb": "#FDF2C8",
"colorw": "#FDF2C8" 
},
{
 "id": "Bin.9.66",
"label": "Bin.9.66",
"size":       24,
"opacity":      0.4,
"fx":   369.15,
"fy": -240.975,
"fz":   349.88,
"origX": 0.064298,
"origY": -0.048195,
"origZ": 0.053723,
"seedArr": "notSeed",
"colorb": "#FDF1C5",
"colorw": "#FDF1C5" 
},
{
 "id": "Bin.9.62",
"label": "Bin.9.62",
"size":       24,
"opacity":     0.45,
"fx": 290.2167,
"fy":  -369.49,
"fz":   363.28,
"origX": 0.054826,
"origY": -0.073898,
"origZ": 0.056738,
"seedArr": "notSeed",
"colorb": "#FDF0BA",
"colorw": "#FDF0BA" 
},
{
 "id": "Bin.9.58",
"label": "Bin.9.58",
"size":       24,
"opacity":     0.36,
"fx": 338.6417,
"fy":  -262.59,
"fz": 53.52444,
"origX": 0.060637,
"origY": -0.052518,
"origZ": -0.012957,
"seedArr": "notSeed",
"colorb": "#FCF3D0",
"colorw": "#FCF3D0" 
},
{
 "id": "Bin.9.54",
"label": "Bin.9.54",
"size":       24,
"opacity":     0.37,
"fx": 339.7667,
"fy": -292.295,
"fz": 233.9644,
"origX": 0.060772,
"origY": -0.058459,
"origZ": 0.027642,
"seedArr": "notSeed",
"colorb": "#FCF2CD",
"colorw": "#FCF2CD" 
},
{
 "id": "Bin.9.50",
"label": "Bin.9.50",
"size":       24,
"opacity":     0.41,
"fx":  563.025,
"fy": -188.695,
"fz": 251.9333,
"origX": 0.087563,
"origY": -0.037739,
"origZ": 0.031685,
"seedArr": "notSeed",
"colorb": "#FDF1C2",
"colorw": "#FDF1C2" 
},
{
 "id": "Bin.9.46",
"label": "Bin.9.46",
"size":       24,
"opacity":     0.46,
"fx":  506.625,
"fy":  -385.15,
"fz": 166.3556,
"origX": 0.080795,
"origY": -0.07703,
"origZ":  0.01243,
"seedArr": "notSeed",
"colorb": "#FDEFB7",
"colorw": "#FDEFB7" 
},
{
 "id": "Bin.9.42",
"label": "Bin.9.42",
"size":       24,
"opacity":     0.48,
"fx": 631.2833,
"fy": -347.235,
"fz": 182.8844,
"origX": 0.095754,
"origY": -0.069447,
"origZ": 0.016149,
"seedArr": "notSeed",
"colorb": "#FEEFB1",
"colorw": "#FEEFB1" 
},
{
 "id": "Bin.9.38",
"label": "Bin.9.38",
"size":       24,
"opacity":     0.49,
"fx": 569.2083,
"fy": -406.845,
"fz": 123.6622,
"origX": 0.088305,
"origY": -0.081369,
"origZ": 0.002824,
"seedArr": "notSeed",
"colorb": "#FEEFB0",
"colorw": "#FEEFB0" 
},
{
 "id": "Bin.9.34",
"label": "Bin.9.34",
"size":       24,
"opacity":     0.55,
"fx": 516.3833,
"fy":  -420.23,
"fz": 349.4489,
"origX": 0.081966,
"origY": -0.084046,
"origZ": 0.053626,
"seedArr": "notSeed",
"colorb": "#FEEDA0",
"colorw": "#FEEDA0" 
},
{
 "id": "Bin.9.30",
"label": "Bin.9.30",
"size":       24,
"opacity":     0.72,
"fx":   327.55,
"fy":   -739.9,
"fz": 284.2933,
"origX": 0.059306,
"origY": -0.14798,
"origZ": 0.038966,
"seedArr": "notSeed",
"colorb": "#F47046",
"colorw": "#F47046" 
},
{
 "id": "Bin.9.26",
"label": "Bin.9.26",
"size":       24,
"opacity":     0.55,
"fx":  182.175,
"fy":   -596.8,
"fz": 232.6489,
"origX": 0.041861,
"origY": -0.11936,
"origZ": 0.027346,
"seedArr": "notSeed",
"colorb": "#FEEC9F",
"colorw": "#FEEC9F" 
},
{
 "id": "Bin.9.22",
"label": "Bin.9.22",
"size":       24,
"opacity":     0.56,
"fx": 709.9167,
"fy":  -308.21,
"fz": 323.6622,
"origX":  0.10519,
"origY": -0.061642,
"origZ": 0.047824,
"seedArr": "notSeed",
"colorb": "#FEE69B",
"colorw": "#FEE69B" 
},
{
 "id": "Bin.9.18",
"label": "Bin.9.18",
"size":       24,
"opacity":     0.59,
"fx": 663.5833,
"fy":  -264.43,
"fz":   430.88,
"origX":  0.09963,
"origY": -0.052886,
"origZ": 0.071948,
"seedArr": "notSeed",
"colorb": "#FCCF8A",
"colorw": "#FCCF8A" 
},
{
 "id": "Bin.9.14",
"label": "Bin.9.14",
"size":       24,
"opacity":     0.47,
"fx":  -210.15,
"fy":   -563.8,
"fz": 217.0489,
"origX": -0.005218,
"origY": -0.11276,
"origZ": 0.023836,
"seedArr": "notSeed",
"colorb": "#FDEFB5",
"colorw": "#FDEFB5" 
},
{
 "id": "Bin.9.10",
"label": "Bin.9.10",
"size":       24,
"opacity":     0.73,
"fx":  345.525,
"fy":  -775.45,
"fz": 289.2667,
"origX": 0.061463,
"origY": -0.15509,
"origZ": 0.040085,
"seedArr": "notSeed",
"colorb": "#F36941",
"colorw": "#F36941" 
},
{
 "id": "Bin.9.06",
"label": "Bin.9.06",
"size":       24,
"opacity":     0.69,
"fx": 260.3917,
"fy":  -643.95,
"fz": 422.4578,
"origX": 0.051247,
"origY": -0.12879,
"origZ": 0.070053,
"seedArr": "notSeed",
"colorb": "#F68757",
"colorw": "#F68757" 
},
{
 "id": "Bin.9.02",
"label": "Bin.9.02",
"size":       24,
"opacity":     0.65,
"fx": 576.9583,
"fy":  -540.05,
"fz": 250.4533,
"origX": 0.089235,
"origY": -0.10801,
"origZ": 0.031352,
"seedArr": "notSeed",
"colorb": "#F9A66D",
"colorw": "#F9A66D" 
},
{
 "id": "Bin.8.98",
"label": "Bin.8.98",
"size":       24,
"opacity":     0.73,
"fx":  494.125,
"fy":  -719.45,
"fz": 238.6978,
"origX": 0.079295,
"origY": -0.14389,
"origZ": 0.028707,
"seedArr": "notSeed",
"colorb": "#F46D44",
"colorw": "#F46D44" 
},
{
 "id": "Bin.8.94",
"label": "Bin.8.94",
"size":       24,
"opacity":     0.65,
"fx": 802.8333,
"fy":  -383.68,
"fz": 292.1422,
"origX":  0.11634,
"origY": -0.076736,
"origZ": 0.040732,
"seedArr": "notSeed",
"colorb": "#F8A26A",
"colorw": "#F8A26A" 
},
{
 "id": "Bin.8.90",
"label": "Bin.8.90",
"size":       24,
"opacity":     0.74,
"fx":    496.1,
"fy":  -762.05,
"fz": 178.8533,
"origX": 0.079532,
"origY": -0.15241,
"origZ": 0.015242,
"seedArr": "notSeed",
"colorb": "#F3653E",
"colorw": "#F3653E" 
},
{
 "id": "Bin.8.86",
"label": "Bin.8.86",
"size":       24,
"opacity":     0.51,
"fx": 9.008333,
"fy":   -597.2,
"fz": 206.2444,
"origX": 0.021081,
"origY": -0.11944,
"origZ": 0.021405,
"seedArr": "notSeed",
"colorb": "#FEEEAB",
"colorw": "#FEEEAB" 
},
{
 "id": "Bin.8.82",
"label": "Bin.8.82",
"size":       24,
"opacity":     0.52,
"fx": -143.185,
"fy":   -622.2,
"fz": 184.5067,
"origX": 0.0028178,
"origY": -0.12444,
"origZ": 0.016514,
"seedArr": "notSeed",
"colorb": "#FEEDA6",
"colorw": "#FEEDA6" 
},
{
 "id": "Bin.8.78",
"label": "Bin.8.78",
"size":       24,
"opacity":     0.59,
"fx":    681.5,
"fy":  -399.96,
"fz": 252.6533,
"origX":  0.10178,
"origY": -0.079992,
"origZ": 0.031847,
"seedArr": "notSeed",
"colorb": "#FCD38D",
"colorw": "#FCD38D" 
},
{
 "id": "Bin.8.74",
"label": "Bin.8.74",
"size":       24,
"opacity":     0.64,
"fx": 870.9167,
"fy": -160.785,
"fz": 337.3556,
"origX":  0.12451,
"origY": -0.032157,
"origZ": 0.050905,
"seedArr": "notSeed",
"colorb": "#F9AF73",
"colorw": "#F9AF73" 
},
{
 "id": "Bin.8.70",
"label": "Bin.8.70",
"size":       24,
"opacity":      0.6,
"fx":   853.75,
"fy":  -141.21,
"fz": 316.4222,
"origX":  0.12245,
"origY": -0.028242,
"origZ": 0.046195,
"seedArr": "notSeed",
"colorb": "#FCCB88",
"colorw": "#FCCB88" 
},
{
 "id": "Bin.8.66",
"label": "Bin.8.66",
"size":       24,
"opacity":     0.67,
"fx": 838.5833,
"fy": -340.125,
"fz": 353.6978,
"origX":  0.12063,
"origY": -0.068025,
"origZ": 0.054582,
"seedArr": "notSeed",
"colorb": "#F79460",
"colorw": "#F79460" 
},
{
 "id": "Bin.8.62",
"label": "Bin.8.62",
"size":       24,
"opacity":     0.64,
"fx": 823.4167,
"fy": -264.395,
"fz": 335.4044,
"origX":  0.11881,
"origY": -0.052879,
"origZ": 0.050466,
"seedArr": "notSeed",
"colorb": "#F9A96F",
"colorw": "#F9A96F" 
},
{
 "id": "Bin.8.58",
"label": "Bin.8.58",
"size":       24,
"opacity":     0.65,
"fx": 756.8333,
"fy": -353.715,
"fz": 365.1911,
"origX":  0.11082,
"origY": -0.070743,
"origZ": 0.057168,
"seedArr": "notSeed",
"colorb": "#F9A86E",
"colorw": "#F9A86E" 
},
{
 "id": "Bin.8.54",
"label": "Bin.8.54",
"size":       24,
"opacity":     0.66,
"fx":   -419.4,
"fy":  -608.15,
"fz": 448.4444,
"origX": -0.030328,
"origY": -0.12163,
"origZ":   0.0759,
"seedArr": "notSeed",
"colorb": "#F89F68",
"colorw": "#F89F68" 
},
{
 "id": "Bin.8.50",
"label": "Bin.8.50",
"size":       24,
"opacity":     0.69,
"fx": 352.2917,
"fy":     -564,
"fz": 473.8311,
"origX": 0.062275,
"origY":  -0.1128,
"origZ": 0.081612,
"seedArr": "notSeed",
"colorb": "#F68B59",
"colorw": "#F68B59" 
},
{
 "id": "Bin.8.46",
"label": "Bin.8.46",
"size":       24,
"opacity":      0.4,
"fx": 292.4833,
"fy": -317.745,
"fz": 328.5378,
"origX": 0.055098,
"origY": -0.063549,
"origZ": 0.048921,
"seedArr": "notSeed",
"colorb": "#FDF1C5",
"colorw": "#FDF1C5" 
},
{
 "id": "Bin.8.42",
"label": "Bin.8.42",
"size":       24,
"opacity":     0.58,
"fx": 783.4167,
"fy": -281.875,
"fz": 285.5378,
"origX":  0.11401,
"origY": -0.056375,
"origZ": 0.039246,
"seedArr": "notSeed",
"colorb": "#FCD48E",
"colorw": "#FCD48E" 
},
{
 "id": "Bin.8.38",
"label": "Bin.8.38",
"size":       24,
"opacity":     0.57,
"fx": 783.6667,
"fy":  -275.84,
"fz":   281.08,
"origX":  0.11404,
"origY": -0.055168,
"origZ": 0.038243,
"seedArr": "notSeed",
"colorb": "#FDDC93",
"colorw": "#FDDC93" 
},
{
 "id": "Bin.8.34",
"label": "Bin.8.34",
"size":       24,
"opacity":     0.67,
"fx": 594.5167,
"fy": -380.155,
"fz": 505.8089,
"origX": 0.091342,
"origY": -0.076031,
"origZ": 0.088807,
"seedArr": "notSeed",
"colorb": "#F79661",
"colorw": "#F79661" 
},
{
 "id": "Bin.8.30",
"label": "Bin.8.30",
"size":       24,
"opacity":     0.68,
"fx": 738.6667,
"fy":  -248.01,
"fz": 513.9289,
"origX":  0.10864,
"origY": -0.049602,
"origZ": 0.090634,
"seedArr": "notSeed",
"colorb": "#F7905D",
"colorw": "#F7905D" 
},
{
 "id": "Bin.8.26",
"label": "Bin.8.26",
"size":       24,
"opacity":     0.63,
"fx": 768.9167,
"fy": -256.575,
"fz": 387.0133,
"origX":  0.11227,
"origY": -0.051315,
"origZ": 0.062078,
"seedArr": "notSeed",
"colorb": "#F9B174",
"colorw": "#F9B174" 
},
{
 "id": "Bin.8.22",
"label": "Bin.8.22",
"size":       24,
"opacity":     0.54,
"fx":  498.975,
"fy": -423.245,
"fz": 349.1689,
"origX": 0.079877,
"origY": -0.084649,
"origZ": 0.053563,
"seedArr": "notSeed",
"colorb": "#FEEDA3",
"colorw": "#FEEDA3" 
},
{
 "id": "Bin.8.18",
"label": "Bin.8.18",
"size":       24,
"opacity":     0.35,
"fx": -99.2775,
"fy": -369.825,
"fz": 188.9289,
"origX": 0.0080867,
"origY": -0.073965,
"origZ": 0.017509,
"seedArr": "notSeed",
"colorb": "#FCF3D2",
"colorw": "#FCF3D2" 
},
{
 "id": "Bin.8.14",
"label": "Bin.8.14",
"size":       24,
"opacity":     0.56,
"fx": 729.6667,
"fy": -188.345,
"fz":   400.72,
"origX":  0.10756,
"origY": -0.037669,
"origZ": 0.065162,
"seedArr": "notSeed",
"colorb": "#FEE49A",
"colorw": "#FEE49A" 
},
{
 "id": "Bin.8.10",
"label": "Bin.8.10",
"size":       24,
"opacity":     0.57,
"fx": 228.1167,
"fy":  -570.05,
"fz": 320.8533,
"origX": 0.047374,
"origY": -0.11401,
"origZ": 0.047192,
"seedArr": "notSeed",
"colorb": "#FDDF96",
"colorw": "#FDDF96" 
},
{
 "id": "Bin.8.06",
"label": "Bin.8.06",
"size":       24,
"opacity":     0.67,
"fx": 291.4667,
"fy":  -675.05,
"fz": 228.5822,
"origX": 0.054976,
"origY": -0.13501,
"origZ": 0.026431,
"seedArr": "notSeed",
"colorb": "#F79862",
"colorw": "#F79862" 
},
{
 "id": "Bin.8.02",
"label": "Bin.8.02",
"size":       24,
"opacity":     0.44,
"fx": 1.708333,
"fy": -499.125,
"fz": 244.8267,
"origX": 0.020205,
"origY": -0.099825,
"origZ": 0.030086,
"seedArr": "notSeed",
"colorb": "#FDF0BB",
"colorw": "#FDF0BB" 
},
{
 "id": "Bin.7.98",
"label": "Bin.7.98",
"size":       24,
"opacity":     0.33,
"fx": -142.8392,
"fy":  44.3935,
"fz": 399.0978,
"origX": 0.0028593,
"origY": 0.0088787,
"origZ": 0.064797,
"seedArr": "notSeed",
"colorb": "#FCF4D7",
"colorw": "#FCF4D7" 
},
{
 "id": "Bin.7.94",
"label": "Bin.7.94",
"size":       24,
"opacity":     0.48,
"fx": -84.24083,
"fy": -221.345,
"fz": 595.5556,
"origX": 0.0098911,
"origY": -0.044269,
"origZ":    0.109,
"seedArr": "notSeed",
"colorb": "#FEEFB2",
"colorw": "#FEEFB2" 
},
{
 "id": "Bin.7.90",
"label": "Bin.7.90",
"size":       24,
"opacity":     0.32,
"fx": 162.4167,
"fy":   105.84,
"fz": 258.4578,
"origX":  0.03949,
"origY": 0.021168,
"origZ": 0.033153,
"seedArr": "notSeed",
"colorb": "#FCF4DA",
"colorw": "#FCF4DA" 
},
{
 "id": "Bin.7.86",
"label": "Bin.7.86",
"size":       24,
"opacity":     0.54,
"fx": -960.775,
"fy": -201.845,
"fz": 451.1378,
"origX": -0.095293,
"origY": -0.040369,
"origZ": 0.076506,
"seedArr": "notSeed",
"colorb": "#FEEDA2",
"colorw": "#FEEDA2" 
},
{
 "id": "Bin.7.82",
"label": "Bin.7.82",
"size":       24,
"opacity":     0.51,
"fx": -960.025,
"fy":  -223.03,
"fz": 402.4933,
"origX": -0.095203,
"origY": -0.044606,
"origZ": 0.065561,
"seedArr": "notSeed",
"colorb": "#FEEEAA",
"colorw": "#FEEEAA" 
},
{
 "id": "Bin.7.78",
"label": "Bin.7.78",
"size":       24,
"opacity":     0.45,
"fx": 463.4417,
"fy": -379.625,
"fz": 232.0133,
"origX": 0.075613,
"origY": -0.075925,
"origZ": 0.027203,
"seedArr": "notSeed",
"colorb": "#FDF0B8",
"colorw": "#FDF0B8" 
},
{
 "id": "Bin.7.74",
"label": "Bin.7.74",
"size":       24,
"opacity":     0.46,
"fx":  260.475,
"fy": -475.105,
"fz": 228.7778,
"origX": 0.051257,
"origY": -0.095021,
"origZ": 0.026475,
"seedArr": "notSeed",
"colorb": "#FDF0B7",
"colorw": "#FDF0B7" 
},
{
 "id": "Bin.7.70",
"label": "Bin.7.70",
"size":       24,
"opacity":     0.67,
"fx": 98.30833,
"fy":  -322.63,
"fz": 685.8667,
"origX": 0.031797,
"origY": -0.064526,
"origZ":  0.12932,
"seedArr": "notSeed",
"colorb": "#F79964",
"colorw": "#F79964" 
},
{
 "id": "Bin.7.66",
"label": "Bin.7.66",
"size":       24,
"opacity":     0.57,
"fx": -955.875,
"fy": -194.305,
"fz": 482.9911,
"origX": -0.094705,
"origY": -0.038861,
"origZ": 0.083673,
"seedArr": "notSeed",
"colorb": "#FDDD95",
"colorw": "#FDDD95" 
},
{
 "id": "Bin.7.62",
"label": "Bin.7.62",
"size":       24,
"opacity":     0.53,
"fx": -807.3917,
"fy": -249.785,
"fz": 504.7067,
"origX": -0.076887,
"origY": -0.049957,
"origZ": 0.088559,
"seedArr": "notSeed",
"colorb": "#FEEDA4",
"colorw": "#FEEDA4" 
},
{
 "id": "Bin.7.58",
"label": "Bin.7.58",
"size":       24,
"opacity":     0.54,
"fx": -887.975,
"fy": -242.485,
"fz": 475.7111,
"origX": -0.086557,
"origY": -0.048497,
"origZ": 0.082035,
"seedArr": "notSeed",
"colorb": "#FEEDA2",
"colorw": "#FEEDA2" 
},
{
 "id": "Bin.7.54",
"label": "Bin.7.54",
"size":       24,
"opacity":     0.55,
"fx": -960.0833,
"fy":   -236.8,
"fz": 439.7422,
"origX": -0.09521,
"origY": -0.04736,
"origZ": 0.073942,
"seedArr": "notSeed",
"colorb": "#FEEA9E",
"colorw": "#FEEA9E" 
},
{
 "id": "Bin.7.50",
"label": "Bin.7.50",
"size":       24,
"opacity":     0.47,
"fx": -7.158333,
"fy":  -473.13,
"fz":    399.6,
"origX": 0.019141,
"origY": -0.094626,
"origZ":  0.06491,
"seedArr": "notSeed",
"colorb": "#FEEFB4",
"colorw": "#FEEFB4" 
},
{
 "id": "Bin.7.46",
"label": "Bin.7.46",
"size":       24,
"opacity":     0.38,
"fx": 318.7583,
"fy":   114.09,
"fz": 418.2267,
"origX": 0.058251,
"origY": 0.022818,
"origZ": 0.069101,
"seedArr": "notSeed",
"colorb": "#FCF2CA",
"colorw": "#FCF2CA" 
},
{
 "id": "Bin.7.42",
"label": "Bin.7.42",
"size":       24,
"opacity":     0.38,
"fx": -88.93417,
"fy":   430.42,
"fz":   266.08,
"origX": 0.0093279,
"origY": 0.086084,
"origZ": 0.034868,
"seedArr": "notSeed",
"colorb": "#FCF2CA",
"colorw": "#FCF2CA" 
},
{
 "id": "Bin.7.38",
"label": "Bin.7.38",
"size":       24,
"opacity":     0.39,
"fx":  -84.745,
"fy":  345.105,
"fz": 406.6844,
"origX": 0.0098306,
"origY": 0.069021,
"origZ": 0.066504,
"seedArr": "notSeed",
"colorb": "#FDF2C7",
"colorw": "#FDF2C7" 
},
{
 "id": "Bin.7.34",
"label": "Bin.7.34",
"size":       24,
"opacity":     0.37,
"fx": -75.51667,
"fy":  407.035,
"fz": 234.5244,
"origX": 0.010938,
"origY": 0.081407,
"origZ": 0.027768,
"seedArr": "notSeed",
"colorb": "#FCF2CE",
"colorw": "#FCF2CE" 
},
{
 "id": "Bin.7.30",
"label": "Bin.7.30",
"size":       24,
"opacity":     0.38,
"fx": -529.7167,
"fy": -394.055,
"fz": 193.4356,
"origX": -0.043566,
"origY": -0.078811,
"origZ": 0.018523,
"seedArr": "notSeed",
"colorb": "#FCF2CB",
"colorw": "#FCF2CB" 
},
{
 "id": "Bin.7.26",
"label": "Bin.7.26",
"size":       24,
"opacity":     0.47,
"fx": -187.2775,
"fy":    86.45,
"fz": 622.9333,
"origX": -0.0024733,
"origY":  0.01729,
"origZ":  0.11516,
"seedArr": "notSeed",
"colorb": "#FEEFB3",
"colorw": "#FEEFB3" 
},
{
 "id": "Bin.7.22",
"label": "Bin.7.22",
"size":       24,
"opacity":     0.42,
"fx": -489.0917,
"fy":  13.1415,
"fz": 525.6978,
"origX": -0.038691,
"origY": 0.0026283,
"origZ": 0.093282,
"seedArr": "notSeed",
"colorb": "#FDF1C1",
"colorw": "#FDF1C1" 
},
{
 "id": "Bin.7.18",
"label": "Bin.7.18",
"size":       24,
"opacity":     0.35,
"fx": -220.4608,
"fy": -297.915,
"fz": 278.2489,
"origX": -0.0064553,
"origY": -0.059583,
"origZ": 0.037606,
"seedArr": "notSeed",
"colorb": "#FCF3D3",
"colorw": "#FCF3D3" 
},
{
 "id": "Bin.7.14",
"label": "Bin.7.14",
"size":       24,
"opacity":     0.42,
"fx": -127.1225,
"fy":   -508.2,
"fz": 94.06356,
"origX": 0.0047453,
"origY": -0.10164,
"origZ": -0.0038357,
"seedArr": "notSeed",
"colorb": "#FDF1BF",
"colorw": "#FDF1BF" 
},
{
 "id": "Bin.7.10",
"label": "Bin.7.10",
"size":       24,
"opacity":     0.39,
"fx": -92.06833,
"fy": -439.835,
"fz": 247.5733,
"origX": 0.0089518,
"origY": -0.087967,
"origZ": 0.030704,
"seedArr": "notSeed",
"colorb": "#FDF2C9",
"colorw": "#FDF2C9" 
},
{
 "id": "Bin.7.06",
"label": "Bin.7.06",
"size":       24,
"opacity":     0.43,
"fx":  286.575,
"fy":  184.365,
"fz": 457.7511,
"origX": 0.054389,
"origY": 0.036873,
"origZ": 0.077994,
"seedArr": "notSeed",
"colorb": "#FDF0BF",
"colorw": "#FDF0BF" 
},
{
 "id": "Bin.7.02",
"label": "Bin.7.02",
"size":       24,
"opacity":     0.54,
"fx":  437.725,
"fy": -11.6725,
"fz": 584.4444,
"origX": 0.072527,
"origY": -0.0023345,
"origZ":   0.1065,
"seedArr": "notSeed",
"colorb": "#FEEDA1",
"colorw": "#FEEDA1" 
},
{
 "id": "Bin.6.98",
"label": "Bin.6.98",
"size":       24,
"opacity":     0.37,
"fx":     8.25,
"fy":  -180.54,
"fz": -229.0044,
"origX":  0.02099,
"origY": -0.036108,
"origZ": -0.076526,
"seedArr": "notSeed",
"colorb": "#FCF2CD",
"colorw": "#FCF2CD" 
},
{
 "id": "Bin.6.94",
"label": "Bin.6.94",
"size":       24,
"opacity":     0.49,
"fx": 85.70833,
"fy": -111.955,
"fz": -396.3556,
"origX": 0.030285,
"origY": -0.022391,
"origZ": -0.11418,
"seedArr": "notSeed",
"colorb": "#FEEEAE",
"colorw": "#FEEEAE" 
},
{
 "id": "Bin.6.90",
"label": "Bin.6.90",
"size":       24,
"opacity":     0.42,
"fx":  185.875,
"fy": -460.505,
"fz": 110.4052,
"origX": 0.042305,
"origY": -0.092101,
"origZ": -0.00015883,
"seedArr": "notSeed",
"colorb": "#FDF1C1",
"colorw": "#FDF1C1" 
},
{
 "id": "Bin.6.86",
"label": "Bin.6.86",
"size":       24,
"opacity":     0.55,
"fx":   11.525,
"fy":  -621.25,
"fz": 239.8489,
"origX": 0.021383,
"origY": -0.12425,
"origZ": 0.028966,
"seedArr": "notSeed",
"colorb": "#FEEDA0",
"colorw": "#FEEDA0" 
},
{
 "id": "Bin.6.82",
"label": "Bin.6.82",
"size":       24,
"opacity":     0.64,
"fx":  588.525,
"fy":  -461.47,
"fz": 332.4622,
"origX": 0.090623,
"origY": -0.092294,
"origZ": 0.049804,
"seedArr": "notSeed",
"colorb": "#F9AD72",
"colorw": "#F9AD72" 
},
{
 "id": "Bin.6.78",
"label": "Bin.6.78",
"size":       24,
"opacity":     0.72,
"fx":  432.725,
"fy":  -540.65,
"fz": 535.3067,
"origX": 0.071927,
"origY": -0.10813,
"origZ": 0.095444,
"seedArr": "notSeed",
"colorb": "#F4764A",
"colorw": "#F4764A" 
},
{
 "id": "Bin.6.74",
"label": "Bin.6.74",
"size":       24,
"opacity":     0.69,
"fx": 544.5167,
"fy": -435.115,
"fz": 547.5422,
"origX": 0.085342,
"origY": -0.087023,
"origZ": 0.098197,
"seedArr": "notSeed",
"colorb": "#F68656",
"colorw": "#F68656" 
},
{
 "id": "Bin.6.70",
"label": "Bin.6.70",
"size":       24,
"opacity":     0.74,
"fx": 501.2667,
"fy":  -532.05,
"fz": 618.3111,
"origX": 0.080152,
"origY": -0.10641,
"origZ":  0.11412,
"seedArr": "notSeed",
"colorb": "#F3623C",
"colorw": "#F3623C" 
},
{
 "id": "Bin.6.66",
"label": "Bin.6.66",
"size":       24,
"opacity":     0.75,
"fx":    146.7,
"fy":     -690,
"fz": 608.9778,
"origX": 0.037604,
"origY":   -0.138,
"origZ":  0.11202,
"seedArr": "notSeed",
"colorb": "#F25C38",
"colorw": "#F25C38" 
},
{
 "id": "Bin.6.62",
"label": "Bin.6.62",
"size":       24,
"opacity":     0.76,
"fx": 275.5583,
"fy":   -631.7,
"fz": 654.2667,
"origX": 0.053067,
"origY": -0.12634,
"origZ":  0.12221,
"seedArr": "notSeed",
"colorb": "#F25935",
"colorw": "#F25935" 
},
{
 "id": "Bin.6.58",
"label": "Bin.6.58",
"size":       24,
"opacity":      0.7,
"fx": 201.9417,
"fy":  -487.73,
"fz": 631.1111,
"origX": 0.044233,
"origY": -0.097546,
"origZ":    0.117,
"seedArr": "notSeed",
"colorb": "#F57E50",
"colorw": "#F57E50" 
},
{
 "id": "Bin.6.54",
"label": "Bin.6.54",
"size":       24,
"opacity":      0.6,
"fx":  253.875,
"fy": -325.525,
"fz": 583.9556,
"origX": 0.050465,
"origY": -0.065105,
"origZ":  0.10639,
"seedArr": "notSeed",
"colorb": "#FCCA86",
"colorw": "#FCCA86" 
},
{
 "id": "Bin.6.50",
"label": "Bin.6.50",
"size":       24,
"opacity":     0.42,
"fx": 5.141667,
"fy":    61.97,
"fz": 549.9733,
"origX": 0.020617,
"origY": 0.012394,
"origZ": 0.098744,
"seedArr": "notSeed",
"colorb": "#FDF1C0",
"colorw": "#FDF1C0" 
},
{
 "id": "Bin.6.46",
"label": "Bin.6.46",
"size":       24,
"opacity":     0.52,
"fx":  121.125,
"fy":  176.275,
"fz": 618.4444,
"origX": 0.034535,
"origY": 0.035255,
"origZ":  0.11415,
"seedArr": "notSeed",
"colorb": "#FEEEA8",
"colorw": "#FEEEA8" 
},
{
 "id": "Bin.6.42",
"label": "Bin.6.42",
"size":       24,
"opacity":     0.68,
"fx":    164.3,
"fy":  -269.72,
"fz": 716.5778,
"origX": 0.039716,
"origY": -0.053944,
"origZ":  0.13623,
"seedArr": "notSeed",
"colorb": "#F78F5C",
"colorw": "#F78F5C" 
},
{
 "id": "Bin.6.38",
"label": "Bin.6.38",
"size":       24,
"opacity":     0.46,
"fx": -68.39167,
"fy":  168.965,
"fz": 597.3778,
"origX": 0.011793,
"origY": 0.033793,
"origZ":  0.10941,
"seedArr": "notSeed",
"colorb": "#FDEFB5",
"colorw": "#FDEFB5" 
},
{
 "id": "Bin.6.34",
"label": "Bin.6.34",
"size":       24,
"opacity":      0.7,
"fx": 158.0167,
"fy":  -110.62,
"fz": 781.2444,
"origX": 0.038962,
"origY": -0.022124,
"origZ":  0.15078,
"seedArr": "notSeed",
"colorb": "#F68454",
"colorw": "#F68454" 
},
{
 "id": "Bin.6.30",
"label": "Bin.6.30",
"size":       24,
"opacity":     0.44,
"fx": -203.4208,
"fy":    99.38,
"fz": 582.3556,
"origX": -0.0044105,
"origY": 0.019876,
"origZ":  0.10603,
"seedArr": "notSeed",
"colorb": "#FDF0BA",
"colorw": "#FDF0BA" 
},
{
 "id": "Bin.4.38",
"label": "Bin.4.38",
"size":       24,
"opacity":     0.31,
"fx":  -446.25,
"fy":    50.27,
"fz": -47.38222,
"origX": -0.03355,
"origY": 0.010054,
"origZ": -0.035661,
"seedArr": "notSeed",
"colorb": "#FCF4DC",
"colorw": "#FCF4DC" 
},
{
 "id": "Bin.4.34",
"label": "Bin.4.34",
"size":       24,
"opacity":     0.45,
"fx": 135.8417,
"fy":   509.45,
"fz": 55.85333,
"origX": 0.036301,
"origY":  0.10189,
"origZ": -0.012433,
"seedArr": "notSeed",
"colorb": "#FDF0B9",
"colorw": "#FDF0B9" 
},
{
 "id": "Bin.4.30",
"label": "Bin.4.30",
"size":       24,
"opacity":     0.45,
"fx": 404.3083,
"fy":  392.365,
"fz":   246.48,
"origX": 0.068517,
"origY": 0.078473,
"origZ": 0.030458,
"seedArr": "notSeed",
"colorb": "#FDF0B9",
"colorw": "#FDF0B9" 
},
{
 "id": "Bin.4.26",
"label": "Bin.4.26",
"size":       24,
"opacity":     0.46,
"fx":   582.15,
"fy":   348.22,
"fz": 119.7289,
"origX": 0.089858,
"origY": 0.069644,
"origZ": 0.001939,
"seedArr": "notSeed",
"colorb": "#FDEFB6",
"colorw": "#FDEFB6" 
},
{
 "id": "Bin.4.22",
"label": "Bin.4.22",
"size":       24,
"opacity":     0.58,
"fx": 321.6333,
"fy":    556.2,
"fz": 301.6089,
"origX": 0.058596,
"origY":  0.11124,
"origZ": 0.042862,
"seedArr": "notSeed",
"colorb": "#FDD68F",
"colorw": "#FDD68F" 
},
{
 "id": "Bin.4.18",
"label": "Bin.4.18",
"size":       24,
"opacity":      0.6,
"fx": 201.8833,
"fy":   619.25,
"fz": -29.36444,
"origX": 0.044226,
"origY":  0.12385,
"origZ": -0.031607,
"seedArr": "notSeed",
"colorb": "#FBC684",
"colorw": "#FBC684" 
},
{
 "id": "Bin.4.14",
"label": "Bin.4.14",
"size":       24,
"opacity":     0.66,
"fx":  386.975,
"fy":   574.25,
"fz": -166.8756,
"origX": 0.066437,
"origY":  0.11485,
"origZ": -0.062547,
"seedArr": "notSeed",
"colorb": "#F89D66",
"colorw": "#F89D66" 
},
{
 "id": "Bin.4.10",
"label": "Bin.4.10",
"size":       24,
"opacity":      0.4,
"fx": 195.5833,
"fy":  429.015,
"fz": 75.41822,
"origX":  0.04347,
"origY": 0.085803,
"origZ": -0.0080309,
"seedArr": "notSeed",
"colorb": "#FDF1C6",
"colorw": "#FDF1C6" 
},
{
 "id": "Bin.4.06",
"label": "Bin.4.06",
"size":       24,
"opacity":     0.76,
"fx": -680.7583,
"fy":  -262.29,
"fz": 883.5111,
"origX": -0.061691,
"origY": -0.052458,
"origZ":  0.17379,
"seedArr": "notSeed",
"colorb": "#F25533",
"colorw": "#F25533" 
},
{
 "id": "Bin.4.02",
"label": "Bin.4.02",
"size":       24,
"opacity":     0.38,
"fx": -7.508333,
"fy":  -97.775,
"fz": 498.2978,
"origX": 0.019099,
"origY": -0.019555,
"origZ": 0.087117,
"seedArr": "notSeed",
"colorb": "#FCF2CC",
"colorw": "#FCF2CC" 
},
{
 "id": "Bin.4.04",
"label": "Bin.4.04",
"size":       24,
"opacity":     0.77,
"fx": -626.0083,
"fy": -270.885,
"fz": 919.8222,
"origX": -0.055121,
"origY": -0.054177,
"origZ":  0.18196,
"seedArr": "notSeed",
"colorb": "#F14C2C",
"colorw": "#F14C2C" 
},
{
 "id": "Bin.3.98",
"label": "Bin.3.98",
"size":       24,
"opacity":      0.5,
"fx": -968.8667,
"fy":  -182.49,
"fz": 397.4089,
"origX": -0.096264,
"origY": -0.036498,
"origZ": 0.064417,
"seedArr": "notSeed",
"colorb": "#FEEEAD",
"colorw": "#FEEEAD" 
},
{
 "id": "Bin.3.94",
"label": "Bin.3.94",
"size":       24,
"opacity":     0.41,
"fx":   -357.5,
"fy":    75.67,
"fz": -307.8444,
"origX":  -0.0229,
"origY": 0.015134,
"origZ": -0.094265,
"seedArr": "notSeed",
"colorb": "#FDF1C4",
"colorw": "#FDF1C4" 
},
{
 "id": "Bin.3.90",
"label": "Bin.3.90",
"size":       24,
"opacity":     0.79,
"fx":   275.85,
"fy":   682.25,
"fz": -558.4889,
"origX": 0.053102,
"origY":  0.13645,
"origZ": -0.15066,
"seedArr": "notSeed",
"colorb": "#F04023",
"colorw": "#F04023" 
},
{
 "id": "Bin.3.86",
"label": "Bin.3.86",
"size":       24,
"opacity":     0.78,
"fx": 298.8833,
"fy":   659.15,
"fz": -524.5333,
"origX": 0.055866,
"origY":  0.13183,
"origZ": -0.14302,
"seedArr": "notSeed",
"colorb": "#F14729",
"colorw": "#F14729" 
},
{
 "id": "Bin.3.82",
"label": "Bin.3.82",
"size":       24,
"opacity":     0.72,
"fx": -41.86667,
"fy":   697.05,
"fz": -243.2622,
"origX": 0.014976,
"origY":  0.13941,
"origZ": -0.079734,
"seedArr": "notSeed",
"colorb": "#F47449",
"colorw": "#F47449" 
},
{
 "id": "Bin.3.78",
"label": "Bin.3.78",
"size":       24,
"opacity":     0.71,
"fx":   72.325,
"fy":    542.3,
"fz": -397.3333,
"origX": 0.028679,
"origY":  0.10846,
"origZ":  -0.1144,
"seedArr": "notSeed",
"colorb": "#F57B4E",
"colorw": "#F57B4E" 
},
{
 "id": "Bin.3.74",
"label": "Bin.3.74",
"size":       24,
"opacity":     0.77,
"fx": 365.2417,
"fy":   562.05,
"fz": -545.5556,
"origX": 0.063829,
"origY":  0.11241,
"origZ": -0.14775,
"seedArr": "notSeed",
"colorb": "#F1502F",
"colorw": "#F1502F" 
},
{
 "id": "Bin.3.70",
"label": "Bin.3.70",
"size":       24,
"opacity":     0.79,
"fx":  259.975,
"fy":    936.1,
"fz": -236.0756,
"origX": 0.051197,
"origY":  0.18722,
"origZ": -0.078117,
"seedArr": "notSeed",
"colorb": "#F04225",
"colorw": "#F04225" 
},
{
 "id": "Bin.3.66",
"label": "Bin.3.66",
"size":       24,
"opacity":     0.66,
"fx": 55.54167,
"fy":    542.4,
"fz": 526.9644,
"origX": 0.026665,
"origY":  0.10848,
"origZ": 0.093567,
"seedArr": "notSeed",
"colorb": "#F8A069",
"colorw": "#F8A069" 
},
{
 "id": "Bin.3.62",
"label": "Bin.3.62",
"size":       24,
"opacity":     0.48,
"fx": 80.74167,
"fy":   537.25,
"fz": 283.8711,
"origX": 0.029689,
"origY":  0.10745,
"origZ": 0.038871,
"seedArr": "notSeed",
"colorb": "#FEEFB2",
"colorw": "#FEEFB2" 
},
{
 "id": "Bin.3.58",
"label": "Bin.3.58",
"size":       24,
"opacity":     0.43,
"fx": -451.0417,
"fy":  -221.84,
"fz": -281.1956,
"origX": -0.034125,
"origY": -0.044368,
"origZ": -0.088269,
"seedArr": "notSeed",
"colorb": "#FDF0BE",
"colorw": "#FDF0BE" 
},
{
 "id": "Bin.3.54",
"label": "Bin.3.54",
"size":       24,
"opacity":     0.78,
"fx": 192.5667,
"fy":   689.05,
"fz": -504.0889,
"origX": 0.043108,
"origY":  0.13781,
"origZ": -0.13842,
"seedArr": "notSeed",
"colorb": "#F14B2B",
"colorw": "#F14B2B" 
},
{
 "id": "Bin.3.50",
"label": "Bin.3.50",
"size":       24,
"opacity":      0.8,
"fx": 177.7167,
"fy":    684.7,
"fz": -745.5111,
"origX": 0.041326,
"origY":  0.13694,
"origZ": -0.19274,
"seedArr": "notSeed",
"colorb": "#F03C21",
"colorw": "#F03C21" 
},
{
 "id": "Bin.3.46",
"label": "Bin.3.46",
"size":       24,
"opacity":      0.8,
"fx":    64.25,
"fy":   681.95,
"fz": -793.5111,
"origX":  0.02771,
"origY":  0.13639,
"origZ": -0.20354,
"seedArr": "notSeed",
"colorb": "#F03B20",
"colorw": "#F03B20" 
},
{
 "id": "Bin.3.42",
"label": "Bin.3.42",
"size":       24,
"opacity":     0.79,
"fx":   22.425,
"fy":    533.7,
"fz": -789.8667,
"origX": 0.022691,
"origY":  0.10674,
"origZ": -0.20272,
"seedArr": "notSeed",
"colorb": "#F03E22",
"colorw": "#F03E22" 
},
{
 "id": "Bin.3.38",
"label": "Bin.3.38",
"size":       24,
"opacity":     0.78,
"fx":  211.525,
"fy":    621.7,
"fz": -585.1111,
"origX": 0.045383,
"origY":  0.12434,
"origZ": -0.15665,
"seedArr": "notSeed",
"colorb": "#F04527",
"colorw": "#F04527" 
},
{
 "id": "Bin.3.34",
"label": "Bin.3.34",
"size":       24,
"opacity":     0.33,
"fx": -533.425,
"fy": -168.885,
"fz": -45.06667,
"origX": -0.044011,
"origY": -0.033777,
"origZ": -0.03514,
"seedArr": "notSeed",
"colorb": "#FCF3D6",
"colorw": "#FCF3D6" 
},
{
 "id": "Bin.3.30",
"label": "Bin.3.30",
"size":       24,
"opacity":     0.36,
"fx": -276.9833,
"fy": -378.175,
"fz":   -24.76,
"origX": -0.013238,
"origY": -0.075635,
"origZ": -0.030571,
"seedArr": "notSeed",
"colorb": "#FCF3CF",
"colorw": "#FCF3CF" 
},
{
 "id": "Bin.3.26",
"label": "Bin.3.26",
"size":       24,
"opacity":     0.31,
"fx":  -267.45,
"fy":    74.93,
"fz": -95.66222,
"origX": -0.012094,
"origY": 0.014986,
"origZ": -0.046524,
"seedArr": "notSeed",
"colorb": "#FCF4DB",
"colorw": "#FCF4DB" 
},
{
 "id": "Bin.3.22",
"label": "Bin.3.22",
"size":       24,
"opacity":     0.39,
"fx": 48.88333,
"fy":  369.145,
"fz": -125.8978,
"origX": 0.025866,
"origY": 0.073829,
"origZ": -0.053327,
"seedArr": "notSeed",
"colorb": "#FDF2C8",
"colorw": "#FDF2C8" 
},
{
 "id": "Bin.3.18",
"label": "Bin.3.18",
"size":       24,
"opacity":     0.33,
"fx": -577.2917,
"fy":   89.745,
"fz": -46.48889,
"origX": -0.049275,
"origY": 0.017949,
"origZ": -0.03546,
"seedArr": "notSeed",
"colorb": "#FCF4D8",
"colorw": "#FCF4D8" 
},
{
 "id": "Bin.3.14",
"label": "Bin.3.14",
"size":       24,
"opacity":     0.64,
"fx": -776.5417,
"fy":  -577.95,
"fz": 2.591111,
"origX": -0.073185,
"origY": -0.11559,
"origZ": -0.024417,
"seedArr": "notSeed",
"colorb": "#F9AB71",
"colorw": "#F9AB71" 
},
{
 "id": "Bin.3.10",
"label": "Bin.3.10",
"size":       24,
"opacity":     0.31,
"fx": 75.83333,
"fy": -110.825,
"fz": 95.98444,
"origX":   0.0291,
"origY": -0.022165,
"origZ": -0.0034035,
"seedArr": "notSeed",
"colorb": "#FCF4DD",
"colorw": "#FCF4DD" 
},
{
 "id": "Bin.3.06",
"label": "Bin.3.06",
"size":       24,
"opacity":     0.77,
"fx":  -601.95,
"fy": -477.575,
"fz": 823.3333,
"origX": -0.052234,
"origY": -0.095515,
"origZ":  0.16025,
"seedArr": "notSeed",
"colorb": "#F15230",
"colorw": "#F15230" 
},
{
 "id": "Bin.3.02",
"label": "Bin.3.02",
"size":       24,
"opacity":     0.34,
"fx": -320.625,
"fy":   -32.12,
"fz":   393.16,
"origX": -0.018475,
"origY": -0.006424,
"origZ": 0.063461,
"seedArr": "notSeed",
"colorb": "#FCF3D6",
"colorw": "#FCF3D6" 
},
{
 "id": "Bin.3.04",
"label": "Bin.3.04",
"size":       24,
"opacity":     0.79,
"fx": -636.7167,
"fy":  -479.97,
"fz": 880.0889,
"origX": -0.056406,
"origY": -0.095994,
"origZ":  0.17302,
"seedArr": "notSeed",
"colorb": "#F04326",
"colorw": "#F04326" 
},
{
 "id": "Bin.2.98",
"label": "Bin.2.98",
"size":       24,
"opacity":     0.41,
"fx": 359.2667,
"fy": -329.345,
"fz":    283.2,
"origX": 0.063112,
"origY": -0.065869,
"origZ":  0.03872,
"seedArr": "notSeed",
"colorb": "#FDF1C3",
"colorw": "#FDF1C3" 
},
{
 "id": "Bin.2.94",
"label": "Bin.2.94",
"size":       24,
"opacity":     0.34,
"fx":   -38.55,
"fy": -307.885,
"fz": 6.533333,
"origX": 0.015374,
"origY": -0.061577,
"origZ": -0.02353,
"seedArr": "notSeed",
"colorb": "#FCF3D4",
"colorw": "#FCF3D4" 
},
{
 "id": "Bin.2.90",
"label": "Bin.2.90",
"size":       24,
"opacity":      0.3,
"fx": -194.0717,
"fy":  116.875,
"fz": 59.12444,
"origX": -0.0032886,
"origY": 0.023375,
"origZ": -0.011697,
"seedArr": "notSeed",
"colorb": "#FCF5DF",
"colorw": "#FCF5DF" 
},
{
 "id": "Bin.2.86",
"label": "Bin.2.86",
"size":       24,
"opacity":     0.32,
"fx": 98.05833,
"fy":   233.56,
"fz": 6.968889,
"origX": 0.031767,
"origY": 0.046712,
"origZ": -0.023432,
"seedArr": "notSeed",
"colorb": "#FCF4D9",
"colorw": "#FCF4D9" 
},
{
 "id": "Bin.2.82",
"label": "Bin.2.82",
"size":       24,
"opacity":      0.3,
"fx":  -45.025,
"fy":  -96.615,
"fz":    60.76,
"origX": 0.014597,
"origY": -0.019323,
"origZ": -0.011329,
"seedArr": "notSeed",
"colorb": "#FCF4DE",
"colorw": "#FCF4DE" 
},
{
 "id": "Bin.2.78",
"label": "Bin.2.78",
"size":       24,
"opacity":     0.32,
"fx": 98.28333,
"fy": -214.255,
"fz": 172.8311,
"origX": 0.031794,
"origY": -0.042851,
"origZ": 0.013887,
"seedArr": "notSeed",
"colorb": "#FCF4DB",
"colorw": "#FCF4DB" 
},
{
 "id": "Bin.2.74",
"label": "Bin.2.74",
"size":       24,
"opacity":     0.44,
"fx": -321.675,
"fy": -389.825,
"fz": 418.2667,
"origX": -0.018601,
"origY": -0.077965,
"origZ":  0.06911,
"seedArr": "notSeed",
"colorb": "#FDF0BC",
"colorw": "#FDF0BC" 
},
{
 "id": "Bin.2.70",
"label": "Bin.2.70",
"size":       24,
"opacity":     0.73,
"fx": -906.6333,
"fy":   -527.2,
"fz": -303.6578,
"origX": -0.088796,
"origY": -0.10544,
"origZ": -0.093323,
"seedArr": "notSeed",
"colorb": "#F46E45",
"colorw": "#F46E45" 
},
{
 "id": "Bin.2.66",
"label": "Bin.2.66",
"size":       24,
"opacity":     0.68,
"fx": -837.0167,
"fy": -496.595,
"fz": -233.5289,
"origX": -0.080442,
"origY": -0.099319,
"origZ": -0.077544,
"seedArr": "notSeed",
"colorb": "#F7925F",
"colorw": "#F7925F" 
},
{
 "id": "Bin.2.62",
"label": "Bin.2.62",
"size":       24,
"opacity":     0.74,
"fx": -515.8167,
"fy":  -627.25,
"fz": -389.6444,
"origX": -0.041898,
"origY": -0.12545,
"origZ": -0.11267,
"seedArr": "notSeed",
"colorb": "#F3643D",
"colorw": "#F3643D" 
},
{
 "id": "Bin.2.58",
"label": "Bin.2.58",
"size":       24,
"opacity":     0.74,
"fx":   -684.2,
"fy":  -663.25,
"fz": -287.7511,
"origX": -0.062104,
"origY": -0.13265,
"origZ": -0.089744,
"seedArr": "notSeed",
"colorb": "#F36740",
"colorw": "#F36740" 
},
{
 "id": "Bin.2.54",
"label": "Bin.2.54",
"size":       24,
"opacity":     0.71,
"fx": -941.4833,
"fy":  -512.35,
"fz": -243.8978,
"origX": -0.092978,
"origY": -0.10247,
"origZ": -0.079877,
"seedArr": "notSeed",
"colorb": "#F57D4F",
"colorw": "#F57D4F" 
},
{
 "id": "Bin.2.50",
"label": "Bin.2.50",
"size":       24,
"opacity":      0.7,
"fx": -449.6417,
"fy":  -600.15,
"fz": -317.8089,
"origX": -0.033957,
"origY": -0.12003,
"origZ": -0.096507,
"seedArr": "notSeed",
"colorb": "#F68253",
"colorw": "#F68253" 
},
{
 "id": "Bin.2.46",
"label": "Bin.2.46",
"size":       24,
"opacity":     0.77,
"fx": -430.1667,
"fy":  -372.89,
"fz": -685.3333,
"origX": -0.03162,
"origY": -0.074578,
"origZ":  -0.1792,
"seedArr": "notSeed",
"colorb": "#F14E2E",
"colorw": "#F14E2E" 
},
{
 "id": "Bin.2.42",
"label": "Bin.2.42",
"size":       24,
"opacity":     0.75,
"fx":   -52.45,
"fy":   299.67,
"fz": -631.1111,
"origX": 0.013706,
"origY": 0.059934,
"origZ":   -0.167,
"seedArr": "notSeed",
"colorb": "#F35E39",
"colorw": "#F35E39" 
},
{
 "id": "Bin.2.38",
"label": "Bin.2.38",
"size":       24,
"opacity":     0.76,
"fx": 274.0333,
"fy":    105.7,
"fz": -690.3556,
"origX": 0.052884,
"origY":  0.02114,
"origZ": -0.18033,
"seedArr": "notSeed",
"colorb": "#F25734",
"colorw": "#F25734" 
},
{
 "id": "Bin.2.34",
"label": "Bin.2.34",
"size":       24,
"opacity":     0.31,
"fx":  -388.35,
"fy":   31.116,
"fz": 261.1778,
"origX": -0.026602,
"origY": 0.0062232,
"origZ": 0.033765,
"seedArr": "notSeed",
"colorb": "#FCF4DD",
"colorw": "#FCF4DD" 
},
{
 "id": "Bin.2.30",
"label": "Bin.2.30",
"size":       24,
"opacity":     0.69,
"fx":    488.7,
"fy":  416.535,
"fz": -348.5333,
"origX": 0.078644,
"origY": 0.083307,
"origZ": -0.10342,
"seedArr": "notSeed",
"colorb": "#F68958",
"colorw": "#F68958" 
},
{
 "id": "Bin.2.26",
"label": "Bin.2.26",
"size":       24,
"opacity":     0.59,
"fx":  314.575,
"fy":    583.1,
"fz": 248.1644,
"origX": 0.057749,
"origY":  0.11662,
"origZ": 0.030837,
"seedArr": "notSeed",
"colorb": "#FCD18C",
"colorw": "#FCD18C" 
},
{
 "id": "Bin.2.22",
"label": "Bin.2.22",
"size":       24,
"opacity":     0.71,
"fx": 471.3417,
"fy":   371.32,
"fz": -423.6444,
"origX": 0.076561,
"origY": 0.074264,
"origZ": -0.12032,
"seedArr": "notSeed",
"colorb": "#F5794D",
"colorw": "#F5794D" 
},
{
 "id": "Bin.2.18",
"label": "Bin.2.18",
"size":       24,
"opacity":      0.4,
"fx": -96.30333,
"fy":   -444.2,
"fz": -52.12889,
"origX": 0.0084436,
"origY": -0.08884,
"origZ": -0.036729,
"seedArr": "notSeed",
"colorb": "#FDF1C6",
"colorw": "#FDF1C6" 
},
{
 "id": "Bin.2.14",
"label": "Bin.2.14",
"size":       24,
"opacity":      0.7,
"fx":  331.975,
"fy":   88.955,
"fz": -536.3556,
"origX": 0.059837,
"origY": 0.017791,
"origZ": -0.14568,
"seedArr": "notSeed",
"colorb": "#F58052",
"colorw": "#F58052" 
},
{
 "id": "Bin.2.10",
"label": "Bin.2.10",
"size":       24,
"opacity":     0.47,
"fx": 752.0833,
"fy":    0.813,
"fz": 286.7422,
"origX":  0.11025,
"origY": 0.0001626,
"origZ": 0.039517,
"seedArr": "notSeed",
"colorb": "#FEEFB3",
"colorw": "#FEEFB3" 
},
{
 "id": "Bin.2.06",
"label": "Bin.2.06",
"size":       24,
"opacity":     0.53,
"fx":  555.275,
"fy": -392.025,
"fz": 339.3733,
"origX": 0.086633,
"origY": -0.078405,
"origZ": 0.051359,
"seedArr": "notSeed",
"colorb": "#FEEDA4",
"colorw": "#FEEDA4" 
},
{
 "id": "Bin.2.02",
"label": "Bin.2.02",
"size":       24,
"opacity":     0.44,
"fx": 504.3417,
"fy":  -287.23,
"fz": 281.3156,
"origX": 0.080521,
"origY": -0.057446,
"origZ": 0.038296,
"seedArr": "notSeed",
"colorb": "#FDF0BC",
"colorw": "#FDF0BC" 
},
{
 "id": "Bin.1.98",
"label": "Bin.1.98",
"size":       24,
"opacity":     0.56,
"fx": 680.6667,
"fy": -321.645,
"fz": 338.8844,
"origX":  0.10168,
"origY": -0.064329,
"origZ": 0.051249,
"seedArr": "notSeed",
"colorb": "#FEE89C",
"colorw": "#FEE89C" 
},
{
 "id": "Bin.1.94",
"label": "Bin.1.94",
"size":       24,
"opacity":     0.37,
"fx": 483.3083,
"fy":  41.7545,
"fz": 301.0578,
"origX": 0.077997,
"origY": 0.0083509,
"origZ": 0.042738,
"seedArr": "notSeed",
"colorb": "#FCF2CC",
"colorw": "#FCF2CC" 
},
{
 "id": "Bin.1.90",
"label": "Bin.1.90",
"size":       24,
"opacity":     0.43,
"fx": 488.6417,
"fy":  324.535,
"fz": 144.8538,
"origX": 0.078637,
"origY": 0.064907,
"origZ": 0.0075921,
"seedArr": "notSeed",
"colorb": "#FDF0BE",
"colorw": "#FDF0BE" 
},
{
 "id": "Bin.1.86",
"label": "Bin.1.86",
"size":       24,
"opacity":     0.62,
"fx": 710.0833,
"fy": -402.725,
"fz":   267.28,
"origX":  0.10521,
"origY": -0.080545,
"origZ": 0.035138,
"seedArr": "notSeed",
"colorb": "#FBBD7D",
"colorw": "#FBBD7D" 
},
{
 "id": "Bin.1.82",
"label": "Bin.1.82",
"size":       24,
"opacity":     0.63,
"fx": 666.9167,
"fy": -433.165,
"fz": 283.1822,
"origX":  0.10003,
"origY": -0.086633,
"origZ": 0.038716,
"seedArr": "notSeed",
"colorb": "#FAB477",
"colorw": "#FAB477" 
},
{
 "id": "Bin.1.78",
"label": "Bin.1.78",
"size":       24,
"opacity":     0.53,
"fx": 683.4167,
"fy":  -352.94,
"fz": 224.0756,
"origX":  0.10201,
"origY": -0.070588,
"origZ": 0.025417,
"seedArr": "notSeed",
"colorb": "#FEEDA5",
"colorw": "#FEEDA5" 
},
{
 "id": "Bin.1.74",
"label": "Bin.1.74",
"size":       24,
"opacity":     0.48,
"fx": 707.3333,
"fy":  -240.14,
"fz": -34.11556,
"origX":  0.10488,
"origY": -0.048028,
"origZ": -0.032676,
"seedArr": "notSeed",
"colorb": "#FEEFB0",
"colorw": "#FEEFB0" 
},
{
 "id": "Bin.1.70",
"label": "Bin.1.70",
"size":       24,
"opacity":      0.5,
"fx": 795.0833,
"fy":  -207.27,
"fz": 146.9871,
"origX":  0.11541,
"origY": -0.041454,
"origZ": 0.0080721,
"seedArr": "notSeed",
"colorb": "#FEEEAB",
"colorw": "#FEEEAB" 
},
{
 "id": "Bin.1.66",
"label": "Bin.1.66",
"size":       24,
"opacity":     0.51,
"fx": 778.4167,
"fy": -212.975,
"fz": 228.0622,
"origX":  0.11341,
"origY": -0.042595,
"origZ": 0.026314,
"seedArr": "notSeed",
"colorb": "#FEEEA9",
"colorw": "#FEEEA9" 
},
{
 "id": "Bin.1.62",
"label": "Bin.1.62",
"size":       24,
"opacity":      0.5,
"fx": 803.8333,
"fy": -164.975,
"fz": 32.16889,
"origX":  0.11646,
"origY": -0.032995,
"origZ": -0.017762,
"seedArr": "notSeed",
"colorb": "#FEEEAC",
"colorw": "#FEEEAC" 
},
{
 "id": "Bin.1.58",
"label": "Bin.1.58",
"size":       24,
"opacity":     0.49,
"fx": 727.1667,
"fy": -275.075,
"fz": 86.19289,
"origX":  0.10726,
"origY": -0.055015,
"origZ": -0.0056066,
"seedArr": "notSeed",
"colorb": "#FEEEAE",
"colorw": "#FEEEAE" 
},
{
 "id": "Bin.1.54",
"label": "Bin.1.54",
"size":       24,
"opacity":     0.35,
"fx": 470.1083,
"fy":   50.625,
"fz": 136.0493,
"origX": 0.076413,
"origY": 0.010125,
"origZ": 0.0056111,
"seedArr": "notSeed",
"colorb": "#FCF3D2",
"colorw": "#FCF3D2" 
},
{
 "id": "Bin.1.50",
"label": "Bin.1.50",
"size":       24,
"opacity":     0.72,
"fx": 635.5333,
"fy":    -83.8,
"fz": -461.5556,
"origX": 0.096264,
"origY": -0.01676,
"origZ": -0.12885,
"seedArr": "notSeed",
"colorb": "#F47247",
"colorw": "#F47247" 
},
{
 "id": "Bin.1.46",
"label": "Bin.1.46",
"size":       24,
"opacity":     0.75,
"fx": 617.6417,
"fy":   306.16,
"fz": -526.7111,
"origX": 0.094117,
"origY": 0.061232,
"origZ": -0.14351,
"seedArr": "notSeed",
"colorb": "#F25B37",
"colorw": "#F25B37" 
},
{
 "id": "Bin.1.42",
"label": "Bin.1.42",
"size":       24,
"opacity":     0.66,
"fx": 814.6667,
"fy":    26.24,
"fz": -283.3556,
"origX":  0.11776,
"origY": 0.005248,
"origZ": -0.088755,
"seedArr": "notSeed",
"colorb": "#F89B65",
"colorw": "#F89B65" 
},
{
 "id": "Bin.1.38",
"label": "Bin.1.38",
"size":       24,
"opacity":     0.43,
"fx":      673,
"fy":  -125.89,
"fz": 173.0133,
"origX":  0.10076,
"origY": -0.025178,
"origZ": 0.013928,
"seedArr": "notSeed",
"colorb": "#FDF0BD",
"colorw": "#FDF0BD" 
},
{
 "id": "Bin.1.34",
"label": "Bin.1.34",
"size":       24,
"opacity":     0.78,
"fx": 190.2833,
"fy":   701.55,
"fz": -496.8444,
"origX": 0.042834,
"origY":  0.14031,
"origZ": -0.13679,
"seedArr": "notSeed",
"colorb": "#F1492A",
"colorw": "#F1492A" 
},
{
 "id": "Bin.1.30",
"label": "Bin.1.30",
"size":       24,
"opacity":     0.49,
"fx": 91.55833,
"fy":   307.87,
"fz": -326.0711,
"origX": 0.030987,
"origY": 0.061574,
"origZ": -0.098366,
"seedArr": "notSeed",
"colorb": "#FEEEAF",
"colorw": "#FEEEAF" 
},
{
 "id": "Bin.1.26",
"label": "Bin.1.26",
"size":       24,
"opacity":     0.73,
"fx": -146.5667,
"fy":  -539.45,
"fz":   -480.4,
"origX": 0.002412,
"origY": -0.10789,
"origZ": -0.13309,
"seedArr": "notSeed",
"colorb": "#F46B42",
"colorw": "#F46B42" 
},
{
 "id": "Bin.1.22",
"label": "Bin.1.22",
"size":       24,
"opacity":     0.76,
"fx": 47.75833,
"fy":    -88.1,
"fz": -733.2444,
"origX": 0.025731,
"origY": -0.01762,
"origZ": -0.18998,
"seedArr": "notSeed",
"colorb": "#F25432",
"colorw": "#F25432" 
},
{
 "id": "Bin.1.18",
"label": "Bin.1.18",
"size":       24,
"opacity":     0.75,
"fx": 253.2833,
"fy":   414.19,
"fz": -550.9778,
"origX": 0.050394,
"origY": 0.082838,
"origZ": -0.14897,
"seedArr": "notSeed",
"colorb": "#F3603B",
"colorw": "#F3603B" 
},
{
 "id": "Bin.1.14",
"label": "Bin.1.14",
"size":       24,
"opacity":     0.35,
"fx":  178.775,
"fy":   264.58,
"fz": -67.42667,
"origX": 0.041453,
"origY": 0.052916,
"origZ": -0.040171,
"seedArr": "notSeed",
"colorb": "#FCF3D1",
"colorw": "#FCF3D1" 
},
{
 "id": "Bin.1.10",
"label": "Bin.1.10",
"size":       24,
"opacity":     0.71,
"fx": 301.1667,
"fy":   -723.2,
"fz": -79.15556,
"origX":  0.05614,
"origY": -0.14464,
"origZ": -0.04281,
"seedArr": "notSeed",
"colorb": "#F5774B",
"colorw": "#F5774B" 
},
{
 "id": "Bin.1.06",
"label": "Bin.1.06",
"size":       24,
"opacity":     0.68,
"fx": 665.1083,
"fy":  -331.42,
"fz": -307.1867,
"origX": 0.099813,
"origY": -0.066284,
"origZ": -0.094117,
"seedArr": "notSeed",
"colorb": "#F68D5B",
"colorw": "#F68D5B" 
},
{
 "id": "Bin.1.02",
"label": "Bin.1.02",
"size":       24,
"opacity":     0.62,
"fx":    824.5,
"fy": -164.125,
"fz": -155.2844,
"origX":  0.11894,
"origY": -0.032825,
"origZ": -0.059939,
"seedArr": "notSeed",
"colorb": "#FABB7C",
"colorw": "#FABB7C" 
},
{
 "id": "Bin.0.98",
"label": "Bin.0.98",
"size":       24,
"opacity":     0.59,
"fx": 822.5833,
"fy":  -71.635,
"fz": -156.4889,
"origX":  0.11871,
"origY": -0.014327,
"origZ": -0.06021,
"seedArr": "notSeed",
"colorb": "#FCCD89",
"colorw": "#FCCD89" 
},
{
 "id": "Bin.0.94",
"label": "Bin.0.94",
"size":       24,
"opacity":     0.53,
"fx":   873.25,
"fy":  -81.075,
"fz": 96.87689,
"origX":  0.12479,
"origY": -0.016215,
"origZ": -0.0032027,
"seedArr": "notSeed",
"colorb": "#FEEDA6",
"colorw": "#FEEDA6" 
},
{
 "id": "Bin.0.90",
"label": "Bin.0.90",
"size":       24,
"opacity":      0.5,
"fx": 792.4167,
"fy":  -200.15,
"fz": 47.69778,
"origX":  0.11509,
"origY": -0.04003,
"origZ": -0.014268,
"seedArr": "notSeed",
"colorb": "#FEEEAC",
"colorw": "#FEEEAC" 
},
{
 "id": "Bin.0.86",
"label": "Bin.0.86",
"size":       24,
"opacity":     0.52,
"fx":   819.75,
"fy": -180.575,
"fz":    55.68,
"origX":  0.11837,
"origY": -0.036115,
"origZ": -0.012472,
"seedArr": "notSeed",
"colorb": "#FEEEA7",
"colorw": "#FEEEA7" 
},
{
 "id": "Bin.0.82",
"label": "Bin.0.82",
"size":       24,
"opacity":     0.58,
"fx": 896.1667,
"fy":  -169.39,
"fz": 162.4444,
"origX":  0.12754,
"origY": -0.033878,
"origZ":  0.01155,
"seedArr": "notSeed",
"colorb": "#FDD891",
"colorw": "#FDD891" 
},
{
 "id": "Bin.0.78",
"label": "Bin.0.78",
"size":       24,
"opacity":     0.61,
"fx":   873.25,
"fy": -281.275,
"fz": 138.7782,
"origX":  0.12479,
"origY": -0.056255,
"origZ": 0.0062251,
"seedArr": "notSeed",
"colorb": "#FBBF7F",
"colorw": "#FBBF7F" 
},
{
 "id": "Bin.0.74",
"label": "Bin.0.74",
"size":       24,
"opacity":     0.62,
"fx": 802.5833,
"fy": -359.195,
"fz": 163.1111,
"origX":  0.11631,
"origY": -0.071839,
"origZ":   0.0117,
"seedArr": "notSeed",
"colorb": "#FABA7B",
"colorw": "#FABA7B" 
},
{
 "id": "Bin.0.70",
"label": "Bin.0.70",
"size":       24,
"opacity":     0.63,
"fx":   865.25,
"fy":  -297.49,
"fz": 77.76267,
"origX":  0.12383,
"origY": -0.059498,
"origZ": -0.0075034,
"seedArr": "notSeed",
"colorb": "#FAB678",
"colorw": "#FAB678" 
},
{
 "id": "Bin.0.66",
"label": "Bin.0.66",
"size":       24,
"opacity":     0.61,
"fx": 852.6667,
"fy":  -288.59,
"fz": 61.01778,
"origX":  0.12232,
"origY": -0.057718,
"origZ": -0.011271,
"seedArr": "notSeed",
"colorb": "#FBC483",
"colorw": "#FBC483" 
},
{
 "id": "Bin.0.62",
"label": "Bin.0.62",
"size":       24,
"opacity":     0.56,
"fx": 861.3333,
"fy":  -225.19,
"fz": 67.77556,
"origX":  0.12336,
"origY": -0.045038,
"origZ": -0.0097505,
"seedArr": "notSeed",
"colorb": "#FEE398",
"colorw": "#FEE398" 
},
{
 "id": "Bin.0.58",
"label": "Bin.0.58",
"size":       24,
"opacity":     0.65,
"fx": 759.5833,
"fy":  10.7225,
"fz": -303.2756,
"origX":  0.11115,
"origY": 0.0021445,
"origZ": -0.093237,
"seedArr": "notSeed",
"colorb": "#F8A46B",
"colorw": "#F8A46B" 
},
{
 "id": "Bin.0.54",
"label": "Bin.0.54",
"size":       24,
"opacity":     0.58,
"fx":   834.75,
"fy":  -241.11,
"fz": -12.09778,
"origX":  0.12017,
"origY": -0.048222,
"origZ": -0.027722,
"seedArr": "notSeed",
"colorb": "#FDDA92",
"colorw": "#FDDA92" 
},
{
 "id": "Bin.0.50",
"label": "Bin.0.50",
"size":       24,
"opacity":     0.57,
"fx": 870.4167,
"fy":  -215.39,
"fz": 62.28889,
"origX":  0.12445,
"origY": -0.043078,
"origZ": -0.010985,
"seedArr": "notSeed",
"colorb": "#FEE197",
"colorw": "#FEE197" 
},
{
 "id": "Bin.0.46",
"label": "Bin.0.46",
"size":       24,
"opacity":     0.61,
"fx":    811.5,
"fy":  -278.67,
"fz": -78.51111,
"origX":  0.11738,
"origY": -0.055734,
"origZ": -0.042665,
"seedArr": "notSeed",
"colorb": "#FBC180",
"colorw": "#FBC180" 
},
{
 "id": "Bin.0.42",
"label": "Bin.0.42",
"size":       24,
"opacity":     0.63,
"fx": 743.6667,
"fy":  -296.82,
"fz":  -156.56,
"origX":  0.10924,
"origY": -0.059364,
"origZ": -0.060226,
"seedArr": "notSeed",
"colorb": "#FAB276",
"colorw": "#FAB276" 
},
{
 "id": "Bin.0.38",
"label": "Bin.0.38",
"size":       24,
"opacity":     0.61,
"fx": 623.5833,
"fy":  -366.67,
"fz": -171.9511,
"origX":  0.09483,
"origY": -0.073334,
"origZ": -0.063689,
"seedArr": "notSeed",
"colorb": "#FBC281",
"colorw": "#FBC281" 
},
{
 "id": "Bin.0.34",
"label": "Bin.0.34",
"size":       24,
"opacity":      0.6,
"fx":   683.25,
"fy": -375.155,
"fz": -97.73778,
"origX":  0.10199,
"origY": -0.075031,
"origZ": -0.046991,
"seedArr": "notSeed",
"colorb": "#FBC885",
"colorw": "#FBC885" 
},
{
 "id": "Bin.0.30",
"label": "Bin.0.30",
"size":       24,
"opacity":     0.52,
"fx": 711.4167,
"fy": -304.345,
"fz": -22.70667,
"origX":  0.10537,
"origY": -0.060869,
"origZ": -0.030109,
"seedArr": "notSeed",
"colorb": "#FEEDA7",
"colorw": "#FEEDA7" 
},
{
 "id": "Bin.0.26",
"label": "Bin.0.26",
"size":       24,
"opacity":     0.62,
"fx": 699.3333,
"fy":  -345.71,
"fz": -142.3689,
"origX":  0.10392,
"origY": -0.069142,
"origZ": -0.057033,
"seedArr": "notSeed",
"colorb": "#FAB87A",
"colorw": "#FAB87A" 
},
{
 "id": "Bin.0.22",
"label": "Bin.0.22",
"size":       24,
"opacity":     0.51,
"fx": 742.1667,
"fy":  -211.18,
"fz": -76.70667,
"origX":  0.10906,
"origY": -0.042236,
"origZ": -0.042259,
"seedArr": "notSeed",
"colorb": "#FEEEA9",
"colorw": "#FEEEA9" 
} 
],
"misc": "",
"ticks": {
 "x": [      -15,      -10,       -5,        0,        5,       10,       15,       20 ],
"y": [      -10,       -8,       -6,       -4,       -2,        0,        2,        4,        6,        8,       10,       12,       14 ],
"z": [      -16,      -14,      -12,      -10,       -8,       -6,       -4,       -2,        0,        2,        4,        6,        8,       10,       12 ] 
},
"ticksLoading": {
 "x": [     -0.1,    -0.08,    -0.06,    -0.04,    -0.02,        0,     0.02,     0.04,     0.06,     0.08,      0.1,     0.12,     0.14 ],
"y": [     -0.2,    -0.15,     -0.1,    -0.05,        0,     0.05,      0.1,     0.15,      0.2 ],
"z": [    -0.25,     -0.2,    -0.15,     -0.1,    -0.05,        0,     0.05,      0.1,     0.15,      0.2 ] 
},
"axis": [ "Component1 (27.8%)", "Component2 (9.4%)", "Component3 (7.1%)" ],
"axisLoading": [ "Loading 1", "Loading 2", "Loading 3" ],
"metaCol": {
 "label": [ "control", "patient" ],
"color": [ "#E6194B", "#3CB44B" ] 
} 
}