{
 "omicstype": "",
"nodes": [
 {
 "id": "C002",
"label": "C002",
"size":       18,
"meta": "control",
"fx":  -223.46,
"fy": -343.1833,
"fz": 65.22444,
"origX":  -1.1173,
"origY":  -1.0591,
"origZ": -0.20649,
"colorb": "#E6194B" 
},
{
 "id": "C004",
"label": "C004",
"size":       18,
"meta": "control",
"fx": -160.112,
"fy": -280.345,
"fz": -334.0444,
"origX": -0.80056,
"origY": -0.68207,
"origZ":  -2.0032,
"colorb": "#E6194B" 
},
{
 "id": "C005",
"label": "C005",
"size":       18,
"meta": "control",
"fx":  -374.76,
"fy":  -477.35,
"fz": -41.32222,
"origX":  -1.8738,
"origY":  -1.8641,
"origZ": -0.68595,
"colorb": "#E6194B" 
},
{
 "id": "C006",
"label": "C006",
"size":       18,
"meta": "control",
"fx":   -391.1,
"fy": -323.5833,
"fz": 26.27556,
"origX":  -1.9555,
"origY":  -0.9415,
"origZ": -0.38176,
"colorb": "#E6194B" 
},
{
 "id": "C007",
"label": "C007",
"size":       18,
"meta": "control",
"fx":   -390.7,
"fy": -238.0667,
"fz": 356.3556,
"origX":  -1.9535,
"origY":  -0.4284,
"origZ":   1.1036,
"colorb": "#E6194B" 
},
{
 "id": "C009",
"label": "C009",
"size":       18,
"meta": "control",
"fx":  -308.56,
"fy": -487.6167,
"fz": 172.9333,
"origX":  -1.5428,
"origY":  -1.9257,
"origZ":   0.2782,
"colorb": "#E6194B" 
},
{
 "id": "C010",
"label": "C010",
"size":       18,
"meta": "control",
"fx":   -368.3,
"fy":  -95.645,
"fz": 194.0444,
"origX":  -1.8415,
"origY":  0.42613,
"origZ":   0.3732,
"colorb": "#E6194B" 
},
{
 "id": "C011",
"label": "C011",
"size":       18,
"meta": "control",
"fx":     -524,
"fy": 86.28333,
"fz": 101.1396,
"origX":    -2.62,
"origY":   1.5177,
"origZ": -0.044872,
"colorb": "#E6194B" 
},
{
 "id": "C012",
"label": "C012",
"size":       18,
"meta": "control",
"fx":  -499.64,
"fy": -409.1667,
"fz": -242.4444,
"origX":  -2.4982,
"origY":   -1.455,
"origZ":   -1.591,
"colorb": "#E6194B" 
},
{
 "id": "C015",
"label": "C015",
"size":       18,
"meta": "control",
"fx":   -483.7,
"fy":  -397.55,
"fz": 206.6511,
"origX":  -2.4185,
"origY":  -1.3853,
"origZ":  0.42993,
"colorb": "#E6194B" 
},
{
 "id": "C016",
"label": "C016",
"size":       18,
"meta": "control",
"fx":   -586.6,
"fy":    50.45,
"fz": 68.36667,
"origX":   -2.933,
"origY":   1.3027,
"origZ": -0.19235,
"colorb": "#E6194B" 
},
{
 "id": "C017",
"label": "C017",
"size":       18,
"meta": "control",
"fx":   -478.6,
"fy":   164.95,
"fz": 295.1689,
"origX":   -2.393,
"origY":   1.9897,
"origZ":  0.82826,
"colorb": "#E6194B" 
},
{
 "id": "C019",
"label": "C019",
"size":       18,
"meta": "control",
"fx":  -155.89,
"fy":  -420.95,
"fz": -319.4889,
"origX": -0.77945,
"origY":  -1.5257,
"origZ":  -1.9377,
"colorb": "#E6194B" 
},
{
 "id": "C020",
"label": "C020",
"size":       18,
"meta": "control",
"fx":  -392.94,
"fy": -665.8667,
"fz": 215.7556,
"origX":  -1.9647,
"origY":  -2.9952,
"origZ":   0.4709,
"colorb": "#E6194B" 
},
{
 "id": "C021",
"label": "C021",
"size":       18,
"meta": "control",
"fx": -111.662,
"fy":   -555.8,
"fz": -106.7667,
"origX": -0.55831,
"origY":  -2.3348,
"origZ": -0.98045,
"colorb": "#E6194B" 
},
{
 "id": "C022",
"label": "C022",
"size":       18,
"meta": "control",
"fx":  -282.28,
"fy": -489.4167,
"fz": 742.9333,
"origX":  -1.4114,
"origY":  -1.9365,
"origZ":   2.8432,
"colorb": "#E6194B" 
},
{
 "id": "C024",
"label": "C024",
"size":       18,
"meta": "control",
"fx":  -760.06,
"fy": -107.4983,
"fz": 280.4067,
"origX":  -3.8003,
"origY":  0.35501,
"origZ":  0.76183,
"colorb": "#E6194B" 
},
{
 "id": "C026",
"label": "C026",
"size":       18,
"meta": "control",
"fx":  -631.96,
"fy":   -331.3,
"fz": 563.3778,
"origX":  -3.1598,
"origY":  -0.9878,
"origZ":   2.0352,
"colorb": "#E6194B" 
},
{
 "id": "C028",
"label": "C028",
"size":       18,
"meta": "control",
"fx":  -589.24,
"fy": 29.06667,
"fz":   -461.2,
"origX":  -2.9462,
"origY":   1.1744,
"origZ":  -2.5754,
"colorb": "#E6194B" 
},
{
 "id": "C029",
"label": "C029",
"size":       18,
"meta": "control",
"fx":  -298.02,
"fy":  -382.75,
"fz": 40.84444,
"origX":  -1.4901,
"origY":  -1.2965,
"origZ":  -0.3162,
"colorb": "#E6194B" 
},
{
 "id": "C030",
"label": "C030",
"size":       18,
"meta": "control",
"fx": -176.396,
"fy": -156.1772,
"fz": -155.1778,
"origX": -0.88198,
"origY": 0.062937,
"origZ":  -1.1983,
"colorb": "#E6194B" 
},
{
 "id": "C031",
"label": "C031",
"size":       18,
"meta": "control",
"fx":  -393.78,
"fy": -6.071667,
"fz": -326.8444,
"origX":  -1.9689,
"origY":  0.96357,
"origZ":  -1.9708,
"colorb": "#E6194B" 
},
{
 "id": "C032",
"label": "C032",
"size":       18,
"meta": "control",
"fx":   -457.2,
"fy": -399.8667,
"fz": 240.6133,
"origX":   -2.286,
"origY":  -1.3992,
"origZ":  0.58276,
"colorb": "#E6194B" 
},
{
 "id": "C033",
"label": "C033",
"size":       18,
"meta": "control",
"fx":  -472.24,
"fy": -363.6333,
"fz": 73.12889,
"origX":  -2.3612,
"origY":  -1.1818,
"origZ": -0.17092,
"colorb": "#E6194B" 
},
{
 "id": "C034",
"label": "C034",
"size":       18,
"meta": "control",
"fx":  -352.14,
"fy":   -48.94,
"fz": -321.1778,
"origX":  -1.7607,
"origY":  0.70636,
"origZ":  -1.9453,
"colorb": "#E6194B" 
},
{
 "id": "P002",
"label": "P002",
"size":       18,
"meta": "patient",
"fx":  -10.007,
"fy":    502.6,
"fz": 679.6444,
"origX": -0.050035,
"origY":   4.0156,
"origZ":   2.5584,
"colorb": "#3CB44B" 
},
{
 "id": "P012",
"label": "P012",
"size":       18,
"meta": "patient",
"fx":    700.3,
"fy": -509.5833,
"fz": -65.03556,
"origX":   3.5015,
"origY":  -2.0575,
"origZ": -0.79266,
"colorb": "#3CB44B" 
},
{
 "id": "P014",
"label": "P014",
"size":       18,
"meta": "patient",
"fx":   232.88,
"fy":      222,
"fz":    434.8,
"origX":   1.1644,
"origY":    2.332,
"origZ":   1.4566,
"colorb": "#3CB44B" 
},
{
 "id": "P027",
"label": "P027",
"size":       18,
"meta": "patient",
"fx":    284.2,
"fy": -108.435,
"fz": 111.4272,
"origX":    1.421,
"origY":  0.34939,
"origZ": 0.0014224,
"colorb": "#3CB44B" 
},
{
 "id": "P034",
"label": "P034",
"size":       18,
"meta": "patient",
"fx":    419.2,
"fy": 272.1667,
"fz": 303.9044,
"origX":    2.096,
"origY":    2.633,
"origZ":  0.86757,
"colorb": "#3CB44B" 
},
{
 "id": "P037",
"label": "P037",
"size":       18,
"meta": "patient",
"fx":   -88.39,
"fy": 649.6333,
"fz": 744.7778,
"origX": -0.44195,
"origY":   4.8978,
"origZ":   2.8515,
"colorb": "#3CB44B" 
},
{
 "id": "P038",
"label": "P038",
"size":       18,
"meta": "patient",
"fx":    524.9,
"fy": -140.1967,
"fz": -152.0222,
"origX":   2.6245,
"origY":  0.15882,
"origZ":  -1.1841,
"colorb": "#3CB44B" 
},
{
 "id": "P041",
"label": "P041",
"size":       18,
"meta": "patient",
"fx":   628.38,
"fy": -210.3567,
"fz": 231.7067,
"origX":   3.1419,
"origY": -0.26214,
"origZ":  0.54268,
"colorb": "#3CB44B" 
},
{
 "id": "P042",
"label": "P042",
"size":       18,
"meta": "patient",
"fx":   330.86,
"fy": -584.8333,
"fz": 297.3089,
"origX":   1.6543,
"origY":   -2.509,
"origZ":  0.83789,
"colorb": "#3CB44B" 
},
{
 "id": "P049",
"label": "P049",
"size":       18,
"meta": "patient",
"fx":    496.7,
"fy": -280.2267,
"fz": 136.3911,
"origX":   2.4835,
"origY": -0.68136,
"origZ":  0.11376,
"colorb": "#3CB44B" 
},
{
 "id": "P056",
"label": "P056",
"size":       18,
"meta": "patient",
"fx":   266.04,
"fy": -391.5333,
"fz": 494.1111,
"origX":   1.3302,
"origY":  -1.3492,
"origZ":   1.7235,
"colorb": "#3CB44B" 
},
{
 "id": "P058",
"label": "P058",
"size":       18,
"meta": "patient",
"fx":   320.14,
"fy": 66.71667,
"fz": 326.5756,
"origX":   1.6007,
"origY":   1.4003,
"origZ":  0.96959,
"colorb": "#3CB44B" 
},
{
 "id": "P060",
"label": "P060",
"size":       18,
"meta": "patient",
"fx":   459.62,
"fy": -206.9017,
"fz": 294.9889,
"origX":   2.2981,
"origY": -0.24141,
"origZ":  0.82745,
"colorb": "#3CB44B" 
},
{
 "id": "P064",
"label": "P064",
"size":       18,
"meta": "patient",
"fx":   478.38,
"fy": -82.07833,
"fz": 91.73822,
"origX":   2.3919,
"origY":  0.50753,
"origZ": -0.087178,
"colorb": "#3CB44B" 
},
{
 "id": "P065",
"label": "P065",
"size":       18,
"meta": "patient",
"fx":   487.46,
"fy":    62.15,
"fz": 38.64444,
"origX":   2.4373,
"origY":   1.3729,
"origZ":  -0.3261,
"colorb": "#3CB44B" 
},
{
 "id": "P070",
"label": "P070",
"size":       18,
"meta": "patient",
"fx":    254.8,
"fy": 93.06667,
"fz": 102.3822,
"origX":    1.274,
"origY":   1.5584,
"origZ": -0.03928,
"colorb": "#3CB44B" 
},
{
 "id": "P080",
"label": "P080",
"size":       18,
"meta": "patient",
"fx":   450.54,
"fy": 290.0667,
"fz": -533.4889,
"origX":   2.2527,
"origY":   2.7404,
"origZ":  -2.9007,
"colorb": "#3CB44B" 
},
{
 "id": "P085",
"label": "P085",
"size":       18,
"meta": "patient",
"fx":   824.64,
"fy":   -846.1,
"fz": 404.6889,
"origX":   4.1232,
"origY":  -4.0766,
"origZ":   1.3211,
"colorb": "#3CB44B" 
},
{
 "id": "P086",
"label": "P086",
"size":       18,
"meta": "patient",
"fx":      635,
"fy": -408.0667,
"fz": -189.0222,
"origX":    3.175,
"origY":  -1.4484,
"origZ":  -1.3506,
"colorb": "#3CB44B" 
},
{
 "id": "P089",
"label": "P089",
"size":       18,
"meta": "patient",
"fx":   388.52,
"fy":   -94.22,
"fz": -15.11778,
"origX":   1.9426,
"origY":  0.43468,
"origZ": -0.56803,
"colorb": "#3CB44B" 
},
{
 "id": "P092",
"label": "P092",
"size":       18,
"meta": "patient",
"fx":   233.74,
"fy":   -2.845,
"fz": 499.9556,
"origX":   1.1687,
"origY":  0.98293,
"origZ":   1.7498,
"colorb": "#3CB44B" 
},
{
 "id": "P099",
"label": "P099",
"size":       18,
"meta": "patient",
"fx":  137.476,
"fy":   107.85,
"fz": 829.7556,
"origX":  0.68738,
"origY":   1.6471,
"origZ":   3.2339,
"colorb": "#3CB44B" 
},
{
 "id": "P113",
"label": "P113",
"size":       18,
"meta": "patient",
"fx":  102.754,
"fy": 701.9833,
"fz": -692.3111,
"origX":  0.51377,
"origY":   5.2119,
"origZ":  -3.6154,
"colorb": "#3CB44B" 
},
{
 "id": "P013b",
"label": "P013b",
"size":       18,
"meta": "patient",
"fx":    624.9,
"fy": -566.3833,
"fz": 97.88933,
"origX":   3.1245,
"origY":  -2.3983,
"origZ": -0.059498,
"colorb": "#3CB44B" 
},
{
 "id": "P100b",
"label": "P100b",
"size":       18,
"meta": "patient",
"fx":   680.28,
"fy": -219.8133,
"fz": -252.9333,
"origX":   3.4014,
"origY": -0.31888,
"origZ":  -1.6382,
"colorb": "#3CB44B" 
} 
],
"meta": [ "control", "control", "control", "control", "control", "control", "control", "control", "control", "control", "control", "control", "control", "control", "control", "control", "control", "control", "control", "control", "control", "control", "control", "control", "control", "patient", "patient", "patient", "patient", "patient", "patient", "patient", "patient", "patient", "patient", "patient", "patient", "patient", "patient", "patient", "patient", "patient", "patient", "patient", "patient", "patient", "patient", "patient", "patient", "patient" ],
"loading": [
 {
 "id": "Bin.0.82",
"label": "Bin.0.82",
"size":       24,
"opacity":     0.79,
"fx": 853.8909,
"fy":    -1000,
"fz": 166.6667,
"origX":  0.51964,
"origY":        0,
"origZ":        0,
"seedArr": "notSeed",
"colorb": "#F03E22",
"colorw": "#F03E22" 
},
{
 "id": "Bin.2.54",
"label": "Bin.2.54",
"size":       24,
"opacity":     0.79,
"fx": -924.6727,
"fy":    -1000,
"fz": 166.6667,
"origX": -0.45857,
"origY":        0,
"origZ":        0,
"seedArr": "notSeed",
"colorb": "#F04225",
"colorw": "#F04225" 
},
{
 "id": "Bin.2.70",
"label": "Bin.2.70",
"size":       24,
"opacity":     0.79,
"fx": -920.2182,
"fy":    -1000,
"fz": 166.6667,
"origX": -0.45612,
"origY":        0,
"origZ":        0,
"seedArr": "notSeed",
"colorb": "#F04326",
"colorw": "#F04326" 
},
{
 "id": "Bin.0.94",
"label": "Bin.0.94",
"size":       24,
"opacity":     0.78,
"fx": 734.0727,
"fy":    -1000,
"fz": 166.6667,
"origX":  0.45374,
"origY":        0,
"origZ":        0,
"seedArr": "notSeed",
"colorb": "#F04527",
"colorw": "#F04527" 
},
{
 "id": "Bin.0.78",
"label": "Bin.0.78",
"size":       24,
"opacity":     0.77,
"fx": 375.8727,
"fy":    -1000,
"fz": 166.6667,
"origX":  0.25673,
"origY":        0,
"origZ":        0,
"seedArr": "notSeed",
"colorb": "#F15230",
"colorw": "#F15230" 
},
{
 "id": "Bin.2.66",
"label": "Bin.2.66",
"size":       24,
"opacity":     0.75,
"fx": -351.4182,
"fy":    -1000,
"fz": 166.6667,
"origX": -0.14328,
"origY":        0,
"origZ":        0,
"seedArr": "notSeed",
"colorb": "#F25B37",
"colorw": "#F25B37" 
},
{
 "id": "Bin.2.58",
"label": "Bin.2.58",
"size":       24,
"opacity":     0.75,
"fx": -250.4382,
"fy":    -1000,
"fz": 166.6667,
"origX": -0.087741,
"origY":        0,
"origZ":        0,
"seedArr": "notSeed",
"colorb": "#F35E39",
"colorw": "#F35E39" 
},
{
 "id": "Bin.0.98",
"label": "Bin.0.98",
"size":       24,
"opacity":     0.75,
"fx": 62.42545,
"fy":    -1000,
"fz": 166.6667,
"origX": 0.084334,
"origY":        0,
"origZ":        0,
"seedArr": "notSeed",
"colorb": "#F3603B",
"colorw": "#F3603B" 
},
{
 "id": "Bin.8.30",
"label": "Bin.8.30",
"size":       24,
"opacity":     0.74,
"fx": 12.44909,
"fy":    -1000,
"fz": 166.6667,
"origX": 0.056847,
"origY":        0,
"origZ":        0,
"seedArr": "notSeed",
"colorb": "#F3623C",
"colorw": "#F3623C" 
},
{
 "id": "Bin.1.02",
"label": "Bin.1.02",
"size":       24,
"opacity":     0.74,
"fx": -25.61273,
"fy":    -1000,
"fz": 166.6667,
"origX": 0.035913,
"origY":        0,
"origZ":        0,
"seedArr": "notSeed",
"colorb": "#F3653E",
"colorw": "#F3653E" 
},
{
 "id": "Bin.3.66",
"label": "Bin.3.66",
"size":       24,
"opacity":      0.8,
"fx": -90.90909,
"fy": 992.0333,
"fz": 166.6667,
"origX":        0,
"origY":  0.59761,
"origZ":        0,
"seedArr": "notSeed",
"colorb": "#F03C21",
"colorw": "#F03C21" 
},
{
 "id": "Bin.3.62",
"label": "Bin.3.62",
"size":       24,
"opacity":     0.79,
"fx": -90.90909,
"fy": 730.6667,
"fz": 166.6667,
"origX":        0,
"origY":   0.5192,
"origZ":        0,
"seedArr": "notSeed",
"colorb": "#F04023",
"colorw": "#F04023" 
},
{
 "id": "Bin.4.22",
"label": "Bin.4.22",
"size":       24,
"opacity":     0.78,
"fx": -90.90909,
"fy": 460.5333,
"fz": 166.6667,
"origX":        0,
"origY":  0.43816,
"origZ":        0,
"seedArr": "notSeed",
"colorb": "#F14729",
"colorw": "#F14729" 
},
{
 "id": "Bin.3.70",
"label": "Bin.3.70",
"size":       24,
"opacity":     0.77,
"fx": -90.90909,
"fy": -41.86667,
"fz": 166.6667,
"origX":        0,
"origY":  0.28744,
"origZ":        0,
"seedArr": "notSeed",
"colorb": "#F1502F",
"colorw": "#F1502F" 
},
{
 "id": "Bin.4.18",
"label": "Bin.4.18",
"size":       24,
"opacity":     0.76,
"fx": -90.90909,
"fy":     -199,
"fz": 166.6667,
"origX":        0,
"origY":   0.2403,
"origZ":        0,
"seedArr": "notSeed",
"colorb": "#F25432",
"colorw": "#F25432" 
},
{
 "id": "Bin.2.26",
"label": "Bin.2.26",
"size":       24,
"opacity":     0.76,
"fx": -90.90909,
"fy": -436.8667,
"fz": 166.6667,
"origX":        0,
"origY":  0.16894,
"origZ":        0,
"seedArr": "notSeed",
"colorb": "#F25935",
"colorw": "#F25935" 
},
{
 "id": "Bin.7.06",
"label": "Bin.7.06",
"size":       24,
"opacity":     0.78,
"fx": -90.90909,
"fy":  -671.75,
"fz": 843.9667,
"origX":        0,
"origY": 0.098475,
"origZ":  0.40638,
"seedArr": "notSeed",
"colorb": "#F1492A",
"colorw": "#F1492A" 
},
{
 "id": "Bin.4.34",
"label": "Bin.4.34",
"size":       24,
"opacity":     0.74,
"fx": -90.90909,
"fy": -848.8833,
"fz": 166.6667,
"origX":        0,
"origY": 0.045335,
"origZ":        0,
"seedArr": "notSeed",
"colorb": "#F3643D",
"colorw": "#F3643D" 
},
{
 "id": "Bin.3.22",
"label": "Bin.3.22",
"size":       24,
"opacity":     0.74,
"fx": -90.90909,
"fy": -920.7567,
"fz": 166.6667,
"origX":        0,
"origY": 0.023773,
"origZ":        0,
"seedArr": "notSeed",
"colorb": "#F36740",
"colorw": "#F36740" 
},
{
 "id": "Bin.3.54",
"label": "Bin.3.54",
"size":       24,
"opacity":     0.73,
"fx": -90.90909,
"fy": -969.5547,
"fz": 166.6667,
"origX":        0,
"origY": 0.0091336,
"origZ":        0,
"seedArr": "notSeed",
"colorb": "#F46B42",
"colorw": "#F46B42" 
},
{
 "id": "Bin.9.98",
"label": "Bin.9.98",
"size":       24,
"opacity":      0.3,
"fx": -90.90909,
"fy":    -1000,
"fz": 166.6667,
"origX":        0,
"origY":        0,
"origZ":        0,
"seedArr": "notSeed",
"colorb": "#FCF5DF",
"colorw": "#FCF5DF" 
},
{
 "id": "Bin.9.94",
"label": "Bin.9.94",
"size":       24,
"opacity":      0.3,
"fx": -90.90909,
"fy":    -1000,
"fz": 166.6667,
"origX":        0,
"origY":        0,
"origZ":        0,
"seedArr": "notSeed",
"colorb": "#FCF4DE",
"colorw": "#FCF4DE" 
},
{
 "id": "Bin.9.90",
"label": "Bin.9.90",
"size":       24,
"opacity":     0.31,
"fx": -90.90909,
"fy":    -1000,
"fz": 166.6667,
"origX":        0,
"origY":        0,
"origZ":        0,
"seedArr": "notSeed",
"colorb": "#FCF4DD",
"colorw": "#FCF4DD" 
},
{
 "id": "Bin.9.86",
"label": "Bin.9.86",
"size":       24,
"opacity":     0.31,
"fx": -90.90909,
"fy":    -1000,
"fz": 166.6667,
"origX":        0,
"origY":        0,
"origZ":        0,
"seedArr": "notSeed",
"colorb": "#FCF4DD",
"colorw": "#FCF4DD" 
},
{
 "id": "Bin.9.82",
"label": "Bin.9.82",
"size":       24,
"opacity":     0.31,
"fx": -90.90909,
"fy":    -1000,
"fz": 166.6667,
"origX":        0,
"origY":        0,
"origZ":        0,
"seedArr": "notSeed",
"colorb": "#FCF4DC",
"colorw": "#FCF4DC" 
},
{
 "id": "Bin.9.78",
"label": "Bin.9.78",
"size":       24,
"opacity":     0.31,
"fx": -90.90909,
"fy":    -1000,
"fz": 166.6667,
"origX":        0,
"origY":        0,
"origZ":        0,
"seedArr": "notSeed",
"colorb": "#FCF4DB",
"colorw": "#FCF4DB" 
},
{
 "id": "Bin.9.74",
"label": "Bin.9.74",
"size":       24,
"opacity":     0.32,
"fx": -90.90909,
"fy":    -1000,
"fz": 166.6667,
"origX":        0,
"origY":        0,
"origZ":        0,
"seedArr": "notSeed",
"colorb": "#FCF4DB",
"colorw": "#FCF4DB" 
},
{
 "id": "Bin.9.70",
"label": "Bin.9.70",
"size":       24,
"opacity":     0.32,
"fx": -90.90909,
"fy":    -1000,
"fz": 166.6667,
"origX":        0,
"origY":        0,
"origZ":        0,
"seedArr": "notSeed",
"colorb": "#FCF4DA",
"colorw": "#FCF4DA" 
},
{
 "id": "Bin.9.66",
"label": "Bin.9.66",
"size":       24,
"opacity":     0.32,
"fx": -90.90909,
"fy":    -1000,
"fz": 166.6667,
"origX":        0,
"origY":        0,
"origZ":        0,
"seedArr": "notSeed",
"colorb": "#FCF4D9",
"colorw": "#FCF4D9" 
},
{
 "id": "Bin.9.62",
"label": "Bin.9.62",
"size":       24,
"opacity":     0.32,
"fx": -90.90909,
"fy":    -1000,
"fz": 166.6667,
"origX":        0,
"origY":        0,
"origZ":        0,
"seedArr": "notSeed",
"colorb": "#FCF4D9",
"colorw": "#FCF4D9" 
},
{
 "id": "Bin.9.58",
"label": "Bin.9.58",
"size":       24,
"opacity":     0.33,
"fx": -90.90909,
"fy":    -1000,
"fz": 166.6667,
"origX":        0,
"origY":        0,
"origZ":        0,
"seedArr": "notSeed",
"colorb": "#FCF4D8",
"colorw": "#FCF4D8" 
},
{
 "id": "Bin.9.54",
"label": "Bin.9.54",
"size":       24,
"opacity":     0.33,
"fx": -90.90909,
"fy":    -1000,
"fz": 166.6667,
"origX":        0,
"origY":        0,
"origZ":        0,
"seedArr": "notSeed",
"colorb": "#FCF4D8",
"colorw": "#FCF4D8" 
},
{
 "id": "Bin.9.50",
"label": "Bin.9.50",
"size":       24,
"opacity":     0.73,
"fx": -90.90909,
"fy":    -1000,
"fz": 169.8753,
"origX":        0,
"origY":        0,
"origZ": 0.0019252,
"seedArr": "notSeed",
"colorb": "#F46D44",
"colorw": "#F46D44" 
},
{
 "id": "Bin.9.46",
"label": "Bin.9.46",
"size":       24,
"opacity":     0.33,
"fx": -90.90909,
"fy":    -1000,
"fz": 166.6667,
"origX":        0,
"origY":        0,
"origZ":        0,
"seedArr": "notSeed",
"colorb": "#FCF4D7",
"colorw": "#FCF4D7" 
},
{
 "id": "Bin.9.42",
"label": "Bin.9.42",
"size":       24,
"opacity":     0.33,
"fx": -90.90909,
"fy":    -1000,
"fz": 166.6667,
"origX":        0,
"origY":        0,
"origZ":        0,
"seedArr": "notSeed",
"colorb": "#FCF3D6",
"colorw": "#FCF3D6" 
},
{
 "id": "Bin.9.38",
"label": "Bin.9.38",
"size":       24,
"opacity":     0.34,
"fx": -90.90909,
"fy":    -1000,
"fz": 166.6667,
"origX":        0,
"origY":        0,
"origZ":        0,
"seedArr": "notSeed",
"colorb": "#FCF3D6",
"colorw": "#FCF3D6" 
},
{
 "id": "Bin.9.34",
"label": "Bin.9.34",
"size":       24,
"opacity":     0.34,
"fx": -90.90909,
"fy":    -1000,
"fz": 166.6667,
"origX":        0,
"origY":        0,
"origZ":        0,
"seedArr": "notSeed",
"colorb": "#FCF3D5",
"colorw": "#FCF3D5" 
},
{
 "id": "Bin.9.30",
"label": "Bin.9.30",
"size":       24,
"opacity":     0.34,
"fx": -90.90909,
"fy":    -1000,
"fz": 166.6667,
"origX":        0,
"origY":        0,
"origZ":        0,
"seedArr": "notSeed",
"colorb": "#FCF3D4",
"colorw": "#FCF3D4" 
},
{
 "id": "Bin.9.26",
"label": "Bin.9.26",
"size":       24,
"opacity":     0.34,
"fx": -90.90909,
"fy":    -1000,
"fz": 166.6667,
"origX":        0,
"origY":        0,
"origZ":        0,
"seedArr": "notSeed",
"colorb": "#FCF3D4",
"colorw": "#FCF3D4" 
},
{
 "id": "Bin.9.22",
"label": "Bin.9.22",
"size":       24,
"opacity":     0.73,
"fx": -90.90909,
"fy":    -1000,
"fz": 190.4317,
"origX":        0,
"origY":        0,
"origZ": 0.014259,
"seedArr": "notSeed",
"colorb": "#F36941",
"colorw": "#F36941" 
},
{
 "id": "Bin.9.18",
"label": "Bin.9.18",
"size":       24,
"opacity":     0.35,
"fx": -90.90909,
"fy":    -1000,
"fz": 166.6667,
"origX":        0,
"origY":        0,
"origZ":        0,
"seedArr": "notSeed",
"colorb": "#FCF3D3",
"colorw": "#FCF3D3" 
},
{
 "id": "Bin.9.14",
"label": "Bin.9.14",
"size":       24,
"opacity":     0.35,
"fx": -90.90909,
"fy":    -1000,
"fz": 166.6667,
"origX":        0,
"origY":        0,
"origZ":        0,
"seedArr": "notSeed",
"colorb": "#FCF3D2",
"colorw": "#FCF3D2" 
},
{
 "id": "Bin.9.10",
"label": "Bin.9.10",
"size":       24,
"opacity":     0.35,
"fx": -90.90909,
"fy":    -1000,
"fz": 166.6667,
"origX":        0,
"origY":        0,
"origZ":        0,
"seedArr": "notSeed",
"colorb": "#FCF3D2",
"colorw": "#FCF3D2" 
},
{
 "id": "Bin.9.06",
"label": "Bin.9.06",
"size":       24,
"opacity":     0.35,
"fx": -90.90909,
"fy":    -1000,
"fz": 166.6667,
"origX":        0,
"origY":        0,
"origZ":        0,
"seedArr": "notSeed",
"colorb": "#FCF3D1",
"colorw": "#FCF3D1" 
},
{
 "id": "Bin.9.02",
"label": "Bin.9.02",
"size":       24,
"opacity":     0.36,
"fx": -90.90909,
"fy":    -1000,
"fz": 166.6667,
"origX":        0,
"origY":        0,
"origZ":        0,
"seedArr": "notSeed",
"colorb": "#FCF3D1",
"colorw": "#FCF3D1" 
},
{
 "id": "Bin.8.98",
"label": "Bin.8.98",
"size":       24,
"opacity":     0.36,
"fx": -90.90909,
"fy":    -1000,
"fz": 166.6667,
"origX":        0,
"origY":        0,
"origZ":        0,
"seedArr": "notSeed",
"colorb": "#FCF3D0",
"colorw": "#FCF3D0" 
},
{
 "id": "Bin.8.94",
"label": "Bin.8.94",
"size":       24,
"opacity":     0.36,
"fx": -90.90909,
"fy":    -1000,
"fz": 166.6667,
"origX":        0,
"origY":        0,
"origZ":        0,
"seedArr": "notSeed",
"colorb": "#FCF3CF",
"colorw": "#FCF3CF" 
},
{
 "id": "Bin.8.90",
"label": "Bin.8.90",
"size":       24,
"opacity":     0.36,
"fx": -90.90909,
"fy":    -1000,
"fz": 166.6667,
"origX":        0,
"origY":        0,
"origZ":        0,
"seedArr": "notSeed",
"colorb": "#FCF2CF",
"colorw": "#FCF2CF" 
},
{
 "id": "Bin.8.86",
"label": "Bin.8.86",
"size":       24,
"opacity":     0.37,
"fx": -90.90909,
"fy":    -1000,
"fz": 166.6667,
"origX":        0,
"origY":        0,
"origZ":        0,
"seedArr": "notSeed",
"colorb": "#FCF2CE",
"colorw": "#FCF2CE" 
},
{
 "id": "Bin.8.82",
"label": "Bin.8.82",
"size":       24,
"opacity":     0.37,
"fx": -90.90909,
"fy":    -1000,
"fz": 166.6667,
"origX":        0,
"origY":        0,
"origZ":        0,
"seedArr": "notSeed",
"colorb": "#FCF2CD",
"colorw": "#FCF2CD" 
},
{
 "id": "Bin.8.78",
"label": "Bin.8.78",
"size":       24,
"opacity":     0.37,
"fx": -90.90909,
"fy":    -1000,
"fz": 166.6667,
"origX":        0,
"origY":        0,
"origZ":        0,
"seedArr": "notSeed",
"colorb": "#FCF2CD",
"colorw": "#FCF2CD" 
},
{
 "id": "Bin.8.74",
"label": "Bin.8.74",
"size":       24,
"opacity":     0.37,
"fx": -90.90909,
"fy":    -1000,
"fz": 166.6667,
"origX":        0,
"origY":        0,
"origZ":        0,
"seedArr": "notSeed",
"colorb": "#FCF2CC",
"colorw": "#FCF2CC" 
},
{
 "id": "Bin.8.70",
"label": "Bin.8.70",
"size":       24,
"opacity":     0.38,
"fx": -90.90909,
"fy":    -1000,
"fz": 166.6667,
"origX":        0,
"origY":        0,
"origZ":        0,
"seedArr": "notSeed",
"colorb": "#FCF2CC",
"colorw": "#FCF2CC" 
},
{
 "id": "Bin.8.66",
"label": "Bin.8.66",
"size":       24,
"opacity":     0.38,
"fx": -90.90909,
"fy":    -1000,
"fz": 166.6667,
"origX":        0,
"origY":        0,
"origZ":        0,
"seedArr": "notSeed",
"colorb": "#FCF2CB",
"colorw": "#FCF2CB" 
},
{
 "id": "Bin.8.62",
"label": "Bin.8.62",
"size":       24,
"opacity":     0.38,
"fx": -90.90909,
"fy":    -1000,
"fz": 166.6667,
"origX":        0,
"origY":        0,
"origZ":        0,
"seedArr": "notSeed",
"colorb": "#FCF2CA",
"colorw": "#FCF2CA" 
},
{
 "id": "Bin.8.58",
"label": "Bin.8.58",
"size":       24,
"opacity":     0.38,
"fx": -90.90909,
"fy":    -1000,
"fz": 166.6667,
"origX":        0,
"origY":        0,
"origZ":        0,
"seedArr": "notSeed",
"colorb": "#FCF2CA",
"colorw": "#FCF2CA" 
},
{
 "id": "Bin.8.54",
"label": "Bin.8.54",
"size":       24,
"opacity":     0.39,
"fx": -90.90909,
"fy":    -1000,
"fz": 166.6667,
"origX":        0,
"origY":        0,
"origZ":        0,
"seedArr": "notSeed",
"colorb": "#FDF2C9",
"colorw": "#FDF2C9" 
},
{
 "id": "Bin.8.50",
"label": "Bin.8.50",
"size":       24,
"opacity":     0.39,
"fx": -90.90909,
"fy":    -1000,
"fz": 166.6667,
"origX":        0,
"origY":        0,
"origZ":        0,
"seedArr": "notSeed",
"colorb": "#FDF2C8",
"colorw": "#FDF2C8" 
},
{
 "id": "Bin.8.46",
"label": "Bin.8.46",
"size":       24,
"opacity":     0.39,
"fx": -90.90909,
"fy":    -1000,
"fz": 166.6667,
"origX":        0,
"origY":        0,
"origZ":        0,
"seedArr": "notSeed",
"colorb": "#FDF2C8",
"colorw": "#FDF2C8" 
},
{
 "id": "Bin.8.42",
"label": "Bin.8.42",
"size":       24,
"opacity":     0.39,
"fx": -90.90909,
"fy":    -1000,
"fz": 166.6667,
"origX":        0,
"origY":        0,
"origZ":        0,
"seedArr": "notSeed",
"colorb": "#FDF2C7",
"colorw": "#FDF2C7" 
},
{
 "id": "Bin.8.38",
"label": "Bin.8.38",
"size":       24,
"opacity":      0.4,
"fx": -90.90909,
"fy":    -1000,
"fz": 166.6667,
"origX":        0,
"origY":        0,
"origZ":        0,
"seedArr": "notSeed",
"colorb": "#FDF1C6",
"colorw": "#FDF1C6" 
},
{
 "id": "Bin.8.34",
"label": "Bin.8.34",
"size":       24,
"opacity":      0.4,
"fx": -90.90909,
"fy":    -1000,
"fz": 166.6667,
"origX":        0,
"origY":        0,
"origZ":        0,
"seedArr": "notSeed",
"colorb": "#FDF1C6",
"colorw": "#FDF1C6" 
},
{
 "id": "Bin.8.26",
"label": "Bin.8.26",
"size":       24,
"opacity":      0.4,
"fx": -90.90909,
"fy":    -1000,
"fz": 166.6667,
"origX":        0,
"origY":        0,
"origZ":        0,
"seedArr": "notSeed",
"colorb": "#FDF1C5",
"colorw": "#FDF1C5" 
},
{
 "id": "Bin.8.22",
"label": "Bin.8.22",
"size":       24,
"opacity":      0.4,
"fx": -90.90909,
"fy":    -1000,
"fz": 166.6667,
"origX":        0,
"origY":        0,
"origZ":        0,
"seedArr": "notSeed",
"colorb": "#FDF1C5",
"colorw": "#FDF1C5" 
},
{
 "id": "Bin.8.18",
"label": "Bin.8.18",
"size":       24,
"opacity":     0.41,
"fx": -90.90909,
"fy":    -1000,
"fz": 166.6667,
"origX":        0,
"origY":        0,
"origZ":        0,
"seedArr": "notSeed",
"colorb": "#FDF1C4",
"colorw": "#FDF1C4" 
},
{
 "id": "Bin.8.14",
"label": "Bin.8.14",
"size":       24,
"opacity":     0.41,
"fx": -90.90909,
"fy":    -1000,
"fz": 166.6667,
"origX":        0,
"origY":        0,
"origZ":        0,
"seedArr": "notSeed",
"colorb": "#FDF1C3",
"colorw": "#FDF1C3" 
},
{
 "id": "Bin.8.10",
"label": "Bin.8.10",
"size":       24,
"opacity":     0.41,
"fx": -90.90909,
"fy":    -1000,
"fz": 166.6667,
"origX":        0,
"origY":        0,
"origZ":        0,
"seedArr": "notSeed",
"colorb": "#FDF1C3",
"colorw": "#FDF1C3" 
},
{
 "id": "Bin.8.06",
"label": "Bin.8.06",
"size":       24,
"opacity":     0.41,
"fx": -90.90909,
"fy":    -1000,
"fz": 166.6667,
"origX":        0,
"origY":        0,
"origZ":        0,
"seedArr": "notSeed",
"colorb": "#FDF1C2",
"colorw": "#FDF1C2" 
},
{
 "id": "Bin.8.02",
"label": "Bin.8.02",
"size":       24,
"opacity":     0.42,
"fx": -90.90909,
"fy":    -1000,
"fz": 166.6667,
"origX":        0,
"origY":        0,
"origZ":        0,
"seedArr": "notSeed",
"colorb": "#FDF1C1",
"colorw": "#FDF1C1" 
},
{
 "id": "Bin.7.98",
"label": "Bin.7.98",
"size":       24,
"opacity":     0.42,
"fx": -90.90909,
"fy":    -1000,
"fz": 166.6667,
"origX":        0,
"origY":        0,
"origZ":        0,
"seedArr": "notSeed",
"colorb": "#FDF1C1",
"colorw": "#FDF1C1" 
},
{
 "id": "Bin.7.94",
"label": "Bin.7.94",
"size":       24,
"opacity":     0.42,
"fx": -90.90909,
"fy":    -1000,
"fz": 166.6667,
"origX":        0,
"origY":        0,
"origZ":        0,
"seedArr": "notSeed",
"colorb": "#FDF1C0",
"colorw": "#FDF1C0" 
},
{
 "id": "Bin.7.90",
"label": "Bin.7.90",
"size":       24,
"opacity":     0.42,
"fx": -90.90909,
"fy":    -1000,
"fz": 166.6667,
"origX":        0,
"origY":        0,
"origZ":        0,
"seedArr": "notSeed",
"colorb": "#FDF1BF",
"colorw": "#FDF1BF" 
},
{
 "id": "Bin.7.86",
"label": "Bin.7.86",
"size":       24,
"opacity":     0.43,
"fx": -90.90909,
"fy":    -1000,
"fz": 166.6667,
"origX":        0,
"origY":        0,
"origZ":        0,
"seedArr": "notSeed",
"colorb": "#FDF0BF",
"colorw": "#FDF0BF" 
},
{
 "id": "Bin.7.82",
"label": "Bin.7.82",
"size":       24,
"opacity":     0.43,
"fx": -90.90909,
"fy":    -1000,
"fz": 166.6667,
"origX":        0,
"origY":        0,
"origZ":        0,
"seedArr": "notSeed",
"colorb": "#FDF0BE",
"colorw": "#FDF0BE" 
},
{
 "id": "Bin.7.78",
"label": "Bin.7.78",
"size":       24,
"opacity":     0.43,
"fx": -90.90909,
"fy":    -1000,
"fz": 166.6667,
"origX":        0,
"origY":        0,
"origZ":        0,
"seedArr": "notSeed",
"colorb": "#FDF0BE",
"colorw": "#FDF0BE" 
},
{
 "id": "Bin.7.74",
"label": "Bin.7.74",
"size":       24,
"opacity":     0.43,
"fx": -90.90909,
"fy":    -1000,
"fz": 166.6667,
"origX":        0,
"origY":        0,
"origZ":        0,
"seedArr": "notSeed",
"colorb": "#FDF0BD",
"colorw": "#FDF0BD" 
},
{
 "id": "Bin.7.70",
"label": "Bin.7.70",
"size":       24,
"opacity":     0.76,
"fx": -90.90909,
"fy":    -1000,
"fz": 456.0833,
"origX":        0,
"origY":        0,
"origZ":  0.17365,
"seedArr": "notSeed",
"colorb": "#F25734",
"colorw": "#F25734" 
},
{
 "id": "Bin.7.66",
"label": "Bin.7.66",
"size":       24,
"opacity":     0.44,
"fx": -90.90909,
"fy":    -1000,
"fz": 166.6667,
"origX":        0,
"origY":        0,
"origZ":        0,
"seedArr": "notSeed",
"colorb": "#FDF0BC",
"colorw": "#FDF0BC" 
},
{
 "id": "Bin.7.62",
"label": "Bin.7.62",
"size":       24,
"opacity":     0.44,
"fx": -90.90909,
"fy":    -1000,
"fz": 166.6667,
"origX":        0,
"origY":        0,
"origZ":        0,
"seedArr": "notSeed",
"colorb": "#FDF0BC",
"colorw": "#FDF0BC" 
},
{
 "id": "Bin.7.58",
"label": "Bin.7.58",
"size":       24,
"opacity":     0.44,
"fx": -90.90909,
"fy":    -1000,
"fz": 166.6667,
"origX":        0,
"origY":        0,
"origZ":        0,
"seedArr": "notSeed",
"colorb": "#FDF0BB",
"colorw": "#FDF0BB" 
},
{
 "id": "Bin.7.54",
"label": "Bin.7.54",
"size":       24,
"opacity":     0.44,
"fx": -90.90909,
"fy":    -1000,
"fz": 166.6667,
"origX":        0,
"origY":        0,
"origZ":        0,
"seedArr": "notSeed",
"colorb": "#FDF0BA",
"colorw": "#FDF0BA" 
},
{
 "id": "Bin.7.50",
"label": "Bin.7.50",
"size":       24,
"opacity":     0.45,
"fx": -90.90909,
"fy":    -1000,
"fz": 166.6667,
"origX":        0,
"origY":        0,
"origZ":        0,
"seedArr": "notSeed",
"colorb": "#FDF0BA",
"colorw": "#FDF0BA" 
},
{
 "id": "Bin.7.46",
"label": "Bin.7.46",
"size":       24,
"opacity":     0.45,
"fx": -90.90909,
"fy":    -1000,
"fz": 166.6667,
"origX":        0,
"origY":        0,
"origZ":        0,
"seedArr": "notSeed",
"colorb": "#FDF0B9",
"colorw": "#FDF0B9" 
},
{
 "id": "Bin.7.42",
"label": "Bin.7.42",
"size":       24,
"opacity":     0.45,
"fx": -90.90909,
"fy":    -1000,
"fz": 166.6667,
"origX":        0,
"origY":        0,
"origZ":        0,
"seedArr": "notSeed",
"colorb": "#FDF0B9",
"colorw": "#FDF0B9" 
},
{
 "id": "Bin.7.38",
"label": "Bin.7.38",
"size":       24,
"opacity":     0.45,
"fx": -90.90909,
"fy":    -1000,
"fz": 166.6667,
"origX":        0,
"origY":        0,
"origZ":        0,
"seedArr": "notSeed",
"colorb": "#FDF0B8",
"colorw": "#FDF0B8" 
},
{
 "id": "Bin.7.34",
"label": "Bin.7.34",
"size":       24,
"opacity":     0.46,
"fx": -90.90909,
"fy":    -1000,
"fz": 166.6667,
"origX":        0,
"origY":        0,
"origZ":        0,
"seedArr": "notSeed",
"colorb": "#FDF0B7",
"colorw": "#FDF0B7" 
},
{
 "id": "Bin.7.30",
"label": "Bin.7.30",
"size":       24,
"opacity":     0.46,
"fx": -90.90909,
"fy":    -1000,
"fz": 166.6667,
"origX":        0,
"origY":        0,
"origZ":        0,
"seedArr": "notSeed",
"colorb": "#FDEFB7",
"colorw": "#FDEFB7" 
},
{
 "id": "Bin.7.26",
"label": "Bin.7.26",
"size":       24,
"opacity":     0.46,
"fx": -90.90909,
"fy":    -1000,
"fz": 166.6667,
"origX":        0,
"origY":        0,
"origZ":        0,
"seedArr": "notSeed",
"colorb": "#FDEFB6",
"colorw": "#FDEFB6" 
},
{
 "id": "Bin.7.22",
"label": "Bin.7.22",
"size":       24,
"opacity":     0.46,
"fx": -90.90909,
"fy":    -1000,
"fz": 166.6667,
"origX":        0,
"origY":        0,
"origZ":        0,
"seedArr": "notSeed",
"colorb": "#FDEFB5",
"colorw": "#FDEFB5" 
},
{
 "id": "Bin.7.18",
"label": "Bin.7.18",
"size":       24,
"opacity":     0.47,
"fx": -90.90909,
"fy":    -1000,
"fz": 166.6667,
"origX":        0,
"origY":        0,
"origZ":        0,
"seedArr": "notSeed",
"colorb": "#FDEFB5",
"colorw": "#FDEFB5" 
},
{
 "id": "Bin.7.14",
"label": "Bin.7.14",
"size":       24,
"opacity":     0.47,
"fx": -90.90909,
"fy":    -1000,
"fz": 166.6667,
"origX":        0,
"origY":        0,
"origZ":        0,
"seedArr": "notSeed",
"colorb": "#FEEFB4",
"colorw": "#FEEFB4" 
},
{
 "id": "Bin.7.10",
"label": "Bin.7.10",
"size":       24,
"opacity":     0.77,
"fx": -90.90909,
"fy":    -1000,
"fz":   687.15,
"origX":        0,
"origY":        0,
"origZ":  0.31229,
"seedArr": "notSeed",
"colorb": "#F14E2E",
"colorw": "#F14E2E" 
},
{
 "id": "Bin.7.02",
"label": "Bin.7.02",
"size":       24,
"opacity":     0.77,
"fx": -90.90909,
"fy":    -1000,
"fz": 707.6833,
"origX":        0,
"origY":        0,
"origZ":  0.32461,
"seedArr": "notSeed",
"colorb": "#F14C2C",
"colorw": "#F14C2C" 
},
{
 "id": "Bin.6.98",
"label": "Bin.6.98",
"size":       24,
"opacity":     0.47,
"fx": -90.90909,
"fy":    -1000,
"fz": 166.6667,
"origX":        0,
"origY":        0,
"origZ":        0,
"seedArr": "notSeed",
"colorb": "#FEEFB3",
"colorw": "#FEEFB3" 
},
{
 "id": "Bin.6.94",
"label": "Bin.6.94",
"size":       24,
"opacity":     0.47,
"fx": -90.90909,
"fy":    -1000,
"fz": 166.6667,
"origX":        0,
"origY":        0,
"origZ":        0,
"seedArr": "notSeed",
"colorb": "#FEEFB3",
"colorw": "#FEEFB3" 
},
{
 "id": "Bin.6.90",
"label": "Bin.6.90",
"size":       24,
"opacity":     0.48,
"fx": -90.90909,
"fy":    -1000,
"fz": 166.6667,
"origX":        0,
"origY":        0,
"origZ":        0,
"seedArr": "notSeed",
"colorb": "#FEEFB2",
"colorw": "#FEEFB2" 
},
{
 "id": "Bin.6.86",
"label": "Bin.6.86",
"size":       24,
"opacity":     0.48,
"fx": -90.90909,
"fy":    -1000,
"fz": 166.6667,
"origX":        0,
"origY":        0,
"origZ":        0,
"seedArr": "notSeed",
"colorb": "#FEEFB2",
"colorw": "#FEEFB2" 
},
{
 "id": "Bin.6.82",
"label": "Bin.6.82",
"size":       24,
"opacity":     0.48,
"fx": -90.90909,
"fy":    -1000,
"fz": 166.6667,
"origX":        0,
"origY":        0,
"origZ":        0,
"seedArr": "notSeed",
"colorb": "#FEEFB1",
"colorw": "#FEEFB1" 
},
{
 "id": "Bin.6.78",
"label": "Bin.6.78",
"size":       24,
"opacity":     0.48,
"fx": -90.90909,
"fy":    -1000,
"fz": 166.6667,
"origX":        0,
"origY":        0,
"origZ":        0,
"seedArr": "notSeed",
"colorb": "#FEEFB0",
"colorw": "#FEEFB0" 
},
{
 "id": "Bin.6.74",
"label": "Bin.6.74",
"size":       24,
"opacity":     0.49,
"fx": -90.90909,
"fy":    -1000,
"fz": 166.6667,
"origX":        0,
"origY":        0,
"origZ":        0,
"seedArr": "notSeed",
"colorb": "#FEEFB0",
"colorw": "#FEEFB0" 
},
{
 "id": "Bin.6.70",
"label": "Bin.6.70",
"size":       24,
"opacity":     0.49,
"fx": -90.90909,
"fy":    -1000,
"fz": 166.6667,
"origX":        0,
"origY":        0,
"origZ":        0,
"seedArr": "notSeed",
"colorb": "#FEEEAF",
"colorw": "#FEEEAF" 
},
{
 "id": "Bin.6.66",
"label": "Bin.6.66",
"size":       24,
"opacity":     0.49,
"fx": -90.90909,
"fy":    -1000,
"fz": 166.6667,
"origX":        0,
"origY":        0,
"origZ":        0,
"seedArr": "notSeed",
"colorb": "#FEEEAE",
"colorw": "#FEEEAE" 
},
{
 "id": "Bin.6.62",
"label": "Bin.6.62",
"size":       24,
"opacity":     0.49,
"fx": -90.90909,
"fy":    -1000,
"fz": 166.6667,
"origX":        0,
"origY":        0,
"origZ":        0,
"seedArr": "notSeed",
"colorb": "#FEEEAE",
"colorw": "#FEEEAE" 
},
{
 "id": "Bin.6.58",
"label": "Bin.6.58",
"size":       24,
"opacity":      0.5,
"fx": -90.90909,
"fy":    -1000,
"fz": 166.6667,
"origX":        0,
"origY":        0,
"origZ":        0,
"seedArr": "notSeed",
"colorb": "#FEEEAD",
"colorw": "#FEEEAD" 
},
{
 "id": "Bin.6.54",
"label": "Bin.6.54",
"size":       24,
"opacity":      0.5,
"fx": -90.90909,
"fy":    -1000,
"fz": 166.6667,
"origX":        0,
"origY":        0,
"origZ":        0,
"seedArr": "notSeed",
"colorb": "#FEEEAC",
"colorw": "#FEEEAC" 
},
{
 "id": "Bin.6.50",
"label": "Bin.6.50",
"size":       24,
"opacity":      0.5,
"fx": -90.90909,
"fy":    -1000,
"fz": 166.6667,
"origX":        0,
"origY":        0,
"origZ":        0,
"seedArr": "notSeed",
"colorb": "#FEEEAC",
"colorw": "#FEEEAC" 
},
{
 "id": "Bin.6.46",
"label": "Bin.6.46",
"size":       24,
"opacity":      0.5,
"fx": -90.90909,
"fy":    -1000,
"fz": 166.6667,
"origX":        0,
"origY":        0,
"origZ":        0,
"seedArr": "notSeed",
"colorb": "#FEEEAB",
"colorw": "#FEEEAB" 
},
{
 "id": "Bin.6.42",
"label": "Bin.6.42",
"size":       24,
"opacity":     0.51,
"fx": -90.90909,
"fy":    -1000,
"fz": 166.6667,
"origX":        0,
"origY":        0,
"origZ":        0,
"seedArr": "notSeed",
"colorb": "#FEEEAB",
"colorw": "#FEEEAB" 
},
{
 "id": "Bin.6.38",
"label": "Bin.6.38",
"size":       24,
"opacity":     0.51,
"fx": -90.90909,
"fy":    -1000,
"fz": 166.6667,
"origX":        0,
"origY":        0,
"origZ":        0,
"seedArr": "notSeed",
"colorb": "#FEEEAA",
"colorw": "#FEEEAA" 
},
{
 "id": "Bin.6.34",
"label": "Bin.6.34",
"size":       24,
"opacity":     0.51,
"fx": -90.90909,
"fy":    -1000,
"fz": 166.6667,
"origX":        0,
"origY":        0,
"origZ":        0,
"seedArr": "notSeed",
"colorb": "#FEEEA9",
"colorw": "#FEEEA9" 
},
{
 "id": "Bin.6.30",
"label": "Bin.6.30",
"size":       24,
"opacity":     0.51,
"fx": -90.90909,
"fy":    -1000,
"fz": 166.6667,
"origX":        0,
"origY":        0,
"origZ":        0,
"seedArr": "notSeed",
"colorb": "#FEEEA9",
"colorw": "#FEEEA9" 
},
{
 "id": "Bin.4.38",
"label": "Bin.4.38",
"size":       24,
"opacity":     0.52,
"fx": -90.90909,
"fy":    -1000,
"fz": 166.6667,
"origX":        0,
"origY":        0,
"origZ":        0,
"seedArr": "notSeed",
"colorb": "#FEEEA8",
"colorw": "#FEEEA8" 
},
{
 "id": "Bin.4.30",
"label": "Bin.4.30",
"size":       24,
"opacity":     0.52,
"fx": -90.90909,
"fy":    -1000,
"fz": 166.6667,
"origX":        0,
"origY":        0,
"origZ":        0,
"seedArr": "notSeed",
"colorb": "#FEEEA7",
"colorw": "#FEEEA7" 
},
{
 "id": "Bin.4.26",
"label": "Bin.4.26",
"size":       24,
"opacity":     0.52,
"fx": -90.90909,
"fy":    -1000,
"fz": 166.6667,
"origX":        0,
"origY":        0,
"origZ":        0,
"seedArr": "notSeed",
"colorb": "#FEEDA7",
"colorw": "#FEEDA7" 
},
{
 "id": "Bin.4.14",
"label": "Bin.4.14",
"size":       24,
"opacity":     0.52,
"fx": -90.90909,
"fy":    -1000,
"fz": 166.6667,
"origX":        0,
"origY":        0,
"origZ":        0,
"seedArr": "notSeed",
"colorb": "#FEEDA6",
"colorw": "#FEEDA6" 
},
{
 "id": "Bin.4.10",
"label": "Bin.4.10",
"size":       24,
"opacity":     0.53,
"fx": -90.90909,
"fy":    -1000,
"fz": 166.6667,
"origX":        0,
"origY":        0,
"origZ":        0,
"seedArr": "notSeed",
"colorb": "#FEEDA6",
"colorw": "#FEEDA6" 
},
{
 "id": "Bin.4.06",
"label": "Bin.4.06",
"size":       24,
"opacity":     0.53,
"fx": -90.90909,
"fy":    -1000,
"fz": 166.6667,
"origX":        0,
"origY":        0,
"origZ":        0,
"seedArr": "notSeed",
"colorb": "#FEEDA5",
"colorw": "#FEEDA5" 
},
{
 "id": "Bin.4.02",
"label": "Bin.4.02",
"size":       24,
"opacity":     0.53,
"fx": -90.90909,
"fy":    -1000,
"fz": 166.6667,
"origX":        0,
"origY":        0,
"origZ":        0,
"seedArr": "notSeed",
"colorb": "#FEEDA4",
"colorw": "#FEEDA4" 
},
{
 "id": "Bin.4.04",
"label": "Bin.4.04",
"size":       24,
"opacity":     0.53,
"fx": -90.90909,
"fy":    -1000,
"fz": 166.6667,
"origX":        0,
"origY":        0,
"origZ":        0,
"seedArr": "notSeed",
"colorb": "#FEEDA4",
"colorw": "#FEEDA4" 
},
{
 "id": "Bin.3.98",
"label": "Bin.3.98",
"size":       24,
"opacity":     0.54,
"fx": -90.90909,
"fy":    -1000,
"fz": 166.6667,
"origX":        0,
"origY":        0,
"origZ":        0,
"seedArr": "notSeed",
"colorb": "#FEEDA3",
"colorw": "#FEEDA3" 
},
{
 "id": "Bin.3.94",
"label": "Bin.3.94",
"size":       24,
"opacity":     0.76,
"fx": -90.90909,
"fy":    -1000,
"fz":   -211.5,
"origX":        0,
"origY":        0,
"origZ":  -0.2269,
"seedArr": "notSeed",
"colorb": "#F25533",
"colorw": "#F25533" 
},
{
 "id": "Bin.3.90",
"label": "Bin.3.90",
"size":       24,
"opacity":     0.54,
"fx": -90.90909,
"fy":    -1000,
"fz": 166.6667,
"origX":        0,
"origY":        0,
"origZ":        0,
"seedArr": "notSeed",
"colorb": "#FEEDA2",
"colorw": "#FEEDA2" 
},
{
 "id": "Bin.3.86",
"label": "Bin.3.86",
"size":       24,
"opacity":     0.54,
"fx": -90.90909,
"fy":    -1000,
"fz": 166.6667,
"origX":        0,
"origY":        0,
"origZ":        0,
"seedArr": "notSeed",
"colorb": "#FEEDA2",
"colorw": "#FEEDA2" 
},
{
 "id": "Bin.3.82",
"label": "Bin.3.82",
"size":       24,
"opacity":     0.54,
"fx": -90.90909,
"fy":    -1000,
"fz": 166.6667,
"origX":        0,
"origY":        0,
"origZ":        0,
"seedArr": "notSeed",
"colorb": "#FEEDA1",
"colorw": "#FEEDA1" 
},
{
 "id": "Bin.3.78",
"label": "Bin.3.78",
"size":       24,
"opacity":     0.78,
"fx": -90.90909,
"fy":    -1000,
"fz": -494.1667,
"origX":        0,
"origY":        0,
"origZ":  -0.3965,
"seedArr": "notSeed",
"colorb": "#F14B2B",
"colorw": "#F14B2B" 
},
{
 "id": "Bin.3.74",
"label": "Bin.3.74",
"size":       24,
"opacity":     0.55,
"fx": -90.90909,
"fy":    -1000,
"fz": 166.6667,
"origX":        0,
"origY":        0,
"origZ":        0,
"seedArr": "notSeed",
"colorb": "#FEEDA0",
"colorw": "#FEEDA0" 
},
{
 "id": "Bin.3.58",
"label": "Bin.3.58",
"size":       24,
"opacity":     0.55,
"fx": -90.90909,
"fy":    -1000,
"fz": 166.6667,
"origX":        0,
"origY":        0,
"origZ":        0,
"seedArr": "notSeed",
"colorb": "#FEEDA0",
"colorw": "#FEEDA0" 
},
{
 "id": "Bin.3.50",
"label": "Bin.3.50",
"size":       24,
"opacity":     0.55,
"fx": -90.90909,
"fy":    -1000,
"fz": 166.6667,
"origX":        0,
"origY":        0,
"origZ":        0,
"seedArr": "notSeed",
"colorb": "#FEEC9F",
"colorw": "#FEEC9F" 
},
{
 "id": "Bin.3.46",
"label": "Bin.3.46",
"size":       24,
"opacity":     0.55,
"fx": -90.90909,
"fy":    -1000,
"fz": 166.6667,
"origX":        0,
"origY":        0,
"origZ":        0,
"seedArr": "notSeed",
"colorb": "#FEEA9E",
"colorw": "#FEEA9E" 
},
{
 "id": "Bin.3.42",
"label": "Bin.3.42",
"size":       24,
"opacity":     0.56,
"fx": -90.90909,
"fy":    -1000,
"fz": 166.6667,
"origX":        0,
"origY":        0,
"origZ":        0,
"seedArr": "notSeed",
"colorb": "#FEE89C",
"colorw": "#FEE89C" 
},
{
 "id": "Bin.3.38",
"label": "Bin.3.38",
"size":       24,
"opacity":     0.56,
"fx": -90.90909,
"fy":    -1000,
"fz": 166.6667,
"origX":        0,
"origY":        0,
"origZ":        0,
"seedArr": "notSeed",
"colorb": "#FEE69B",
"colorw": "#FEE69B" 
},
{
 "id": "Bin.3.34",
"label": "Bin.3.34",
"size":       24,
"opacity":     0.56,
"fx": -90.90909,
"fy":    -1000,
"fz": 166.6667,
"origX":        0,
"origY":        0,
"origZ":        0,
"seedArr": "notSeed",
"colorb": "#FEE49A",
"colorw": "#FEE49A" 
},
{
 "id": "Bin.3.30",
"label": "Bin.3.30",
"size":       24,
"opacity":     0.56,
"fx": -90.90909,
"fy":    -1000,
"fz": 166.6667,
"origX":        0,
"origY":        0,
"origZ":        0,
"seedArr": "notSeed",
"colorb": "#FEE398",
"colorw": "#FEE398" 
},
{
 "id": "Bin.3.26",
"label": "Bin.3.26",
"size":       24,
"opacity":     0.57,
"fx": -90.90909,
"fy":    -1000,
"fz": 166.6667,
"origX":        0,
"origY":        0,
"origZ":        0,
"seedArr": "notSeed",
"colorb": "#FEE197",
"colorw": "#FEE197" 
},
{
 "id": "Bin.3.18",
"label": "Bin.3.18",
"size":       24,
"opacity":     0.57,
"fx": -90.90909,
"fy":    -1000,
"fz": 166.6667,
"origX":        0,
"origY":        0,
"origZ":        0,
"seedArr": "notSeed",
"colorb": "#FDDF96",
"colorw": "#FDDF96" 
},
{
 "id": "Bin.3.14",
"label": "Bin.3.14",
"size":       24,
"opacity":     0.57,
"fx": -90.90909,
"fy":    -1000,
"fz": 166.6667,
"origX":        0,
"origY":        0,
"origZ":        0,
"seedArr": "notSeed",
"colorb": "#FDDD95",
"colorw": "#FDDD95" 
},
{
 "id": "Bin.3.10",
"label": "Bin.3.10",
"size":       24,
"opacity":     0.57,
"fx": -90.90909,
"fy":    -1000,
"fz": 166.6667,
"origX":        0,
"origY":        0,
"origZ":        0,
"seedArr": "notSeed",
"colorb": "#FDDC93",
"colorw": "#FDDC93" 
},
{
 "id": "Bin.3.06",
"label": "Bin.3.06",
"size":       24,
"opacity":     0.58,
"fx": -90.90909,
"fy":    -1000,
"fz": 166.6667,
"origX":        0,
"origY":        0,
"origZ":        0,
"seedArr": "notSeed",
"colorb": "#FDDA92",
"colorw": "#FDDA92" 
},
{
 "id": "Bin.3.02",
"label": "Bin.3.02",
"size":       24,
"opacity":     0.58,
"fx": -90.90909,
"fy":    -1000,
"fz": 166.6667,
"origX":        0,
"origY":        0,
"origZ":        0,
"seedArr": "notSeed",
"colorb": "#FDD891",
"colorw": "#FDD891" 
},
{
 "id": "Bin.3.04",
"label": "Bin.3.04",
"size":       24,
"opacity":     0.58,
"fx": -90.90909,
"fy":    -1000,
"fz": 166.6667,
"origX":        0,
"origY":        0,
"origZ":        0,
"seedArr": "notSeed",
"colorb": "#FDD68F",
"colorw": "#FDD68F" 
},
{
 "id": "Bin.2.98",
"label": "Bin.2.98",
"size":       24,
"opacity":     0.58,
"fx": -90.90909,
"fy":    -1000,
"fz": 166.6667,
"origX":        0,
"origY":        0,
"origZ":        0,
"seedArr": "notSeed",
"colorb": "#FCD48E",
"colorw": "#FCD48E" 
},
{
 "id": "Bin.2.94",
"label": "Bin.2.94",
"size":       24,
"opacity":     0.59,
"fx": -90.90909,
"fy":    -1000,
"fz": 166.6667,
"origX":        0,
"origY":        0,
"origZ":        0,
"seedArr": "notSeed",
"colorb": "#FCD38D",
"colorw": "#FCD38D" 
},
{
 "id": "Bin.2.90",
"label": "Bin.2.90",
"size":       24,
"opacity":     0.59,
"fx": -90.90909,
"fy":    -1000,
"fz": 166.6667,
"origX":        0,
"origY":        0,
"origZ":        0,
"seedArr": "notSeed",
"colorb": "#FCD18C",
"colorw": "#FCD18C" 
},
{
 "id": "Bin.2.86",
"label": "Bin.2.86",
"size":       24,
"opacity":     0.59,
"fx": -90.90909,
"fy":    -1000,
"fz": 166.6667,
"origX":        0,
"origY":        0,
"origZ":        0,
"seedArr": "notSeed",
"colorb": "#FCCF8A",
"colorw": "#FCCF8A" 
},
{
 "id": "Bin.2.82",
"label": "Bin.2.82",
"size":       24,
"opacity":     0.59,
"fx": -90.90909,
"fy":    -1000,
"fz": 166.6667,
"origX":        0,
"origY":        0,
"origZ":        0,
"seedArr": "notSeed",
"colorb": "#FCCD89",
"colorw": "#FCCD89" 
},
{
 "id": "Bin.2.78",
"label": "Bin.2.78",
"size":       24,
"opacity":      0.6,
"fx": -90.90909,
"fy":    -1000,
"fz": 166.6667,
"origX":        0,
"origY":        0,
"origZ":        0,
"seedArr": "notSeed",
"colorb": "#FCCB88",
"colorw": "#FCCB88" 
},
{
 "id": "Bin.2.74",
"label": "Bin.2.74",
"size":       24,
"opacity":      0.6,
"fx": -90.90909,
"fy":    -1000,
"fz": 166.6667,
"origX":        0,
"origY":        0,
"origZ":        0,
"seedArr": "notSeed",
"colorb": "#FCCA86",
"colorw": "#FCCA86" 
},
{
 "id": "Bin.2.62",
"label": "Bin.2.62",
"size":       24,
"opacity":      0.6,
"fx": -90.90909,
"fy":    -1000,
"fz": 166.6667,
"origX":        0,
"origY":        0,
"origZ":        0,
"seedArr": "notSeed",
"colorb": "#FBC885",
"colorw": "#FBC885" 
},
{
 "id": "Bin.2.50",
"label": "Bin.2.50",
"size":       24,
"opacity":      0.6,
"fx": -90.90909,
"fy":    -1000,
"fz": 166.6667,
"origX":        0,
"origY":        0,
"origZ":        0,
"seedArr": "notSeed",
"colorb": "#FBC684",
"colorw": "#FBC684" 
},
{
 "id": "Bin.2.46",
"label": "Bin.2.46",
"size":       24,
"opacity":     0.61,
"fx": -90.90909,
"fy":    -1000,
"fz": 166.6667,
"origX":        0,
"origY":        0,
"origZ":        0,
"seedArr": "notSeed",
"colorb": "#FBC483",
"colorw": "#FBC483" 
},
{
 "id": "Bin.2.42",
"label": "Bin.2.42",
"size":       24,
"opacity":     0.61,
"fx": -90.90909,
"fy":    -1000,
"fz": 166.6667,
"origX":        0,
"origY":        0,
"origZ":        0,
"seedArr": "notSeed",
"colorb": "#FBC281",
"colorw": "#FBC281" 
},
{
 "id": "Bin.2.38",
"label": "Bin.2.38",
"size":       24,
"opacity":     0.61,
"fx": -90.90909,
"fy":    -1000,
"fz": 166.6667,
"origX":        0,
"origY":        0,
"origZ":        0,
"seedArr": "notSeed",
"colorb": "#FBC180",
"colorw": "#FBC180" 
},
{
 "id": "Bin.2.34",
"label": "Bin.2.34",
"size":       24,
"opacity":     0.61,
"fx": -90.90909,
"fy":    -1000,
"fz": 166.6667,
"origX":        0,
"origY":        0,
"origZ":        0,
"seedArr": "notSeed",
"colorb": "#FBBF7F",
"colorw": "#FBBF7F" 
},
{
 "id": "Bin.2.30",
"label": "Bin.2.30",
"size":       24,
"opacity":     0.62,
"fx": -90.90909,
"fy":    -1000,
"fz": 166.6667,
"origX":        0,
"origY":        0,
"origZ":        0,
"seedArr": "notSeed",
"colorb": "#FBBD7D",
"colorw": "#FBBD7D" 
},
{
 "id": "Bin.2.22",
"label": "Bin.2.22",
"size":       24,
"opacity":     0.62,
"fx": -90.90909,
"fy":    -1000,
"fz": 166.6667,
"origX":        0,
"origY":        0,
"origZ":        0,
"seedArr": "notSeed",
"colorb": "#FABB7C",
"colorw": "#FABB7C" 
},
{
 "id": "Bin.2.18",
"label": "Bin.2.18",
"size":       24,
"opacity":     0.62,
"fx": -90.90909,
"fy":    -1000,
"fz": 166.6667,
"origX":        0,
"origY":        0,
"origZ":        0,
"seedArr": "notSeed",
"colorb": "#FABA7B",
"colorw": "#FABA7B" 
},
{
 "id": "Bin.2.14",
"label": "Bin.2.14",
"size":       24,
"opacity":     0.62,
"fx": -90.90909,
"fy":    -1000,
"fz": 166.6667,
"origX":        0,
"origY":        0,
"origZ":        0,
"seedArr": "notSeed",
"colorb": "#FAB87A",
"colorw": "#FAB87A" 
},
{
 "id": "Bin.2.10",
"label": "Bin.2.10",
"size":       24,
"opacity":     0.63,
"fx": -90.90909,
"fy":    -1000,
"fz": 166.6667,
"origX":        0,
"origY":        0,
"origZ":        0,
"seedArr": "notSeed",
"colorb": "#FAB678",
"colorw": "#FAB678" 
},
{
 "id": "Bin.2.06",
"label": "Bin.2.06",
"size":       24,
"opacity":     0.63,
"fx": -90.90909,
"fy":    -1000,
"fz": 166.6667,
"origX":        0,
"origY":        0,
"origZ":        0,
"seedArr": "notSeed",
"colorb": "#FAB477",
"colorw": "#FAB477" 
},
{
 "id": "Bin.2.02",
"label": "Bin.2.02",
"size":       24,
"opacity":     0.63,
"fx": -90.90909,
"fy":    -1000,
"fz": 166.6667,
"origX":        0,
"origY":        0,
"origZ":        0,
"seedArr": "notSeed",
"colorb": "#FAB276",
"colorw": "#FAB276" 
},
{
 "id": "Bin.1.98",
"label": "Bin.1.98",
"size":       24,
"opacity":     0.63,
"fx": -90.90909,
"fy":    -1000,
"fz": 166.6667,
"origX":        0,
"origY":        0,
"origZ":        0,
"seedArr": "notSeed",
"colorb": "#F9B174",
"colorw": "#F9B174" 
},
{
 "id": "Bin.1.94",
"label": "Bin.1.94",
"size":       24,
"opacity":     0.64,
"fx": -90.90909,
"fy":    -1000,
"fz": 166.6667,
"origX":        0,
"origY":        0,
"origZ":        0,
"seedArr": "notSeed",
"colorb": "#F9AF73",
"colorw": "#F9AF73" 
},
{
 "id": "Bin.1.90",
"label": "Bin.1.90",
"size":       24,
"opacity":     0.64,
"fx": -90.90909,
"fy":    -1000,
"fz": 166.6667,
"origX":        0,
"origY":        0,
"origZ":        0,
"seedArr": "notSeed",
"colorb": "#F9AD72",
"colorw": "#F9AD72" 
},
{
 "id": "Bin.1.86",
"label": "Bin.1.86",
"size":       24,
"opacity":     0.64,
"fx": -90.90909,
"fy":    -1000,
"fz": 166.6667,
"origX":        0,
"origY":        0,
"origZ":        0,
"seedArr": "notSeed",
"colorb": "#F9AB71",
"colorw": "#F9AB71" 
},
{
 "id": "Bin.1.82",
"label": "Bin.1.82",
"size":       24,
"opacity":     0.64,
"fx": -90.90909,
"fy":    -1000,
"fz": 166.6667,
"origX":        0,
"origY":        0,
"origZ":        0,
"seedArr": "notSeed",
"colorb": "#F9A96F",
"colorw": "#F9A96F" 
},
{
 "id": "Bin.1.78",
"label": "Bin.1.78",
"size":       24,
"opacity":     0.65,
"fx": -90.90909,
"fy":    -1000,
"fz": 166.6667,
"origX":        0,
"origY":        0,
"origZ":        0,
"seedArr": "notSeed",
"colorb": "#F9A86E",
"colorw": "#F9A86E" 
},
{
 "id": "Bin.1.74",
"label": "Bin.1.74",
"size":       24,
"opacity":     0.65,
"fx": -90.90909,
"fy":    -1000,
"fz": 166.6667,
"origX":        0,
"origY":        0,
"origZ":        0,
"seedArr": "notSeed",
"colorb": "#F9A66D",
"colorw": "#F9A66D" 
},
{
 "id": "Bin.1.70",
"label": "Bin.1.70",
"size":       24,
"opacity":     0.65,
"fx": -90.90909,
"fy":    -1000,
"fz": 166.6667,
"origX":        0,
"origY":        0,
"origZ":        0,
"seedArr": "notSeed",
"colorb": "#F8A46B",
"colorw": "#F8A46B" 
},
{
 "id": "Bin.1.66",
"label": "Bin.1.66",
"size":       24,
"opacity":     0.65,
"fx": -90.90909,
"fy":    -1000,
"fz": 166.6667,
"origX":        0,
"origY":        0,
"origZ":        0,
"seedArr": "notSeed",
"colorb": "#F8A26A",
"colorw": "#F8A26A" 
},
{
 "id": "Bin.1.62",
"label": "Bin.1.62",
"size":       24,
"opacity":     0.66,
"fx": -90.90909,
"fy":    -1000,
"fz": 166.6667,
"origX":        0,
"origY":        0,
"origZ":        0,
"seedArr": "notSeed",
"colorb": "#F8A069",
"colorw": "#F8A069" 
},
{
 "id": "Bin.1.58",
"label": "Bin.1.58",
"size":       24,
"opacity":     0.66,
"fx": -90.90909,
"fy":    -1000,
"fz": 166.6667,
"origX":        0,
"origY":        0,
"origZ":        0,
"seedArr": "notSeed",
"colorb": "#F89F68",
"colorw": "#F89F68" 
},
{
 "id": "Bin.1.54",
"label": "Bin.1.54",
"size":       24,
"opacity":     0.66,
"fx": -90.90909,
"fy":    -1000,
"fz": 166.6667,
"origX":        0,
"origY":        0,
"origZ":        0,
"seedArr": "notSeed",
"colorb": "#F89D66",
"colorw": "#F89D66" 
},
{
 "id": "Bin.1.50",
"label": "Bin.1.50",
"size":       24,
"opacity":     0.66,
"fx": -90.90909,
"fy":    -1000,
"fz": 166.6667,
"origX":        0,
"origY":        0,
"origZ":        0,
"seedArr": "notSeed",
"colorb": "#F89B65",
"colorw": "#F89B65" 
},
{
 "id": "Bin.1.46",
"label": "Bin.1.46",
"size":       24,
"opacity":     0.67,
"fx": -90.90909,
"fy":    -1000,
"fz": 166.6667,
"origX":        0,
"origY":        0,
"origZ":        0,
"seedArr": "notSeed",
"colorb": "#F79964",
"colorw": "#F79964" 
},
{
 "id": "Bin.1.42",
"label": "Bin.1.42",
"size":       24,
"opacity":     0.67,
"fx": -90.90909,
"fy":    -1000,
"fz": 166.6667,
"origX":        0,
"origY":        0,
"origZ":        0,
"seedArr": "notSeed",
"colorb": "#F79862",
"colorw": "#F79862" 
},
{
 "id": "Bin.1.38",
"label": "Bin.1.38",
"size":       24,
"opacity":     0.67,
"fx": -90.90909,
"fy":    -1000,
"fz": 166.6667,
"origX":        0,
"origY":        0,
"origZ":        0,
"seedArr": "notSeed",
"colorb": "#F79661",
"colorw": "#F79661" 
},
{
 "id": "Bin.1.34",
"label": "Bin.1.34",
"size":       24,
"opacity":     0.67,
"fx": -90.90909,
"fy":    -1000,
"fz": 166.6667,
"origX":        0,
"origY":        0,
"origZ":        0,
"seedArr": "notSeed",
"colorb": "#F79460",
"colorw": "#F79460" 
},
{
 "id": "Bin.1.30",
"label": "Bin.1.30",
"size":       24,
"opacity":     0.68,
"fx": -90.90909,
"fy":    -1000,
"fz": 166.6667,
"origX":        0,
"origY":        0,
"origZ":        0,
"seedArr": "notSeed",
"colorb": "#F7925F",
"colorw": "#F7925F" 
},
{
 "id": "Bin.1.26",
"label": "Bin.1.26",
"size":       24,
"opacity":      0.8,
"fx": -90.90909,
"fy":    -1000,
"fz":   -857.1,
"origX":        0,
"origY":        0,
"origZ": -0.61426,
"seedArr": "notSeed",
"colorb": "#F03B20",
"colorw": "#F03B20" 
},
{
 "id": "Bin.1.22",
"label": "Bin.1.22",
"size":       24,
"opacity":     0.68,
"fx": -90.90909,
"fy":    -1000,
"fz": 166.6667,
"origX":        0,
"origY":        0,
"origZ":        0,
"seedArr": "notSeed",
"colorb": "#F7905D",
"colorw": "#F7905D" 
},
{
 "id": "Bin.1.18",
"label": "Bin.1.18",
"size":       24,
"opacity":     0.68,
"fx": -90.90909,
"fy":    -1000,
"fz": 166.6667,
"origX":        0,
"origY":        0,
"origZ":        0,
"seedArr": "notSeed",
"colorb": "#F78F5C",
"colorw": "#F78F5C" 
},
{
 "id": "Bin.1.14",
"label": "Bin.1.14",
"size":       24,
"opacity":     0.68,
"fx": -90.90909,
"fy":    -1000,
"fz": 166.6667,
"origX":        0,
"origY":        0,
"origZ":        0,
"seedArr": "notSeed",
"colorb": "#F68D5B",
"colorw": "#F68D5B" 
},
{
 "id": "Bin.1.10",
"label": "Bin.1.10",
"size":       24,
"opacity":     0.69,
"fx": -90.90909,
"fy":    -1000,
"fz": 166.6667,
"origX":        0,
"origY":        0,
"origZ":        0,
"seedArr": "notSeed",
"colorb": "#F68B59",
"colorw": "#F68B59" 
},
{
 "id": "Bin.1.06",
"label": "Bin.1.06",
"size":       24,
"opacity":     0.69,
"fx": -90.90909,
"fy":    -1000,
"fz": 166.6667,
"origX":        0,
"origY":        0,
"origZ":        0,
"seedArr": "notSeed",
"colorb": "#F68958",
"colorw": "#F68958" 
},
{
 "id": "Bin.0.90",
"label": "Bin.0.90",
"size":       24,
"opacity":     0.69,
"fx": -90.90909,
"fy":    -1000,
"fz": 166.6667,
"origX":        0,
"origY":        0,
"origZ":        0,
"seedArr": "notSeed",
"colorb": "#F68757",
"colorw": "#F68757" 
},
{
 "id": "Bin.0.86",
"label": "Bin.0.86",
"size":       24,
"opacity":     0.69,
"fx": -90.90909,
"fy":    -1000,
"fz": 166.6667,
"origX":        0,
"origY":        0,
"origZ":        0,
"seedArr": "notSeed",
"colorb": "#F68656",
"colorw": "#F68656" 
},
{
 "id": "Bin.0.74",
"label": "Bin.0.74",
"size":       24,
"opacity":      0.7,
"fx": -90.90909,
"fy":    -1000,
"fz": 166.6667,
"origX":        0,
"origY":        0,
"origZ":        0,
"seedArr": "notSeed",
"colorb": "#F68454",
"colorw": "#F68454" 
},
{
 "id": "Bin.0.70",
"label": "Bin.0.70",
"size":       24,
"opacity":      0.7,
"fx": -90.90909,
"fy":    -1000,
"fz": 166.6667,
"origX":        0,
"origY":        0,
"origZ":        0,
"seedArr": "notSeed",
"colorb": "#F68253",
"colorw": "#F68253" 
},
{
 "id": "Bin.0.66",
"label": "Bin.0.66",
"size":       24,
"opacity":      0.7,
"fx": -90.90909,
"fy":    -1000,
"fz": 166.6667,
"origX":        0,
"origY":        0,
"origZ":        0,
"seedArr": "notSeed",
"colorb": "#F58052",
"colorw": "#F58052" 
},
{
 "id": "Bin.0.62",
"label": "Bin.0.62",
"size":       24,
"opacity":      0.7,
"fx": -90.90909,
"fy":    -1000,
"fz": 166.6667,
"origX":        0,
"origY":        0,
"origZ":        0,
"seedArr": "notSeed",
"colorb": "#F57E50",
"colorw": "#F57E50" 
},
{
 "id": "Bin.0.58",
"label": "Bin.0.58",
"size":       24,
"opacity":     0.71,
"fx": -90.90909,
"fy":    -1000,
"fz": 166.6667,
"origX":        0,
"origY":        0,
"origZ":        0,
"seedArr": "notSeed",
"colorb": "#F57D4F",
"colorw": "#F57D4F" 
},
{
 "id": "Bin.0.54",
"label": "Bin.0.54",
"size":       24,
"opacity":     0.71,
"fx": -90.90909,
"fy":    -1000,
"fz": 166.6667,
"origX":        0,
"origY":        0,
"origZ":        0,
"seedArr": "notSeed",
"colorb": "#F57B4E",
"colorw": "#F57B4E" 
},
{
 "id": "Bin.0.50",
"label": "Bin.0.50",
"size":       24,
"opacity":     0.71,
"fx": -90.90909,
"fy":    -1000,
"fz": 166.6667,
"origX":        0,
"origY":        0,
"origZ":        0,
"seedArr": "notSeed",
"colorb": "#F5794D",
"colorw": "#F5794D" 
},
{
 "id": "Bin.0.46",
"label": "Bin.0.46",
"size":       24,
"opacity":     0.71,
"fx": -90.90909,
"fy":    -1000,
"fz": 166.6667,
"origX":        0,
"origY":        0,
"origZ":        0,
"seedArr": "notSeed",
"colorb": "#F5774B",
"colorw": "#F5774B" 
},
{
 "id": "Bin.0.42",
"label": "Bin.0.42",
"size":       24,
"opacity":     0.75,
"fx": -90.90909,
"fy":    -1000,
"fz": -41.38333,
"origX":        0,
"origY":        0,
"origZ": -0.12483,
"seedArr": "notSeed",
"colorb": "#F25C38",
"colorw": "#F25C38" 
},
{
 "id": "Bin.0.38",
"label": "Bin.0.38",
"size":       24,
"opacity":     0.72,
"fx": -90.90909,
"fy":    -1000,
"fz": 166.6667,
"origX":        0,
"origY":        0,
"origZ":        0,
"seedArr": "notSeed",
"colorb": "#F4764A",
"colorw": "#F4764A" 
},
{
 "id": "Bin.0.34",
"label": "Bin.0.34",
"size":       24,
"opacity":     0.72,
"fx": -90.90909,
"fy":    -1000,
"fz": 166.6667,
"origX":        0,
"origY":        0,
"origZ":        0,
"seedArr": "notSeed",
"colorb": "#F47449",
"colorw": "#F47449" 
},
{
 "id": "Bin.0.30",
"label": "Bin.0.30",
"size":       24,
"opacity":     0.72,
"fx": -90.90909,
"fy":    -1000,
"fz": 166.6667,
"origX":        0,
"origY":        0,
"origZ":        0,
"seedArr": "notSeed",
"colorb": "#F47247",
"colorw": "#F47247" 
},
{
 "id": "Bin.0.26",
"label": "Bin.0.26",
"size":       24,
"opacity":     0.72,
"fx": -90.90909,
"fy":    -1000,
"fz": 166.6667,
"origX":        0,
"origY":        0,
"origZ":        0,
"seedArr": "notSeed",
"colorb": "#F47046",
"colorw": "#F47046" 
},
{
 "id": "Bin.0.22",
"label": "Bin.0.22",
"size":       24,
"opacity":     0.73,
"fx": -90.90909,
"fy":    -1000,
"fz": 166.6667,
"origX":        0,
"origY":        0,
"origZ":        0,
"seedArr": "notSeed",
"colorb": "#F46E45",
"colorw": "#F46E45" 
} 
],
"misc": "",
"ticks": {
 "x": [       -5,       -4,       -3,       -2,       -1,        0,        1,        2,        3,        4,        5 ],
"y": [       -5,       -4,       -3,       -2,       -1,        0,        1,        2,        3,        4,        5,        6,        7 ],
"z": [       -5,       -4,       -3,       -2,       -1,        0,        1,        2,        3,        4 ] 
},
"ticksLoading": {
 "x": [     -0.5,     -0.4,     -0.3,     -0.2,     -0.1,        0,      0.1,      0.2,      0.3,      0.4,      0.5,      0.6 ],
"y": [        0,     0.05,      0.1,     0.15,      0.2,     0.25,      0.3,     0.35,      0.4,     0.45,      0.5,     0.55,      0.6 ],
"z": [     -0.7,     -0.6,     -0.5,     -0.4,     -0.3,     -0.2,     -0.1,        0,      0.1,      0.2,      0.3,      0.4,      0.5 ] 
},
"axis": [ "Component1 (14.6%)", "Component2 (10.1%)", "Component3 (7%)" ],
"axisLoading": [ "Loading 1", "Loading 2", "Loading 3" ],
"metaCol": {
 "label": [ "control", "patient" ],
"color": [ "#E6194B", "#3CB44B" ],
"type": null 
} 
}