"","PC1","PC2","PC3","PC4","PC5","PC6","PC7","PC8","PC9","PC10","PC11","PC12","PC13","PC14","PC15","PC16","PC17","PC18","PC19","PC20","PC21","PC22","PC23","PC24","PC25","PC26","PC27","PC28","PC29","PC30","PC31","PC32","PC33","PC34","PC35","PC36","PC37","PC38","PC39","PC40","PC41","PC42","PC43","PC44","PC45","PC46","PC47","PC48","PC49","PC50"
"Bin.9.98",-0.054303,-0.0064102,0.052312,0.058437,0.00073397,0.0029257,0.16049,-0.090975,-0.10489,-0.18032,0.011516,-0.033747,0.059841,-0.007103,-0.17793,0.048458,-0.005043,-0.00071318,-0.011158,0.087981,-0.06865,-0.06733,-0.055744,0.21277,0.028636,-0.073824,0.039084,-0.092956,-0.10606,0.054795,0.040835,-0.014794,0.14551,0.017457,0.10566,-0.0045439,-0.0033498,0.15158,-0.014928,-0.0040769,-0.079658,0.17969,-0.024166,0.1181,-0.18908,0.076674,0.021977,-0.14196,-0.11847,-0.086612
"Bin.9.94",-0.0060823,0.0023413,0.055289,0.074552,0.048705,0.012639,0.22127,-0.0060287,-0.071029,-0.1713,-0.001248,0.054047,0.0079584,0.0071908,-0.016187,-0.011382,0.067065,-0.14759,0.031119,0.054251,-0.17149,0.0057416,0.16297,0.1844,0.038423,-0.040262,-0.097404,-0.095009,-0.13955,0.023449,0.061431,-0.011815,0.092151,-0.074748,0.10095,-0.059452,-0.059939,-0.060178,-0.18948,-0.044274,-0.064314,0.17058,-0.18413,-0.03324,0.066718,-0.072997,-0.042602,0.073585,-0.0058336,-0.067498
"Bin.9.90",-0.046581,0.032734,0.053863,0.096098,0.021333,-0.024963,0.14251,-0.14117,0.045627,-0.12058,0.048825,0.035125,0.1013,0.035405,-0.098421,-0.002434,0.0027713,-0.09673,0.12521,-0.012893,-0.0764,0.101,0.096058,0.040473,0.1616,-0.15574,0.064232,0.1217,-0.021951,-0.037207,0.018194,-0.07294,0.0046368,-0.098828,-0.043096,-0.10386,0.064531,0.096958,0.12384,-0.12321,0.12112,-0.13435,-0.00027313,-0.068872,-0.092084,-0.0043522,0.11218,0.13073,0.19001,-0.0051355
"Bin.9.86",-0.044092,0.019803,0.039451,0.054623,-0.0018087,0.038815,0.1711,0.092649,0.014504,-0.11553,0.14843,0.052481,0.041224,-0.0061672,-0.10013,0.095322,-0.16277,0.035948,0.059212,-0.00066596,-0.15242,-0.076291,0.14919,0.18631,0.014714,0.12024,0.056348,0.0044964,0.15479,0.11391,-0.016913,-0.098585,-0.07619,0.10256,-0.060896,0.044693,0.073053,-0.13637,0.12686,-0.032649,-0.00017106,0.050818,0.080593,0.07235,0.1706,-0.0084464,-0.034922,-0.037147,0.018102,-0.049387
"Bin.9.82",-0.057632,0.002399,0.029801,0.088911,-0.041334,0.0087047,0.1592,0.044877,-0.061227,-0.082785,0.029988,0.039636,-0.020221,-0.042919,-0.10555,0.11157,-0.25892,-0.041601,0.05137,-0.069256,-0.00084052,-0.032027,0.070223,0.10783,-0.10455,0.14582,0.1784,0.11715,0.092082,0.11836,-0.052,0.077227,-0.097438,-0.010721,-0.13486,-0.044286,-0.049424,-0.0070558,0.18365,-0.13676,-0.041179,-0.032619,0.029411,-0.080037,0.06843,0.048467,-0.068517,-0.02416,0.003161,-0.033306
"Bin.9.78",-0.024838,0.017429,0.053216,0.14683,-0.058775,0.026322,-0.0038064,-0.056449,0.0071792,-0.065805,0.095994,0.0078998,0.15503,-0.046694,-0.06484,-0.084449,-0.14873,-0.096468,-0.063874,0.012584,0.0035709,0.21974,0.0021379,-0.058702,-0.15487,0.069125,-0.045145,-0.026188,-0.21487,0.045666,0.046666,0.3224,0.011889,0.0116,-0.012532,0.0076492,0.060129,-0.19176,-0.03364,-0.14011,-0.0051927,-0.10102,0.13199,0.075783,0.016506,0.14701,-0.070897,-0.031779,0.028639,0.16659
"Bin.9.74",-0.080561,0.024193,0.055539,0.10078,-0.0055507,-0.010041,0.10108,-0.038183,-0.066291,-0.01307,0.10063,0.00049998,-0.009006,0.025785,-0.11088,0.17467,0.038068,-0.055769,-0.034017,-0.13716,0.10099,-0.015455,-0.19826,-0.096616,-0.13442,-0.018983,0.061097,0.1067,-0.037148,0.12788,0.022095,-0.11383,0.1285,0.0076434,-0.16723,0.0068033,-0.00097392,0.06608,0.07143,0.049073,-0.041402,-0.028985,0.032726,0.081453,0.024466,0.052271,-0.076677,-0.03318,-0.092522,0.16249
"Bin.9.70",0.015203,0.038736,0.022857,0.13478,0.05323,-0.049113,0.10324,-0.037019,-0.024635,-0.10099,0.097587,0.023463,0.11155,0.11495,-0.14696,-0.090898,0.17455,-0.022647,-0.038702,0.036456,-0.16614,-0.07153,-0.030239,-0.06985,0.0034432,0.10965,-0.04507,-0.10867,0.054531,-0.18484,-0.14279,0.048735,-0.079466,-0.061668,-0.055608,-0.098742,0.084758,-0.012117,-0.099276,-0.070011,0.068404,0.025512,-0.045626,0.2085,0.0017486,0.0052817,0.18275,-0.11851,0.073604,0.060507
"Bin.9.66",-0.05596,0.049161,0.034868,0.096138,-0.017701,0.08096,0.14484,0.09124,-0.058159,-0.098407,-0.037612,0.092209,0.022746,-0.034255,-0.053693,0.17093,0.033915,-0.026332,0.0043999,-0.041911,0.030721,-0.028912,-0.19323,-0.078884,-0.15184,-0.095313,0.070887,0.028692,-0.023412,0.0007165,0.11646,-0.13765,-0.02685,-0.0086612,0.024231,-0.018532,0.078262,-0.10037,-0.0058389,0.054759,0.048914,0.03998,-0.1249,-0.18936,-0.089386,0.062804,0.052794,-0.072932,0.071436,-0.10807
"Bin.9.62",-0.066031,0.052824,0.03732,0.10556,0.012791,-0.013933,0.15489,-0.037267,-0.030219,-0.098106,0.12147,0.022651,0.032608,-0.020281,-0.061032,0.075657,0.04145,0.08769,-0.025695,-0.025038,0.1169,0.063464,0.10636,-0.14364,0.10638,0.097672,-0.097861,0.088266,0.037983,-0.12937,0.12952,-0.11248,-0.13124,-0.0025049,0.062317,0.055757,-0.0020483,0.005332,0.040931,-0.10965,-0.046554,-0.004603,-0.0094384,0.12397,0.099701,0.0019272,-0.025588,0.16484,-0.011457,-0.038968
"Bin.9.58",-0.057186,0.037312,0.044629,0.099592,-0.005254,0.02966,0.20467,0.044876,0.047036,0.059774,0.10065,0.019895,0.048893,-0.0075675,-0.075021,0.10709,-0.020843,0.062609,-0.087804,0.06735,0.068603,-0.054647,-0.01247,-0.19726,-0.0092156,0.081923,0.027229,0.029905,-0.069878,0.11288,0.084333,-0.030196,0.022566,-0.14429,-0.017635,0.2014,0.12688,-0.024184,0.1371,-0.011791,-0.10686,-0.060642,-0.1109,0.1268,-0.068105,-0.055045,0.054444,0.053704,0.02272,0.22618
"Bin.9.54",-0.03986,0.04639,0.03386,0.11277,-0.035861,0.0058906,0.086662,-0.025209,0.043276,-0.12485,0.099107,0.028881,0.071544,0.088117,0.075556,-0.0031979,-0.031277,0.077416,0.019822,0.061049,0.081228,0.32435,-0.032862,-0.19929,0.005916,0.014274,-0.039891,-0.040754,0.13621,-0.0032584,-0.17517,0.1329,0.13655,-0.12817,-0.088703,-0.15283,0.027218,0.07652,-0.00042892,0.178,0.049267,0.0931,-0.001212,-0.14935,0.14726,0.066122,-0.056362,-0.082606,-0.14118,-0.0092484
"Bin.9.50",-0.050475,0.073972,0.060152,0.016556,-0.046751,0.041036,0.097219,-0.00031343,0.048419,-0.14091,0.11225,0.086366,0.076262,0.00010379,0.11923,0.087013,0.087909,-0.030476,-0.058599,-0.043108,0.062218,0.012598,-0.22255,0.0055982,0.01018,-0.20798,0.079562,-0.040961,0.077023,0.090528,-0.008789,0.05979,0.016431,0.19112,0.029789,0.11378,-0.061416,0.033354,-0.1469,0.038283,0.044188,-0.14556,0.034884,0.080074,-0.036726,-0.064835,-0.098978,0.039762,-0.042524,0.075417
"Bin.9.46",-0.054923,0.059364,-0.001918,0.041711,-0.10189,-0.014423,-0.0025852,-0.062121,0.058961,-0.038459,0.053345,-0.079025,0.064553,0.12464,-0.085348,-0.15861,0.068173,-0.1309,0.10276,-0.074419,-0.15273,0.1138,-0.15522,0.16249,0.051246,-0.050624,-0.021509,-0.091613,0.11754,0.076858,-0.11366,-0.062803,-0.049506,0.033186,-0.017357,-0.076442,-0.13985,-0.054765,0.17318,0.049565,-0.17902,0.080962,0.19827,-0.21236,-0.03967,-0.080616,-0.097161,0.10783,-0.081051,0.080765
"Bin.9.42",-0.045232,0.085599,0.019011,0.041274,-0.050265,0.055232,0.12732,0.074546,0.086598,-0.1384,0.051619,0.11101,0.053317,-0.05791,0.067928,-0.046954,0.078241,-0.026057,-0.069835,-0.0033129,0.070832,0.087949,-0.13394,0.03659,0.072297,-0.073775,0.045736,0.021311,0.12155,-0.051701,0.035708,-0.038958,-0.16019,0.19105,0.057328,0.046998,-0.12516,0.08721,-0.04862,-0.02987,0.11031,0.03652,0.031348,0.029918,-0.16031,-0.098969,0.020563,0.082476,0.022857,0.16905
"Bin.9.38",-0.10119,0.091689,0.03391,0.057219,-0.068819,0.028306,-0.0015148,0.064271,0.086019,0.02761,0.036667,-0.019378,0.030062,-0.040377,0.0050292,-0.058802,0.050922,-0.028111,-0.062358,0.077151,0.0076824,0.017013,0.018862,0.05332,-0.015195,-0.0016086,0.0090717,-0.022264,0.022903,0.004919,0.016302,-0.0061464,0.022071,0.067284,-0.039821,0.04671,0.053422,0.052372,0.11627,-0.011204,0.12198,0.04395,-0.039664,0.079583,-0.027593,-0.059018,-0.049534,0.055862,-0.080658,-0.29166
"Bin.9.34",-0.045784,0.068186,0.02752,0.15812,0.017359,-0.020359,0.089766,0.064851,0.064756,-0.014057,-0.025664,0.12231,-0.020736,-0.058445,0.0069972,-0.05229,0.10886,-0.11881,-0.15803,0.062548,0.041275,-0.025553,-0.087462,-0.10667,0.039874,0.039232,-0.049838,0.084437,0.13835,-0.024908,0.047575,0.01063,0.12438,0.016199,0.032458,-0.13504,-0.027347,0.12316,-0.055362,0.0040517,-0.01381,0.065721,0.025572,0.10289,0.0010746,-0.077789,-0.066056,0.043072,-0.055162,-0.2282
"Bin.9.30",-0.088626,0.063581,-0.034327,0.043455,-0.085588,0.062991,0.048555,0.13709,0.1171,0.054472,-0.098659,0.03682,-0.031385,-0.043796,-0.052126,-0.040043,-0.011804,-0.068507,0.035777,0.095685,-0.035198,0.0061538,-0.014259,0.050199,-0.015219,0.00069361,0.02021,-0.0192,-0.079031,-0.0045539,-0.0018968,0.020151,-0.088847,-0.022023,-0.0080074,0.064013,-0.036526,0.1045,0.074934,0.077191,-0.0021884,0.011698,-0.058871,-0.0089678,-0.0084589,-0.089757,0.037139,0.016293,-0.056462,0.10353
"Bin.9.26",-0.0064744,0.024945,-0.056337,0.042091,-0.00040194,0.07462,0.16651,0.23191,0.043671,0.024874,-0.13945,0.06014,-0.035128,-0.0033406,-0.03652,0.00075909,-0.059386,-0.11336,0.14357,0.038836,-0.040967,-0.036619,-0.077434,-0.06448,-0.050308,0.014737,0.001461,-0.099922,-0.094264,-0.020092,0.053074,0.026928,-0.19041,-0.019897,0.057039,0.0069326,-0.036574,-1.0639e-05,0.053249,0.13978,0.0059268,0.035617,-0.071614,-0.063222,0.15667,0.011093,0.044291,-0.059434,-0.076869,-0.0097087
"Bin.9.22",-0.047041,0.088792,0.038699,0.017365,-0.048451,0.10188,-0.011952,0.0096889,0.020901,0.016517,-0.018868,0.016671,0.070812,0.082535,0.049897,0.0084147,0.17704,-0.019172,0.23708,-0.18503,-0.097531,0.023773,0.059507,0.073745,-0.12139,-0.11644,0.072526,-0.067587,0.14262,0.070218,0.017571,0.081029,0.02522,0.023321,0.049863,-0.033807,-0.048435,-0.18077,-0.022824,-0.13401,-0.13075,-0.19127,-0.17926,0.082613,0.18613,0.026948,0.024283,0.024169,-0.0045395,-0.26931
"Bin.9.18",-0.060535,0.071034,0.070706,0.096737,0.016927,0.037302,0.023695,-0.024407,-0.025953,-0.044554,-0.024943,0.074192,0.071796,0.066289,0.10616,-0.1352,0.098942,0.13862,-0.10777,0.11729,0.14683,-0.099893,-0.15076,-0.023969,-0.045375,0.069386,-0.060939,0.06514,-0.018896,0.052423,-0.043429,-0.022978,-0.055151,-0.066531,0.21349,-0.13211,-0.088178,-0.097331,0.01865,0.011338,0.0041177,-0.028339,-0.041471,-0.10801,-0.053478,-0.049979,0.057789,-0.047384,-0.027782,-0.071793
"Bin.9.14",-0.090808,0.00050164,-0.037608,0.0062212,-0.0061112,-0.063182,0.094429,-0.10121,0.10379,0.12283,-0.095021,-0.049309,0.21016,0.035052,0.0429,-0.0050495,-0.041283,0.04987,-0.027241,-0.10787,-0.058859,0.0089313,-0.0056712,0.011078,0.0079165,0.095514,0.096931,-0.10333,-0.055744,0.055933,0.021718,-0.039293,-0.0012327,-0.053276,0.089092,-0.015228,0.036551,0.0098443,-0.081725,0.070953,0.088062,-0.015511,0.048469,-0.0014736,0.0095184,0.0039503,-0.060306,0.013324,-0.028943,0.051611
"Bin.9.10",-0.1246,0.075161,0.0098174,0.012644,-0.078454,0.0072185,-0.03956,0.010733,0.02229,-0.012245,-0.02136,-0.041136,0.02698,0.0055156,0.012806,-0.056303,0.0014687,0.021462,0.019409,0.011996,0.016376,-0.012821,0.0021871,-0.010071,-0.019096,0.073608,0.023386,-0.069413,-0.024779,0.005196,-0.031121,-0.018268,0.018787,0.028305,-0.020133,0.054165,0.050986,0.030626,0.088952,0.036719,0.072397,0.017191,-0.075585,0.037941,0.02245,0.057495,-0.048793,0.074584,0.017706,-0.091146
"Bin.9.06",-0.11405,0.076875,-0.00063988,0.01035,-0.073085,0.015654,-0.068713,-0.02719,0.055386,0.00071495,-0.048483,-0.020157,0.036601,0.051919,-0.0040012,-0.080472,0.047416,0.017838,0.035524,0.032298,0.053433,-0.080229,0.00989,0.019973,-0.071967,-0.058343,0.045946,-0.059575,-0.055215,0.062119,-0.061103,-0.066893,-0.053938,-0.045174,0.010684,0.081917,0.047624,-0.0081208,0.06267,-0.094285,0.068279,0.09128,0.067309,0.040075,-0.018682,-0.014496,0.014038,-0.0076817,0.0074972,-0.069718
"Bin.9.02",-0.11149,0.094461,0.012598,0.023884,-0.05224,-0.025996,-0.059727,0.028943,0.054703,-0.010253,-0.017783,-0.048971,0.025657,-0.0068363,-0.010518,-0.0037649,0.00063574,0.03414,0.078628,-0.045688,0.0099504,-0.020371,0.04662,0.023357,-0.020596,-0.0088654,-0.0064164,-0.038663,0.057925,-0.030047,-0.011733,0.023126,0.088604,0.00036681,-0.037996,-0.029793,0.043147,0.035361,-0.047189,0.079638,0.099274,-0.076776,-0.10793,0.043785,0.032075,0.033829,-0.065507,0.083887,0.063748,-0.017174
"Bin.8.98",-0.0061785,0.099047,-0.089355,0.11163,-0.066782,0.059135,-0.0463,0.017864,-0.00023533,0.044482,0.022851,-0.0012861,-0.038903,0.1043,-0.065316,0.018554,0.060809,-0.099113,0.12951,0.024159,0.1607,-0.12989,0.019964,-0.055296,0.039143,-0.11579,0.044457,-0.08525,-0.070471,-0.0064488,-0.050864,0.098782,0.049095,-0.0035371,0.010351,0.036592,-0.10844,0.077079,0.029559,-0.051914,0.065782,0.11432,-0.022128,0.03605,0.11487,0.1385,0.10721,0.078933,-0.12702,0.18514
"Bin.8.94",-0.099415,0.10887,0.027562,0.034568,-0.055583,0.0060903,-0.079306,0.028626,0.031736,0.01923,0.0023305,-0.019659,0.025672,-0.0034098,-0.00041986,-0.016841,0.021719,0.0057886,0.041601,0.042031,0.035759,-0.023546,0.010581,-0.0084818,0.094152,0.025405,-0.0051992,-0.089782,0.045868,-0.012661,-0.020503,0.03107,0.047024,0.043385,-0.044992,-0.064711,-0.014267,-0.010689,0.026436,-0.043521,-0.038579,-0.059293,-0.039753,0.087402,0.0741,-0.027174,-0.04024,0.028693,0.056641,0.084885
"Bin.8.90",-0.050436,0.10711,-0.05868,0.083335,-0.083669,0.06103,-0.059564,0.060526,-0.0063613,0.034758,0.018175,-0.014049,-0.020491,0.097074,-0.080396,-0.0067047,0.070052,-0.060725,0.13893,0.012701,0.065941,-0.096128,0.028937,-0.023313,0.071446,-0.10663,-0.019287,-0.077531,-0.059823,-0.032083,-0.038833,0.058941,0.0083963,0.038942,0.026829,0.040029,0.011485,0.056797,-0.077381,-0.021486,0.06569,0.12185,0.051421,0.038795,0.016244,0.094677,-0.044167,-0.029643,0.097351,0.0047635
"Bin.8.86",-0.078557,0.03774,-0.053725,-0.016626,-0.0022511,-0.055123,0.083663,-0.090508,0.12907,0.14663,-0.063229,-0.03819,0.21672,0.043769,0.047171,-0.015372,-0.048722,0.073262,-0.014836,-0.10731,-0.043013,0.051625,0.013075,0.018578,0.02565,0.060257,0.13156,-0.063683,-0.030558,0.074816,-0.0057829,-0.048968,0.01512,-0.00048451,0.026555,0.023289,0.00033751,0.028143,-0.10797,0.012787,0.079293,0.033795,0.024327,0.053824,0.037966,-0.0037652,0.017907,-0.026442,-0.036663,-0.079925
"Bin.8.82",-0.10084,0.017146,-0.035579,-0.022987,-0.0017533,-0.04462,0.096821,-0.055241,0.078016,0.12339,-0.076871,-0.075936,0.19725,0.031198,0.058454,-0.038302,-0.063155,0.047926,-0.020122,-0.094529,-0.050993,0.02648,-0.012369,-0.016791,0.02414,0.11907,0.089215,-0.084753,-0.064389,0.081328,0.028739,-0.069814,0.031805,0.017645,0.047952,0.033426,-0.026681,0.017945,-0.033842,0.048345,0.090555,-0.0067677,-0.04406,-0.00328,0.016512,0.058178,0.037833,0.025204,-0.030121,0.011747
"Bin.8.78",-0.0036387,0.10904,-0.023456,-0.03405,0.089712,-0.05554,0.087352,0.0092991,0.04452,-0.081956,-0.080829,-0.021566,0.05237,0.071131,0.073237,-0.11772,-0.10859,0.024545,-0.034647,0.046641,0.12139,-0.12487,-0.062164,0.019143,-0.22364,-0.075221,0.062702,-0.10198,-0.034846,-0.022802,-0.081802,-0.12618,-0.044043,-0.029207,0.042569,0.061395,-0.013211,0.064774,-0.043013,-0.18995,0.10764,-0.087364,-0.013358,0.036639,0.015957,0.076995,-0.078037,-0.095306,0.088655,0.14597
"Bin.8.74",-0.0086381,0.082836,0.06875,0.023645,0.14047,-0.088232,-0.009815,0.046209,0.088486,-0.0064235,0.068976,0.034402,-0.077224,0.067375,0.11758,-0.17651,0.081903,-0.020502,-0.1173,0.034249,0.033106,-0.13573,-0.021099,-0.035431,0.016855,0.10942,0.0055755,0.03593,-0.064953,0.11429,-0.015609,-0.081708,-0.12361,0.0038082,0.00061219,0.033136,-0.022221,-0.086903,0.022336,-0.080156,0.0019524,0.0945,0.089592,0.012647,-0.011856,-0.013612,0.00097315,-0.029392,-0.090499,-0.16227
"Bin.8.70",0.0015427,0.080089,0.062476,0.049814,0.12567,-0.097058,0.010299,0.032024,0.1142,0.0024564,0.11183,0.071947,-0.082928,0.0070354,0.078957,-0.076692,0.11775,-0.018715,-0.18299,-0.032452,-0.063945,-0.038791,0.040599,-0.023811,0.14663,0.19537,0.037105,-0.0058652,0.027625,0.0031991,-0.0065085,-0.03128,-0.054488,0.055536,-0.1035,-0.0051109,-0.050614,-0.048314,-0.096219,0.023088,-0.061028,-0.0052825,-0.085058,0.052624,-0.066402,0.0067568,-0.032313,-0.043144,-0.0017643,0.041427
"Bin.8.66",0.0054591,0.14303,-0.00059942,0.039779,0.10332,-0.044944,0.014981,0.037742,0.022269,-0.080293,0.0090981,-9.3311e-05,-0.066479,0.064585,0.047893,0.0055124,-0.02706,0.0023459,-0.010474,-0.105,0.0095371,-0.034492,-0.04053,0.012179,0.00203,0.0015861,0.04253,-0.0096665,-0.10755,-0.078653,-0.010789,0.0017574,-0.098418,0.020642,0.0076931,0.048757,0.0039738,-0.012861,0.022468,-0.096442,-0.021185,-0.044095,-0.05977,-0.01957,-0.034212,-0.027481,-0.081603,0.016115,0.011727,-0.015533
"Bin.8.62",-0.0016015,0.083166,0.038847,0.043758,0.14264,-0.14749,-0.041871,0.048217,0.095154,-0.035342,0.00086214,0.049124,-0.13248,0.015158,-0.0013531,-0.058888,0.079748,-0.097612,-0.055466,-0.10423,-0.12625,-0.022338,0.069522,-0.078207,0.011737,-0.040189,0.08082,0.057245,-0.10862,0.011946,0.021181,0.041897,-0.0085948,-0.045824,-0.018723,-0.052447,0.055308,-0.022042,-0.007145,-0.0035046,0.1021,0.023463,-0.005017,0.015358,-0.03476,0.032386,-0.040358,-0.028809,0.055737,0.10494
"Bin.8.58",-0.0087591,0.13703,0.0090074,0.057948,0.11086,-0.079497,-0.043896,0.069937,-0.021907,-0.0080089,-0.022011,-0.04509,0.00060117,0.065246,6.3304e-05,0.0010587,-0.014973,-0.043666,0.027962,-0.062951,0.015026,-0.067883,0.0024568,-0.018457,0.061809,-0.09201,-0.021845,0.02032,0.0060813,-0.025323,0.087649,-0.015313,0.0025758,-0.022402,0.017109,-0.068746,-0.0095743,0.0098063,0.031563,0.038124,0.019673,0.02884,-0.026412,-0.029668,0.040713,-0.028446,0.041507,-0.074875,-0.0036462,0.078352
"Bin.8.54",-0.077268,-0.021673,-0.081008,0.052372,0.073331,-0.11202,-0.071336,0.073893,-0.087712,-0.13448,-0.075556,-0.07676,0.081581,0.085846,-0.039737,0.039223,-0.053941,0.024617,0.031997,-0.13896,-0.002265,-0.085025,0.025391,0.053505,0.0098034,0.07845,-0.091599,0.11126,-0.009527,-0.038547,0.0051347,-0.026205,-0.018059,-0.014194,-0.063547,-0.082862,-0.096884,0.035794,-0.028336,0.061527,0.019784,0.011631,-0.11053,-0.0055097,-0.097228,-0.012032,0.026757,0.083263,-0.10069,0.080715
"Bin.8.50",-0.043582,0.086287,-0.052496,0.023804,0.10755,-0.087688,-0.044665,0.035991,-0.13472,-0.10843,-0.024422,-0.078362,0.074936,0.060013,0.073988,0.015772,-0.06799,-0.01552,0.073392,-0.15184,0.01965,-0.11134,0.0014713,-0.054989,-0.0055158,0.064154,-0.10403,0.067196,-0.13097,-0.016174,-0.033565,-0.081962,-0.035358,0.037156,-0.048085,0.00078167,-0.014268,0.019414,-0.030076,0.14313,0.030815,-0.16252,-0.080624,0.10168,0.0097349,0.076289,-0.025298,0.016296,0.11688,-0.12549
"Bin.8.46",0.0063805,0.062644,-0.043699,0.067326,0.018102,-0.0052223,-0.098812,-0.014645,-0.11157,-0.060697,0.2044,-0.085667,-0.0037464,0.043958,0.10882,0.075696,-0.015593,0.16992,-0.047345,0.11443,-0.023371,-0.10488,0.19962,0.013236,-0.089912,-0.10402,0.20075,0.089708,0.16181,-0.10506,-0.00012354,0.031248,0.048304,-0.029809,0.042773,0.1234,-0.035551,0.12531,0.046162,0.03433,-0.045112,0.18099,-0.11528,0.030661,0.14708,0.070469,-0.10931,0.028007,0.025683,0.040811
"Bin.8.42",0.019361,0.12504,0.0020112,0.038964,0.13854,-0.075521,-0.011254,0.076476,-0.041121,0.024432,-0.013035,-0.09045,-0.01315,0.033739,0.03536,-0.04467,-0.042211,0.0031811,0.03335,-0.048283,0.060377,-0.093031,-0.029131,-0.022791,-0.0092724,-0.065591,0.0066171,-0.020446,0.0026308,-0.016939,0.032039,-0.12093,0.059124,-0.013916,0.04845,0.020057,0.032769,-0.044705,0.054347,-0.0044563,0.057165,0.0086995,0.12181,-0.052203,0.078189,-0.0027329,0.027561,0.10829,-0.11242,0.076994
"Bin.8.38",0.034498,0.12418,-0.016702,0.085059,0.10527,-0.082817,-0.023819,0.036411,0.040484,0.069359,0.026823,-0.031432,-0.0058798,-0.01995,-0.017414,0.091808,-0.030786,-0.071983,-0.047127,-0.03403,-0.01272,0.047758,0.04203,-0.058472,0.11302,-0.023915,0.0095951,-0.0097316,0.065179,-0.0099066,-0.00016616,-0.038858,0.073054,-0.028524,-0.028468,-0.020412,-0.010059,-0.081379,0.023177,-0.053597,-0.039959,0.026947,-0.016138,-0.025857,-0.088477,-0.10668,0.033893,0.075324,-0.00048368,-0.028264
"Bin.8.34",0.015389,0.10371,-0.032884,0.13332,0.041998,0.090821,-0.064102,-0.0089004,0.043832,0.063077,0.080074,0.020309,-0.050829,0.10293,0.0096445,0.14855,0.018263,0.016793,0.10813,-0.032035,0.0096819,0.0037527,0.028978,0.01303,-0.023819,-0.058391,-0.13791,0.019312,-0.051596,0.027233,-0.12672,0.0095397,-0.042918,-0.074449,-0.0014678,-0.068979,0.054557,0.013583,-0.037252,0.035993,0.06392,0.0019432,-0.025089,-0.070495,-0.15009,0.055508,0.21062,-0.053425,0.06893,-0.065116
"Bin.8.30",0.013883,0.13312,-0.01985,0.045977,0.10407,0.074666,-0.039535,0.039412,-0.00086784,0.0060085,-0.0074884,0.0042752,0.017876,0.084845,0.047892,-0.033129,-0.038381,0.087191,0.01457,-0.013367,-0.012458,0.045692,-0.11808,0.06403,0.070993,0.055147,-0.035942,0.064629,-0.087922,0.034307,0.030482,0.067266,0.081532,0.027247,-0.060354,0.093552,-0.0091932,0.0071846,-0.027368,0.026599,-0.26609,-0.01719,-0.09661,0.0094263,-0.05877,-0.058816,0.098597,0.047484,0.059558,-0.0022218
"Bin.8.26",0.031162,0.13321,-0.032402,0.057566,0.10623,-0.027973,-0.032835,0.041512,0.025003,0.022462,-0.021508,-0.0057641,0.02512,-0.0035888,0.055593,-0.03859,-0.0045836,-0.06097,-0.0033831,0.065959,-0.1001,-0.086136,-0.050516,0.062971,0.039692,-0.053757,0.0083253,0.095909,0.01728,0.025704,0.013697,-0.013555,0.056048,0.06905,-0.0072967,0.12533,0.028462,-0.10544,0.084982,0.0070392,-0.10138,0.0049889,0.17762,-0.12682,0.048304,-0.09881,-0.021275,-0.092258,0.064753,0.008975
"Bin.8.22",0.048558,0.082131,-0.093466,0.13022,0.057752,-0.0084961,-0.073045,0.098575,0.023144,0.0029069,0.003049,0.047183,-0.081318,0.038459,0.095316,0.035113,-0.095903,-0.062623,-0.020176,0.017303,0.042094,0.011915,-0.024472,0.011626,-0.04563,-3.4889e-05,-0.011944,-0.047755,0.096878,0.050452,-0.11565,0.064851,-0.071596,-0.079142,-0.051514,-0.061756,0.054517,0.027048,-0.056222,0.065389,0.049176,0.039223,0.13522,0.076356,-0.071606,0.20911,-0.084338,0.14826,0.0014872,-0.12463
"Bin.8.18",-0.00046638,0.035842,-0.041508,0.1252,0.036323,0.0053982,-0.09384,0.19689,-0.13171,-0.027857,0.0076253,-0.048372,-0.049015,0.12658,0.043284,0.089884,-0.10396,0.007946,-0.064843,0.086132,0.027906,0.029413,0.037427,-0.016823,0.054973,0.0011204,-0.13136,-0.25612,-0.00055927,0.024489,-0.069768,0.0099105,0.022719,-0.10128,-0.042869,0.059393,0.13653,0.14355,-0.048809,-0.023785,-0.049428,-0.0028749,-0.025032,-0.012272,-0.13208,-0.06431,-0.13622,-0.019329,-0.078136,-0.0061518
"Bin.8.14",0.022127,0.12559,0.011358,0.069503,0.098386,0.011732,-0.040238,0.038065,0.031021,0.062913,0.020465,-0.083817,0.024612,0.057412,0.044258,-0.014263,-0.019449,0.058416,0.040961,0.0098143,0.0031227,-0.039517,-0.01406,0.062956,0.12985,0.02449,0.049742,0.0096042,0.19441,0.020947,0.21986,-0.014293,0.078307,-0.092942,-0.081355,0.087709,0.082005,-0.029443,-0.16504,-0.035121,-0.12471,0.018791,0.094941,-0.023638,0.040626,0.13923,-0.05132,0.034692,0.025274,0.02539
"Bin.8.10",-0.034866,0.058343,-0.064384,0.021832,0.078062,-0.055107,0.073811,-0.060919,0.1339,0.11619,-0.081195,-0.16914,0.18632,0.043877,0.03556,-0.004828,-0.11528,0.061694,0.088582,-0.10955,0.0040352,0.067942,0.019452,-0.0094659,0.04321,0.0032158,0.14018,-0.024126,-0.097098,0.047342,-0.039967,0.058225,0.0768,0.012838,-0.0025247,0.11707,-0.042293,0.026046,-0.020892,-0.013799,0.022101,0.076385,0.07532,0.02999,-0.003975,-0.0010653,0.086442,0.014691,-0.10456,-0.06597
"Bin.8.06",-0.028924,0.074835,-0.057323,0.085896,0.032954,-0.054104,0.069487,0.030236,0.1129,0.079964,0.0080562,-0.16067,0.18409,0.032461,0.050645,0.11999,-0.010791,0.0050644,-0.03982,-0.085747,0.018658,0.04786,0.0001798,0.026015,0.040912,0.099384,0.018282,-0.036567,0.11066,-0.24721,-0.042614,0.06374,-0.0058158,0.034006,-0.022598,0.13401,-0.089148,-0.14397,-0.075444,-0.026892,-0.13559,0.030629,-0.070003,-0.14362,-0.054625,-0.0085608,0.055418,-0.21648,0.052639,0.082602
"Bin.8.02",-0.018415,0.037186,-0.025769,0.17159,0.057562,-0.039303,-0.040958,0.14771,-0.014908,0.0059977,0.056018,-0.049721,0.077394,0.073412,0.097729,0.092524,-0.094679,0.02917,0.070063,0.036406,-0.044158,0.0094393,0.079122,0.060572,0.066145,-0.03086,-0.23382,-0.047733,0.19012,0.1703,-0.0028831,-0.12817,0.025866,0.0082308,0.16535,-0.011872,-0.016156,-0.07412,0.036932,0.10077,0.063016,0.018709,0.057813,0.05675,-0.04408,-0.031363,-0.054527,0.04826,0.13399,0.086776
"Bin.7.98",-0.016485,-0.013974,0.088852,0.031787,0.070357,0.18435,-0.067094,0.11162,0.031258,-0.019136,0.022574,-0.035359,0.031937,-0.0050432,-0.11292,-0.10132,-0.10546,0.21438,-0.05797,-0.088722,-0.11153,0.02235,-0.079897,0.052732,0.0063321,0.062355,-0.058543,0.15855,0.012923,0.022698,0.1299,0.017445,-0.08982,-0.13186,-0.058491,-0.082462,-0.15936,-0.006714,-0.077695,0.055759,0.10238,0.18687,-0.086071,0.094579,-0.07286,0.059562,0.074703,-0.080836,-0.050062,-0.021689
"Bin.7.94",-0.033994,0.0072386,-0.033156,-0.00016694,0.013608,0.054701,-0.11936,-0.072123,0.1563,0.08758,-0.21421,-0.015243,0.062445,0.026774,-0.028647,0.090516,-0.13167,-0.1509,-0.09563,-0.059964,0.020898,0.05189,-0.012016,-0.15461,0.059084,-0.25074,-0.12285,-0.008416,0.061714,-0.037177,0.22351,-0.070932,0.0063483,0.075632,0.027898,-0.097134,0.053407,0.044153,0.11101,-0.018536,-0.077583,-0.0054595,-0.13323,0.15436,0.076688,0.0094889,-0.046883,-0.11353,0.075615,-0.042662
"Bin.7.90",0.036229,0.023396,0.051205,-0.021245,-0.034735,0.18415,-0.026213,-0.053167,0.097965,-0.062339,0.11845,0.095336,0.018639,0.19444,0.11958,-0.10488,0.044665,-0.021042,0.0094137,0.068394,0.030154,0.08007,0.15268,0.10217,0.0044881,-0.12724,0.035714,-0.0049423,0.016985,0.077125,0.055607,-0.099439,-0.13194,0.083242,-0.18931,-0.032899,0.098229,0.017222,-0.0092429,0.039783,-0.028768,-0.21062,-0.0068992,0.076305,-0.11238,0.084638,-0.047826,-0.036488,-0.026832,0.092421
"Bin.7.86",-0.072179,-0.11514,0.0043699,0.0045198,-0.012977,-0.055565,-0.093334,-0.037163,-0.039296,-0.13342,-0.10229,0.014469,0.05012,0.091713,0.010702,0.037941,0.048453,-0.030149,-0.0096213,-0.056604,-0.0017481,-0.056513,-0.0095627,0.019545,-0.0065158,0.016555,0.020842,0.029263,0.065649,0.021865,0.016996,0.06898,-0.00065834,-0.041605,0.030421,0.06404,0.053283,0.05103,0.016203,0.046029,0.00018339,-0.020318,0.032957,-0.01806,0.045784,-0.03564,0.05202,-0.0032218,0.0036441,-0.039255
"Bin.7.82",-0.077592,-0.11339,0.0096647,-0.0058484,-0.020909,-0.045295,-0.073682,-0.023905,-0.074001,-0.13062,-0.097771,0.02401,0.069867,0.097929,0.0051019,0.037402,0.027382,-0.031877,-0.028297,-0.040755,-0.0058659,-0.041742,-0.03258,-0.011842,0.032631,0.0505,0.016441,0.026096,0.017391,0.026811,-0.010196,0.019497,-0.024662,-0.0044739,0.0095701,0.046413,0.037904,0.0023963,0.0019142,-0.0037991,-0.0035674,-0.02417,0.0083448,-0.037048,0.021036,0.001612,-0.033203,0.018129,-0.0436,-0.00096349
"Bin.7.78",-0.011789,0.082571,0.024668,0.053772,0.011469,0.014275,0.0052327,-0.071123,-0.098939,0.19838,0.063225,-0.088457,-0.036951,0.10682,-0.15073,-0.014859,-0.051771,0.008209,-0.10771,0.059399,0.033262,-0.079384,-0.15071,0.2436,-0.11946,0.0613,-0.10325,0.070672,-0.045181,0.0071636,0.088554,0.0093874,-0.092431,-0.049685,-0.049084,-0.098484,0.087837,0.036908,0.0127,-0.11398,0.10702,-0.14573,0.071782,-0.010318,0.055018,0.060382,0.050722,-0.0033788,-0.11542,-0.092043
"Bin.7.74",-0.0011009,0.048215,-0.010306,0.085808,-0.033091,-0.021772,-0.037087,-0.11526,0.058858,0.21114,0.058064,-0.047011,0.0166,0.12711,-0.10954,0.18653,0.056414,-0.1805,0.0030871,-0.10044,0.10867,0.040653,0.077425,-0.057408,-0.043921,-0.081029,-0.13768,0.07532,0.020155,0.023084,-0.041973,-0.0085606,-0.13521,-0.063104,0.092265,-0.081942,-0.035958,-0.011419,0.011862,-0.18726,0.070457,0.050901,-0.15599,-0.06758,-0.064989,-0.1678,-0.10851,-0.018802,-0.085262,0.032283
"Bin.7.70",-0.019118,0.015478,0.011252,0.10904,0.023361,0.22739,-0.060242,-0.075343,0.055386,0.040032,0.05592,0.070326,-0.044409,0.090983,0.01575,-0.017751,-0.025047,0.12739,-0.046942,-0.090445,-0.11512,0.12274,0.0052184,-0.023379,-0.050453,0.0051722,0.0044609,-0.049844,-0.086791,0.067904,-0.0025787,-0.056759,-0.10344,0.010265,0.28763,-0.093845,0.11336,0.05391,-0.14694,-0.0092737,-0.11933,0.02748,-0.055569,-0.17016,0.14836,0.10056,-0.089161,0.095105,0.17033,0.058331
"Bin.7.66",-0.071052,-0.11875,0.019111,0.0072963,-0.009853,-0.035638,-0.10084,-0.036205,-0.035085,-0.10946,-0.074071,0.01675,0.045526,0.093543,-0.010797,0.05445,0.041857,-0.04645,-0.0020536,-0.054929,0.011356,-0.071773,-0.013402,0.063317,-0.0093461,-0.031384,0.03098,-0.050673,0.037237,0.026423,0.040085,0.12886,-0.088281,-0.035382,0.0046802,0.0089309,0.048433,0.052617,-0.0040086,0.0014458,0.051388,0.056948,0.02383,0.05138,-0.019863,-0.082187,-0.021229,-0.061497,-0.067598,0.017818
"Bin.7.62",-0.09073,-0.084006,0.005874,-0.016381,-0.015868,-0.035761,-0.094083,-0.027891,-0.081207,-0.15883,-0.11708,0.0069169,0.069707,0.10305,0.034833,0.018038,0.037309,-0.026608,-0.0020441,-0.021028,-0.023866,-0.038119,-0.046078,-0.0028161,0.048641,0.081069,-0.0098209,0.06445,-0.021723,0.047727,-0.018875,-0.025781,-0.036732,0.015546,-0.0099554,0.0061483,0.054503,-0.012589,0.019313,-0.0044246,-0.02017,-0.038958,0.0071539,-0.04282,0.053043,0.022901,-0.12467,0.011616,0.040434,0.033412
"Bin.7.58",-0.097804,-0.088,0.012969,-0.0034575,-0.026509,-0.047011,-0.10891,-0.023069,-0.044287,-0.12065,-0.11099,0.0099652,0.050772,0.068988,-0.015036,0.047452,0.050924,-0.028326,-0.0075558,-0.059812,-0.017438,-0.045259,-0.01614,0.028566,0.041325,0.019276,-0.013321,0.050922,0.044055,0.014228,-0.0052098,0.079426,-0.031054,-0.019851,-0.0018501,0.056839,0.027165,0.015118,-0.010921,-0.02388,-0.008478,-0.023401,0.039743,0.01827,0.019618,0.026833,-0.026446,-0.053146,-0.10024,0.0057781
"Bin.7.54",-0.083936,-0.10778,0.0040302,-0.008864,-0.023091,-0.036322,-0.094428,-0.017811,-0.053377,-0.12779,-0.0962,0.015346,0.069788,0.07388,0.0037015,0.041766,0.050767,-0.041835,-0.017329,-0.030571,-0.0075392,-0.022933,-0.011492,0.018095,0.057044,0.058392,0.014004,0.061243,0.0094352,0.064157,-0.039171,-0.021239,-0.023235,-0.027524,-0.01067,0.052075,0.037879,-0.024146,0.0076477,-0.0097774,0.021856,-0.035685,-0.0048115,-0.052292,0.0022206,0.0052044,-0.065779,0.044068,-0.010768,-0.036069
"Bin.7.50",-0.092393,0.022075,0.055663,0.0082697,-0.0029806,0.14181,0.026145,0.0052258,-0.10866,0.043664,0.07526,-0.12366,-0.082381,0.041949,-0.0094134,0.045748,0.010597,-0.0225,-0.01082,-0.015829,-0.11872,0.06821,-0.037255,0.033928,0.012888,-0.1239,-0.075332,0.027088,-0.20366,-0.030594,0.027665,-0.17032,0.1033,-0.063631,-0.020251,0.18341,-0.061934,-0.10456,-0.050589,-0.015948,0.13038,0.092992,0.044143,-0.14388,-0.042695,0.088335,-0.25088,-0.06869,-0.11229,-0.011743
"Bin.7.46",-0.030374,0.059871,0.14956,-0.023607,0.078485,0.082965,-0.016359,0.014262,-0.10089,0.068106,0.059934,-0.073927,-0.033967,-0.12085,0.06688,0.032027,0.13483,-0.0042722,0.13009,-0.073059,-0.014766,0.066163,-0.0093193,0.076029,0.091789,-0.042619,-0.036667,0.046913,-0.023398,-0.090692,-0.11242,0.017729,-0.018225,-0.12382,0.02537,0.06516,-0.083631,-0.078232,-0.057298,0.071202,0.10211,-0.00021968,0.050992,0.058214,0.043342,-0.051478,-0.07739,-0.12685,0.048447,0.088055
"Bin.7.42",-0.0049757,-0.019414,0.17914,-0.054416,0.072606,0.11667,-0.049547,0.11488,-0.030681,0.052954,-0.045181,0.0071394,0.083584,-0.087731,0.042702,-0.048275,-0.017743,-0.0526,-0.015355,-0.11481,0.046671,0.0063445,0.06005,0.023581,0.06124,0.052001,-0.017022,0.071514,0.0094372,0.048656,-0.12231,-0.067006,0.011082,-0.080978,0.077364,0.069498,0.0021066,0.072162,0.059485,-0.071187,-0.044678,-0.043096,-0.030194,0.063788,0.080877,0.063473,-0.028599,-0.059303,-0.052836,0.02877
"Bin.7.38",-0.015004,-0.020059,0.16648,-0.055413,0.089997,0.1208,-0.066084,0.077032,-0.04023,0.098583,-0.025773,-0.01571,0.032402,-0.11845,0.064395,-0.020407,0.066195,-0.078782,0.053348,-0.089015,0.012394,0.04563,0.057637,0.026729,0.067705,0.010983,0.018526,0.021752,0.043604,0.10078,-0.12812,-0.045663,-0.064353,-0.096717,0.02073,0.10704,-0.027728,0.063902,0.029842,-0.029244,-0.034015,-0.032114,-0.078749,0.062791,-0.079816,0.027037,-0.028154,-0.046199,0.017458,0.053511
"Bin.7.34",-0.001092,-0.021992,0.18836,-0.045298,0.045123,0.1051,-0.021404,0.063969,-0.11915,0.084449,-0.055235,-0.0089494,0.0071169,-0.062537,0.035295,-0.0018211,0.058148,-0.083812,0.070811,-0.00085027,0.0073277,0.092531,-0.054531,-0.052518,0.10198,0.070681,0.015287,0.03244,0.11656,-0.097135,-0.090871,-0.12414,-0.044318,-0.08759,0.00037116,0.052682,-0.0016697,-0.036931,-0.043641,-0.061762,-0.039687,-0.037387,-0.066577,0.071009,0.11014,0.086747,-0.010963,0.054582,-0.040331,0.05347
"Bin.7.30",-0.074235,-0.072325,0.082867,0.037274,-0.025587,0.011336,0.019678,-0.022822,-0.065239,0.12982,0.030066,-0.073263,0.031507,0.10726,-0.026113,0.0046901,0.043406,-0.19379,0.068597,-0.036579,0.028893,-0.072687,0.066758,-0.031501,-0.09098,0.064689,-0.057979,0.10142,0.09432,-0.089517,0.071737,0.043848,-0.1261,0.10144,-0.02766,0.18952,-0.21401,0.10288,-0.1174,0.037829,-0.084069,0.042697,0.024637,0.0010911,-0.047145,0.0051237,-0.19061,0.05399,0.021687,-0.015586
"Bin.7.26",-0.049448,-0.022825,0.14059,-0.0045892,0.096098,0.13033,0.0011966,0.0033787,-0.10288,0.00048877,-0.015364,-0.0071925,0.16316,0.04026,-0.010097,-0.013796,0.055221,-0.013163,0.041073,0.049101,0.077457,-0.13575,0.089035,-0.11352,-0.075617,-0.027651,0.017192,0.026343,0.006916,-0.081891,0.13037,-0.015323,-0.012307,0.16172,-0.1586,-0.068861,-0.017225,-0.13509,-0.069206,0.072287,0.015916,0.048359,0.089375,-0.012092,0.056331,-0.080285,0.0072468,0.052369,-0.10143,0.075043
"Bin.7.22",-0.05432,-0.069339,0.12644,0.025003,0.082479,0.11854,-0.020749,0.050384,-0.059602,-0.013036,0.042151,-0.034536,0.15769,0.0036496,-0.019997,0.0026937,0.028538,-0.0446,0.0067111,-0.057445,0.021481,-0.048822,0.12092,-0.084465,-0.14037,-0.064635,0.00034134,-0.046272,0.011041,-0.016469,0.072862,0.075381,0.044291,0.0047955,-0.10856,-0.0081634,-0.061835,-0.066162,-0.011165,0.02601,0.050563,0.022384,0.11118,-0.10155,-0.067873,-0.18088,0.011895,-0.043959,0.0078395,-0.076843
"Bin.7.18",-0.035112,-0.015646,0.04099,0.065412,0.080869,0.035781,-0.034683,0.21868,-0.16958,0.019548,0.031979,-0.039313,0.007851,0.019511,0.087821,0.14985,-0.049355,0.10042,-0.043444,0.04884,-0.02948,0.10576,-0.038897,-0.035823,-0.032062,0.0093192,-0.0015092,-0.13562,-0.062091,0.088136,-0.11443,-0.015659,-0.11194,0.051495,-0.06972,-0.13774,0.11311,0.12007,-0.059608,-0.21643,0.0062814,-0.080618,0.081509,0.035662,0.1198,-0.20538,0.071231,-0.14329,0.048698,-0.034639
"Bin.7.14",-0.05296,0.011831,-0.040623,0.028421,0.036459,-0.070558,0.011702,0.093441,-0.1387,0.085982,-0.035501,-0.19646,-0.079154,-0.068456,-0.10896,0.031002,-0.03267,-0.011536,0.091866,0.028912,-0.18399,0.1765,-0.24872,-0.1135,0.064599,-0.01291,0.090798,0.049931,0.071152,-0.026232,0.11247,0.060631,-0.18668,-0.074294,-0.084198,0.045459,-0.11865,0.087075,0.011583,-0.078068,0.091313,-0.075123,0.021753,0.047468,-0.025439,0.032383,-0.029528,-0.059873,0.024081,-0.13622
"Bin.7.10",-0.0081006,0.004527,-0.069975,-0.018459,-0.084126,0.13337,0.015269,-0.11884,0.16657,0.026527,0.0066437,0.1006,-0.03717,0.13304,0.16033,0.015043,0.0092735,-0.12484,0.062714,0.017282,-0.1458,-0.0035573,0.1271,-0.20452,0.050326,0.060268,-0.076341,0.11683,-0.025304,0.1371,-0.020855,-0.10966,-0.11359,-0.0059501,-0.093653,0.023791,-0.021952,0.091815,0.033032,0.0097824,-0.062512,0.06123,0.099786,0.059002,0.012152,0.072156,0.05117,-0.11556,0.01132,-0.040878
"Bin.7.06",0.0010788,0.0303,0.10573,-0.084695,0.093595,0.076442,-0.08725,-0.050038,0.016705,0.0062164,0.11289,0.0084195,0.012678,0.11967,0.049766,-0.028797,-0.10229,0.055651,-0.052006,-0.054756,-0.18439,-0.12086,-0.19309,0.064451,0.10234,-0.018277,-0.04727,-0.0077605,0.011794,-0.18088,0.090572,0.3194,0.047457,0.041034,0.050405,0.1087,0.10605,0.13232,0.098471,-0.1044,0.10243,0.083388,-0.0044933,0.0073899,0.064675,-0.17235,0.012025,0.097161,0.084234,0.097425
"Bin.7.02",-0.014483,0.068278,0.082852,-0.018903,0.0096625,0.10297,-0.054927,-0.22566,0.021148,0.023985,0.096677,0.015463,0.026885,0.046587,0.10447,0.046668,-0.026141,-0.060794,-0.13492,-0.0013607,-0.14598,-0.024654,0.063985,-0.06544,-0.020581,-0.042594,0.11846,-0.035306,-0.058765,-0.10181,0.04435,-0.048313,-0.027281,-0.14982,-0.053535,-0.035614,-0.059336,0.080625,-0.027772,0.043442,0.060326,-0.07324,0.03112,-0.070888,0.079601,0.056947,0.12389,-0.015383,-0.19102,-0.018573
"Bin.6.98",-0.061826,0.030312,0.10898,0.013971,-0.072025,-0.085388,0.025585,-0.068891,-0.084283,0.16973,0.097255,-0.051169,-0.054528,0.072748,-0.093843,-0.022224,0.074122,-0.11813,-0.012706,-0.034889,-0.070075,-0.076433,-0.040445,0.030287,-0.096424,0.11614,-0.095113,0.058026,0.0097484,-0.052817,-0.12211,0.035966,0.035749,0.060149,0.062616,0.10738,0.046276,0.1327,-0.0092178,0.034556,-0.049825,-0.1709,0.07812,-0.033895,0.021902,0.039378,0.12526,-0.05897,0.13047,-0.018172
"Bin.6.94",-0.12132,0.061623,0.048535,0.014069,-0.10083,-0.009283,-0.06594,0.0068361,0.024327,0.02486,-0.0020457,-0.02181,-0.019945,-0.027299,-0.071599,-0.040571,0.025683,0.013952,-0.0021788,0.048119,-0.044408,-0.0061949,0.014456,0.03244,-0.019488,0.061582,-0.018977,0.018091,-0.0035041,-0.021961,-0.02985,-0.0095096,0.031649,0.035169,-0.024489,0.046524,0.02255,0.0060657,0.036542,0.02264,0.020747,-0.034923,-0.016821,0.00055056,-0.022773,0.013059,0.00062847,-0.027038,0.022801,0.046698
"Bin.6.90",-0.063439,0.058631,0.048646,0.050937,-0.11386,0.0050833,-0.10355,-0.037683,-0.12717,0.039424,0.086616,0.036042,-0.1183,0.11176,-0.074632,-0.071037,-0.01395,-0.0080318,-0.014088,-0.12364,0.055017,0.1427,0.031203,0.0043784,-0.080146,0.035044,0.15661,0.06551,0.019085,-0.031877,-0.054158,-0.095503,0.055595,0.1351,-0.058416,-0.080087,-0.021874,0.012305,-0.094703,0.016319,-0.022344,0.036636,-0.020798,0.02717,0.012853,-0.042089,0.096,-0.025748,0.042006,0.0071221
"Bin.6.86",-0.092797,0.042167,0.0099067,0.050075,-0.062989,0.05466,-0.080062,0.065537,-0.1048,0.10559,0.065401,-0.031672,-0.1269,0.0076207,0.072589,0.011581,-0.026707,-0.023616,-0.062115,-0.12116,0.01339,0.11467,0.017517,0.039212,-0.10795,0.052431,0.12328,0.022239,0.038765,0.059396,0.0078363,-0.023583,-0.043919,0.24752,0.055983,-0.04791,-0.053881,0.12579,0.036572,0.11427,-0.067335,0.13536,-0.067518,0.051095,0.045969,-0.045939,0.085038,-0.0060739,-0.036204,-0.042011
"Bin.6.82",0.0004857,0.095273,0.0065141,0.026115,0.039215,0.081343,0.065529,-0.055448,-0.18197,0.05704,0.093301,0.0072056,-0.12103,0.029566,0.030086,-0.046876,-0.051705,-0.069238,-0.022923,-0.18694,0.086871,-0.13399,0.042667,-0.042639,-0.048794,0.08832,-0.037181,-0.11032,-0.087005,0.023094,0.16356,0.071473,-0.040647,0.10894,0.14231,-0.03368,-0.044567,0.091938,0.0080547,0.26726,0.019918,-0.076193,0.12826,0.051224,-0.0033163,0.0097959,0.059388,-0.022059,0.095913,-0.019172
"Bin.6.78",-0.12328,0.068185,0.028109,0.02144,-0.076273,0.01583,-0.091748,0.010831,0.02099,0.011594,0.0012257,-0.022815,0.00057121,-0.047484,-0.046642,-0.037121,0.019924,0.038923,-0.020575,0.040904,-0.025123,-0.02068,0.018803,0.046981,0.0021507,0.024113,-0.019842,-0.0036787,-0.022941,-0.0076128,-0.0029987,-0.0033641,0.02573,0.043978,-0.055325,0.018184,0.0067595,-0.022058,0.040686,0.028373,0.040531,-0.021862,-0.026473,-0.0011779,-0.036882,0.027384,-0.0081956,-0.0051474,0.020523,-0.043749
"Bin.6.74",-0.12244,0.072751,0.030706,0.019422,-0.070685,0.022745,-0.083796,0.00521,0.023753,0.022108,-6.4188e-05,-0.029753,-0.0011442,-0.051157,-0.029099,-0.031865,0.013134,0.036191,-0.027534,0.043819,-0.035587,-0.012265,0.014607,0.048042,0.010606,0.012321,-0.0097426,-0.015401,-0.036856,-0.014925,0.017188,-0.0084415,0.023775,0.023253,-0.073849,0.016952,0.021092,-0.014307,0.059713,0.021724,0.036922,-0.015128,-0.018607,-0.036585,-0.033156,0.039332,0.015126,0.0013447,0.039619,-0.069364
"Bin.6.70",-0.12136,0.071038,0.021295,0.029339,-0.080674,0.027363,-0.085896,-0.014213,0.036767,0.024573,-0.0012869,-0.023692,-0.016214,-0.046922,-0.036058,-0.0221,0.021516,0.02916,-0.014098,0.044896,-0.028183,-0.0086567,0.01316,0.046904,-0.00026581,0.01169,-0.0049364,-0.011219,-0.039138,-0.022518,0.0088429,0.011403,0.020533,0.016105,-0.061303,0.005282,0.039344,-0.013857,0.054708,0.019839,0.028567,-0.0047122,-0.022507,-0.041077,-0.025053,0.010517,0.046166,-0.0054694,0.036765,-0.035032
"Bin.6.66",-0.12769,0.058665,0.019604,0.048602,-0.078433,0.019727,-0.070906,-0.018079,0.023122,0.015828,-0.018893,-0.015453,-0.01993,-0.035369,-0.047571,-0.029404,0.014229,0.043901,-0.0099565,0.046919,-0.022731,-0.016294,-0.0041146,0.026331,-0.024961,0.024121,0.0023885,-0.0019983,-0.043229,-0.017313,-0.0095461,0.014854,0.0061435,0.0098282,-0.025449,-0.019317,0.028745,-0.0099235,0.0014545,0.018114,0.010745,-0.025845,-0.029375,-0.04452,0.0054276,0.0038176,0.0064848,0.0024007,0.048977,0.028793
"Bin.6.62",-0.11426,0.036242,0.012316,0.12667,-0.045183,0.015918,-0.014083,-0.074174,-0.034481,0.032497,-0.092501,0.0090256,-0.030614,-0.024371,-0.004384,-0.017527,0.038061,0.079587,-0.047904,0.0034999,0.0049976,-0.018395,-0.019769,-0.074664,-0.048542,0.059752,-0.00068795,0.073824,-0.065197,-0.022715,-0.030621,0.045123,0.0085014,-0.11867,0.051689,-0.044387,-0.056553,-0.044904,0.0049465,0.028149,-0.11368,-0.021956,0.011047,-0.044043,0.026329,-0.030999,-0.086727,0.025262,0.047401,0.034486
"Bin.6.58",-0.11136,0.032125,0.018185,0.12905,-0.047248,0.013928,-0.014319,-0.081088,-0.031359,0.043076,-0.096262,0.0099151,-0.035559,-0.028153,-0.0047089,-0.009493,0.042712,0.077707,-0.065194,0.013233,0.013476,-0.011087,-0.022986,-0.082889,-0.048707,0.061271,-0.0039891,0.068338,-0.043102,-0.013553,-0.021347,0.057352,0.021603,-0.13455,0.073508,-0.035448,-0.077215,-0.040596,0.0016624,0.0099842,-0.11967,-0.035038,0.037963,-0.0081645,0.015958,-0.02836,-0.11157,0.036783,0.048878,-0.0051269
"Bin.6.54",-0.10681,0.029194,0.036378,0.13734,-0.045926,0.010614,0.002303,-0.094934,-0.035572,0.050419,-0.11085,0.031531,-0.042514,-0.02458,0.014069,-0.032011,0.026224,0.08388,-0.048635,0.007341,-0.001329,-0.028064,-0.014429,-0.041143,-0.015817,0.049976,-0.0064443,0.037705,-0.021561,-0.047358,-0.052979,0.031135,0.019196,-0.081096,0.021963,0.0070074,-0.02894,-0.071894,0.014384,0.0088801,-0.10235,0.0050857,0.027112,-0.02481,0.017394,-0.028182,-0.11228,0.041069,0.065347,-0.040032
"Bin.6.50",-0.015104,-0.051,0.023035,0.16302,0.054646,0.023617,0.094939,-0.15171,-0.092872,0.040338,-0.14101,0.088377,-0.081511,-0.0075144,0.082305,-0.055865,-0.093866,0.095875,0.022524,-0.059218,-0.006968,-0.04696,0.0054832,0.0017437,0.067158,-0.075817,-0.0024939,-0.029394,0.024825,-0.01103,-0.043501,0.027716,-0.013127,0.047567,-0.057777,0.048163,-0.022049,-0.020994,0.029087,-0.036583,0.014305,0.001706,-0.013361,-0.0091392,-0.030445,-0.029931,0.0031714,0.028391,-0.0029618,-0.080625
"Bin.6.46",-0.011137,-0.043171,0.028675,0.16642,0.06979,0.01239,0.084314,-0.1495,-0.082375,0.045942,-0.14335,0.10099,-0.10417,-0.020714,0.077249,-0.053232,-0.08547,0.071541,0.0076603,-0.063129,-0.015438,-0.044695,0.029605,0.00012294,0.075272,-0.076631,-0.010146,-0.03897,0.032472,-0.0066145,-0.030002,0.011127,-0.0012199,0.054889,-0.06626,0.061288,-0.010065,-0.01101,0.022208,-0.045523,0.035295,-0.02143,-0.022177,0.0025004,-0.050853,-0.027198,0.013787,0.009865,-0.020058,-0.021269
"Bin.6.42",-0.099993,0.0065998,0.042159,0.14425,-0.023722,0.017643,0.00055694,-0.10547,-0.039204,0.035664,-0.12468,0.068692,-0.090434,-0.030537,0.014176,-0.069659,-0.048894,0.079572,0.011794,0.0062624,-0.035597,-0.038256,0.025399,0.050381,0.058083,-0.049115,-0.032531,-0.016677,0.028869,0.0082374,-0.046312,0.0096082,-0.00024358,0.038894,-0.086008,0.048968,-0.0048401,0.010277,0.027884,-0.014337,0.015955,0.024516,-0.029589,-0.012412,-0.027386,-0.0045511,-0.005894,-0.041339,0.021044,0.10457
"Bin.6.38",-0.01364,-0.054575,0.02249,0.16553,0.051189,0.031818,0.078841,-0.14724,-0.094465,0.0473,-0.14794,0.092231,-0.092402,-0.011084,0.076999,-0.056822,-0.087393,0.075674,0.020173,-0.049908,-0.0044201,-0.033455,0.019899,-0.0018811,0.070157,-0.075318,-0.025348,-0.029694,0.050861,-0.00024553,-0.026431,0.036212,-0.016263,0.023643,-0.050506,0.054499,-0.028668,0.0030753,0.027653,-0.031134,0.022625,-0.013314,-0.009502,0.027889,-0.03129,-0.016781,0.017075,-0.04106,-0.043725,0.049645
"Bin.6.34",-0.098074,0.0076475,0.048303,0.14592,-0.025225,0.024754,-0.0038714,-0.10757,-0.038795,0.047206,-0.1306,0.062719,-0.077659,-0.041021,0.024327,-0.065833,-0.041722,0.078838,0.0040775,0.015955,-0.014028,-0.033542,0.019968,0.040637,0.057309,-0.030659,-0.035003,-0.034161,0.06928,-0.00049442,-0.026872,0.0041591,0.024415,0.028135,-0.067205,0.035265,0.024213,-0.011755,0.030316,-0.0069514,0.023504,-0.014533,-0.015552,0.0063824,-0.0075884,-0.013973,0.021562,-0.01794,-0.032853,0.047836
"Bin.6.30",-0.014116,-0.056399,0.022518,0.17419,0.048603,0.022297,0.074147,-0.13735,-0.088411,0.047033,-0.13895,0.10028,-0.10186,-0.014934,0.081962,-0.046367,-0.076733,0.050731,0.011024,-0.028046,-0.0034672,-0.050039,0.013059,-0.0069963,0.065483,-0.073628,-0.034533,-0.027219,0.11478,0.019572,-0.011921,0.0221,0.020835,0.010318,-0.03292,0.03603,0.00034498,0.016774,-0.0014764,-0.012496,0.026597,-0.011908,0.00072953,-0.0028203,0.046956,0.007701,0.041041,-0.028973,-0.024908,0.0094101
"Bin.4.38",0.047891,-0.067477,0.0037506,0.049767,-0.045846,0.00089559,-0.0097405,-0.016719,-0.014544,-0.092523,0.037019,0.0025929,0.081078,-0.012279,0.02888,-0.24832,-0.13554,-0.010635,0.15288,-0.030149,0.17377,0.21578,0.0038381,0.093161,-0.065758,0.16955,-0.2652,-0.079642,0.012268,-0.14751,0.043154,-0.1354,-0.032545,-0.026632,0.007018,0.065885,-0.11178,0.14144,-0.042901,-0.045994,0.070304,-0.058041,-0.065859,-0.014119,0.02345,0.045495,0.0056883,-0.0016506,-0.0055646,0.019708
"Bin.4.34",0.076557,0.013282,0.069396,0.045059,0.060398,-0.14092,-0.048929,-0.06519,0.062681,-0.11076,0.066661,-0.017258,0.032802,-0.10628,0.047747,-0.11124,0.004634,0.053261,0.088431,-0.1345,0.14683,0.099038,-0.010892,0.066538,0.010179,-0.0011465,-0.090789,-0.023577,-0.091583,-0.063488,-0.016371,0.00050967,0.018784,-0.065286,-0.14105,-0.052342,-0.11878,0.19679,0.16937,-0.10197,-0.11145,0.055602,0.054179,-0.00087014,0.038196,0.010086,-3.0964e-05,0.026249,-0.012399,-0.017114
"Bin.4.30",0.061581,0.041817,0.060896,0.079167,0.11462,-0.135,-0.066474,-0.0070858,0.1165,-0.07255,0.043746,0.053454,-0.10959,-0.087683,-0.028553,-0.079623,0.044799,-0.087035,0.093092,-0.093179,-0.10642,0.029094,-0.01239,-0.078383,-0.075597,0.052464,0.025577,-0.0063525,-0.025214,0.017693,0.042234,0.01274,-0.0025428,-0.054005,-0.0025824,-0.015828,0.02264,0.037339,-0.0012495,-3.1763e-05,0.060001,-0.033724,-0.030009,-0.03839,0.016423,0.00084219,-0.073656,-0.085572,-0.017676,0.013642
"Bin.4.26",0.058934,0.073168,0.1019,0.049516,0.054534,-0.089812,-0.061025,-0.052624,0.1211,-0.1004,0.069044,0.050093,-0.058056,-0.062469,-0.027288,-0.094028,-0.0374,0.0061338,0.13762,-0.01951,-0.05951,-0.020063,-0.076419,-0.076362,-0.052977,0.042469,-0.0075069,-0.035851,0.053973,0.058645,0.11926,0.011729,0.022137,0.0064442,0.061808,0.1119,0.0051048,0.050697,0.095876,0.13344,0.073133,-0.052075,-0.12756,-0.038931,0.042392,-0.024323,-0.062685,-0.062661,-0.1042,-0.060343
"Bin.4.22",0.081281,0.02789,0.09753,0.034825,0.071943,-0.042088,-0.079286,-0.13488,-0.013861,-0.069227,0.13707,-0.019431,0.075795,-0.091886,0.014793,-0.046061,-0.043955,0.07648,0.091298,-0.083861,0.097753,-0.050975,-0.083339,-0.014286,-0.060741,-0.03519,0.037597,-0.061648,0.10593,0.073314,-0.0046898,-0.029377,0.028982,0.019554,0.0086867,-0.0029018,0.08078,-0.064548,-0.0056895,0.10142,-0.038992,-0.051162,-0.013135,-0.036071,-0.063914,0.059872,-0.015506,-0.070012,0.0011779,-0.11966
"Bin.4.18",0.064876,0.0015416,0.16869,0.051797,0.038304,-0.016097,-0.06421,0.082399,0.075286,0.0030718,-0.012869,0.078069,0.095896,-0.12775,-0.046228,-0.032019,-0.045832,0.0017629,0.039204,-0.091923,0.09808,-0.078124,-0.077197,-0.012936,-0.027906,-0.011909,0.086806,-0.072171,0.029691,0.09619,-0.095854,-0.043133,0.018606,-0.0034621,0.050238,0.021045,0.060019,0.016629,0.094141,0.020164,-0.035693,0.018892,-0.049383,-0.0017734,0.068177,-0.017859,-0.06847,-0.048032,-0.016895,0.050151
"Bin.4.14",0.090553,0.034318,0.098124,0.11182,0.0079037,-0.09762,-0.060876,0.014345,0.14637,-0.0012808,-0.039056,0.035574,-0.051652,-0.026784,-0.059373,-0.022996,0.010799,-0.033881,0.099823,0.017532,0.0005937,-0.04277,0.037682,0.014778,0.014811,0.052415,0.02992,-0.011181,0.019891,0.022665,-0.004668,0.059879,-0.015174,0.058183,0.08935,0.029872,0.026404,0.025316,0.027487,-0.063378,0.068184,0.069817,0.0022378,0.034136,0.10217,-0.043931,-0.011127,-0.070558,-0.011767,0.0023923
"Bin.4.10",0.087059,0.020361,0.027549,0.10993,0.093878,-0.13228,-0.047679,0.0076327,0.10686,-0.020816,-0.010238,0.0040182,-0.10323,-0.042957,-0.029882,-0.04943,0.057135,-0.071142,0.062866,-0.067418,-0.10209,0.075739,0.099671,-0.020146,-0.074277,0.0046955,0.016714,0.12371,-0.044626,-0.010377,0.019792,0.10878,-0.0009317,-0.0071289,0.068411,-0.0052764,0.01805,-0.0050917,-0.054643,0.030499,0.044393,0.03904,0.052345,0.024579,-0.0040282,0.042433,-0.10862,-0.038952,-0.081712,0.0093094
"Bin.4.06",0.027083,-0.071351,-0.080181,0.15964,0.056403,0.077983,-0.13768,-0.015079,0.037543,-0.065894,-0.0056642,-0.036851,0.0062247,-0.10198,-0.07442,-0.00019696,0.056926,-0.058177,-0.0066967,0.079372,0.048527,-0.034166,0.057662,0.012291,-0.033934,0.027311,0.087073,-0.031995,-0.028328,-0.048456,0.023897,-0.11461,0.024903,-0.02633,-0.042095,0.066683,-0.01124,0.051125,-0.046978,-0.023959,-0.066684,-0.044545,-0.0016433,-0.046109,0.041609,-0.01369,-0.00065819,-0.015848,0.12046,-0.0053613
"Bin.4.02",0.077492,-0.025665,-0.034728,0.13071,0.12247,-0.057029,-0.038005,-0.00044061,-0.02472,-0.010936,-0.038215,0.014067,-0.0028566,0.083751,-0.029122,-0.048936,-0.095612,-0.16111,-0.11718,-0.032207,-0.05581,0.14988,-0.00094877,0.036173,0.00047941,-0.014815,0.10897,0.081614,-0.073482,0.014803,0.056244,0.084654,-0.092341,0.10163,-0.0093613,0.060803,0.10285,-0.12814,-0.076728,0.11654,0.10597,0.0054663,-0.062155,0.024915,0.012332,0.072512,0.058847,0.029151,0.050059,-0.066147
"Bin.4.04",0.037834,-0.069493,-0.07932,0.16672,0.068148,0.06622,-0.12814,-0.015479,0.026854,-0.062148,-0.01468,-0.032003,0.004696,-0.071503,-0.07368,-0.0061625,0.035264,-0.080903,-0.02856,0.073169,0.040479,-0.0073823,0.056277,0.019704,-0.031595,0.024767,0.098173,-0.018545,-0.027521,-0.04534,0.034091,-0.085875,0.015986,-0.001633,-0.037454,0.076781,0.0096019,0.015652,-0.054867,0.0013834,-0.037836,-0.045452,-0.0092369,-0.040378,0.041298,0.0038133,0.00073098,-0.011782,0.11816,0.0062121
"Bin.3.98",-0.02659,-0.12902,-0.016932,0.022897,0.012405,-0.092233,-0.10337,-0.026058,-0.061839,-0.14515,-0.062911,0.027336,0.051395,0.086944,-0.0069091,0.026738,0.051125,-0.044926,0.0044221,-0.068822,-0.051419,-0.058225,0.013935,-0.032315,-0.0015691,0.047981,-0.031522,0.018657,-0.016735,0.098372,0.012778,0.033897,-0.077421,-0.0035197,0.0094562,-0.0039278,0.030862,0.086936,-0.0070316,-0.021572,-0.014861,-0.0018624,0.023265,-0.0077362,0.071658,-0.069878,-0.0048824,0.02966,0.022582,0.092429
"Bin.3.94",0.050496,-0.078603,0.080795,0.005576,-0.038279,-0.011924,0.06534,-0.022446,-0.006761,0.13582,0.053042,0.02237,0.15313,0.017338,0.050135,-0.10967,-0.086969,-0.068381,0.0062611,0.16663,-0.22997,-0.036645,-0.061575,-0.094655,-0.13377,0.00060466,-0.070419,0.060768,0.078759,0.010212,-0.028739,-0.046238,0.095614,0.062597,0.069783,-0.024149,-0.039568,0.19747,-0.075372,-0.073932,-0.026379,0.069484,0.032866,-0.05861,0.038611,-0.079737,-0.062455,0.018543,0.19605,-0.0067276
"Bin.3.90",0.10014,0.0061904,0.13818,-0.0093585,-0.032764,-0.10423,0.010403,-0.035674,-0.05971,0.023155,0.021807,-0.031721,0.058112,0.038909,-0.051884,-0.027208,-0.05544,0.016145,0.10382,0.12381,-0.040219,-0.075477,-0.057154,-0.065288,0.046615,-0.0006147,0.030956,0.046645,0.046325,0.042762,-0.021383,-0.093426,-0.035843,0.0026799,0.03943,-0.029838,0.032971,0.042823,-0.079365,0.030089,-0.044794,-0.094541,-0.052806,0.02095,-0.01647,0.093792,0.057382,0.09169,0.011928,0.0026112
"Bin.3.86",0.11302,0.0040878,0.10418,0.034069,-0.044526,-0.096677,-0.051367,-0.047247,-0.03595,0.055759,0.024467,0.0039774,0.055717,0.019866,-0.071675,-0.016749,-0.051286,0.075257,0.063991,0.065371,0.029204,0.0043125,-0.076308,-0.046824,0.013376,-0.062663,0.034613,0.058847,0.046343,0.06041,0.02665,-0.058779,-0.097121,0.070369,-0.040673,-0.027753,-0.014801,0.0090786,-0.10119,-0.026652,-0.0090138,-0.00079076,-0.069143,-0.015823,-0.019377,-0.0092736,0.018121,0.049861,-0.06819,-0.042736
"Bin.3.82",0.093695,-0.023242,0.10298,0.057282,-0.045458,-0.10183,-0.095079,-0.1065,-0.049796,0.017649,0.042964,-0.038419,0.069944,0.012554,-0.10189,-0.0011652,0.011146,0.063818,0.024819,0.039147,0.046479,0.0063164,0.0089071,-0.00096793,0.050799,-0.056126,0.078293,0.075451,0.063841,0.062257,-0.054538,-0.088171,-0.032904,-0.0081953,-0.033949,0.015228,0.064722,-0.10128,-0.12318,0.041301,0.061081,0.043123,-0.03716,-0.04183,-0.0795,0.078683,0.0034252,-0.059912,-0.0096743,-0.0076415
"Bin.3.78",0.094894,-0.010842,0.098734,0.10068,-0.015736,-0.065911,-0.076694,0.064777,-0.070244,0.032163,-0.007995,-0.032533,0.039288,-0.0045563,-0.077029,0.052951,-0.09277,0.074208,0.055606,0.15071,0.0013447,0.05359,-0.010928,-0.086738,0.068119,-0.02636,-0.017808,-0.11864,-0.069054,0.14993,-0.069663,0.011918,-0.0026324,0.023273,0.0029497,0.072756,0.021891,0.020948,-0.045991,0.055471,-0.032363,-0.024526,0.018339,-0.025556,-0.041881,-0.11389,0.048307,-0.063404,-0.042864,-0.060745
"Bin.3.74",0.092566,0.041115,0.11455,0.041481,-0.071481,-0.056964,-0.027886,0.035777,0.060974,0.057149,-0.050913,0.044152,0.049639,0.081715,-0.016054,0.11795,-0.026017,0.069455,0.10114,0.077141,-0.044101,0.023352,0.023348,-0.061018,0.034019,0.038109,-0.11022,0.05495,-0.072995,0.12039,0.0020004,-0.0078225,-0.011962,0.027474,-0.1146,0.093065,-0.020343,-0.033801,-0.091958,0.089291,-0.087977,0.073135,0.10064,0.067797,-0.0059246,-0.038352,0.11147,-0.070624,0.018399,0.024626
"Bin.3.70",0.092727,0.013789,0.16196,0.019731,-0.033635,-0.035185,-0.066624,-0.055848,0.021454,0.029091,-0.049936,0.015767,0.056379,0.033391,-0.011741,0.069518,0.03484,-0.026751,0.028599,0.10029,0.06836,0.035515,-0.019423,0.083188,0.078435,-0.027799,0.098183,0.062931,-0.084065,0.050717,-0.037618,0.0036683,-0.009646,0.078355,0.015546,0.019446,0.055614,-0.00078715,-0.037135,0.074078,-0.0048522,0.11974,-0.036753,0.088767,-0.0093248,0.0312,-0.063611,0.091331,0.10567,-0.011303
"Bin.3.66",0.067046,-0.030349,0.13151,0.09262,0.060808,0.054574,-0.087561,-0.030696,0.017714,0.03903,0.0049732,-0.037306,0.092144,-0.097235,0.075347,0.13243,-0.032065,-0.076283,0.040707,0.11912,0.014216,-0.029216,-0.058307,0.049158,0.063605,0.025879,0.10437,0.022391,-0.095531,0.025097,-0.06197,0.11473,-0.12583,-0.019211,0.033639,-0.1585,-0.020788,0.031226,0.057134,-0.023911,0.034188,0.044951,0.028728,-0.06627,-0.046424,0.043304,0.0018427,0.1269,-0.029866,0.059614
"Bin.3.62",0.055786,-0.021614,0.15671,0.042594,0.041549,-0.040879,-0.04728,-0.10607,-0.078249,0.059823,0.032445,-0.037309,0.041754,-0.025089,0.10945,0.072517,0.0032218,-0.10881,0.093409,0.16536,-0.033175,-0.070957,-0.053662,-0.017545,0.061162,0.071571,0.15312,-0.064962,-0.07311,-0.052907,-0.015391,0.077258,-0.17399,-0.084425,-0.019673,-0.073906,-0.025649,-0.024024,0.07792,0.045369,-0.02986,0.041001,-0.060266,-0.0029387,-0.087333,0.066846,-0.044026,0.13426,-0.039555,-0.023116
"Bin.3.58",0.055789,-0.073063,0.0032156,0.094204,-0.073541,-0.093113,-0.047403,-0.017812,-0.073057,0.063353,0.13248,0.028605,0.026975,0.087116,0.11533,-0.10261,-0.087242,0.049429,0.073106,0.062567,-0.030714,0.0069248,0.090037,0.025651,-0.05082,-0.066185,0.11417,-0.11691,-0.17804,-0.10218,0.15177,-0.11794,-0.0073241,-0.045668,-0.028199,-0.050801,-0.12831,0.045609,-0.0076279,-0.0069948,-0.04337,-0.045814,0.064075,0.11746,-0.028193,-0.17257,-0.096665,-0.030847,-0.039036,-0.026994
"Bin.3.54",0.081587,0.010712,0.14901,0.0082025,-0.094504,-0.10318,-0.039624,-0.065944,0.0046298,0.010104,-0.0025726,-0.0237,0.03831,0.058137,0.07292,0.069154,0.0020381,0.062012,-0.0053725,0.064466,-0.00094795,-0.071568,0.014963,0.027238,-0.054604,-0.032032,0.014193,-0.10524,-0.091535,-0.058779,0.12159,-0.049557,-0.048681,-0.067354,0.029048,-0.051342,-0.047079,-0.01167,0.099082,0.067105,-0.047814,0.069977,-0.11918,-0.003811,0.15362,0.00020794,-0.051602,-0.099466,-0.035606,0.058462
"Bin.3.50",0.086697,0.010615,0.14337,-0.049754,-0.0945,-0.11391,-0.02258,-0.0016871,0.030608,0.023776,-0.035388,0.008422,0.0087754,0.069257,0.0072769,0.0254,-0.045005,0.074709,-0.049196,0.019971,-0.080551,-0.042074,-0.0083157,-0.020229,-0.039637,-0.064265,-0.12506,-0.042339,-0.026235,0.0035222,0.10653,-0.034351,-0.075655,0.058511,-0.072061,0.034306,0.019731,-0.048026,-0.039484,-0.040081,-0.028931,-0.021981,-0.07699,-0.0019809,0.051399,-0.018708,-0.050314,-0.056489,-0.028363,0.023469
"Bin.3.46",0.085905,-0.0030862,0.13716,-0.023467,-0.10502,-0.085102,-0.028254,0.066697,0.065021,0.034847,-0.033208,0.059483,-0.048502,0.069308,-0.030647,0.038402,-0.10715,0.069139,-0.025452,-0.025187,-0.042001,-0.036569,0.017422,-0.020524,-0.022268,-0.036168,-0.0032443,-0.061217,0.023267,-0.07666,-0.038612,0.00063081,-0.00054521,0.1328,-0.027962,0.0099175,-0.004499,-0.032368,-0.10115,-0.094203,-0.0036554,-0.060506,-0.051318,-0.12286,-0.010284,0.029411,0.11481,0.034202,-0.076135,-0.050078
"Bin.3.42",0.075558,-0.0061355,0.10121,-0.014273,-0.11934,-0.013896,-0.0031662,0.15721,0.060621,0.013206,-0.047554,0.081481,-0.039099,0.08434,-0.016392,0.032255,-0.11862,0.042955,-0.07112,-0.006964,-0.10542,-0.051846,-0.00083397,-0.019445,0.039663,0.045026,-0.030976,-0.098811,0.054771,-0.17598,0.029137,0.054942,0.010309,0.051266,-0.15055,-0.06326,-0.08942,-0.060116,0.0040157,0.013192,0.061075,-0.12235,-0.087315,-0.1466,0.0047306,0.086757,-0.083488,0.18209,-0.03058,0.015948
"Bin.3.38",0.10281,0.0064124,0.11223,0.026413,-0.054561,-0.09812,-0.0074251,0.025876,0.012432,-0.012241,-0.010514,0.064438,-0.045087,0.036009,-0.014297,0.016621,-0.020186,-0.10458,-0.1312,-0.043483,-0.055817,0.011982,-0.056632,0.11063,-0.058562,-0.090247,-0.099014,-0.13359,0.012131,0.0029967,0.043504,-0.053607,0.070591,-0.015433,-0.027863,0.15435,-0.11875,-0.035881,0.1346,0.020255,0.028769,0.10324,-0.011215,-0.058602,0.11783,0.16344,0.087998,-0.072274,0.13292,0.029219
"Bin.3.34",0.05541,-0.076163,-0.0066549,0.12736,-0.028043,-0.10628,-0.0058856,0.05049,0.069694,-0.0035038,-0.065829,0.021464,0.032302,0.022273,0.13529,0.14896,0.059255,-0.068645,-0.10083,0.024351,-0.11026,-0.041439,0.064576,0.0029556,-0.10199,0.055309,-0.09937,-0.0027309,-0.033178,0.068888,-0.079274,-0.14455,0.1088,0.071452,-0.028784,-0.0087083,-0.17033,0.11264,0.044611,-0.040644,0.053317,-0.025132,0.096163,-0.032927,-0.069744,0.18241,0.0070731,0.042393,-0.0079395,0.019453
"Bin.3.30",0.028591,-0.024411,-0.036759,0.14931,-0.062928,-0.12886,-0.046662,0.058255,-0.0027992,-0.043367,-0.038455,-0.011378,0.032812,0.01309,0.13559,0.16477,0.17472,0.17641,0.067422,0.0328,-0.064568,0.05667,-0.005133,0.0084535,-0.099476,0.069642,-0.074659,0.058807,-0.094224,-0.068359,0.034617,-0.045923,0.14465,0.096346,0.006548,-0.01564,-0.14522,-0.051081,0.11855,-0.032334,0.085327,-0.11149,0.039777,0.03546,0.0060042,0.030465,0.083257,0.011579,-0.019327,-0.0012873
"Bin.3.26",0.020352,-0.024565,0.058059,0.028733,-0.10091,0.069608,-0.10512,0.10382,0.012151,0.045024,0.0039085,0.22718,0.052559,0.095749,-0.037677,0.16334,0.021199,0.051344,-0.087823,-0.063367,-0.13612,-0.035893,-0.015094,-0.071584,0.13143,0.13803,0.15224,-0.085247,0.068252,-0.13065,0.10949,-0.084408,0.023592,-0.080498,0.1522,-0.00027556,-0.028024,0.10701,0.078969,-0.15995,0.030471,-0.032236,0.16042,-0.030965,-0.077858,0.101,-0.024707,-0.017972,-0.083967,-0.070764
"Bin.3.22",0.081115,-0.0074731,0.051709,-0.0036371,-0.082323,0.089451,-0.046196,0.069239,0.090983,-0.069109,-0.0093279,0.0079207,-0.0072333,0.1738,0.12372,0.060261,-0.081316,-0.0448,0.00098053,-0.12873,0.034926,-0.062486,-0.15294,0.059529,-0.093305,0.071659,0.14349,-0.016311,-0.035343,-0.11707,-0.016416,-0.059704,0.10299,-0.254,-0.073142,-0.040934,-0.017292,-0.074472,0.021327,0.11823,-0.16062,0.087306,0.093252,0.11877,-0.059657,-0.12007,0.040673,0.085834,0.1044,-0.095646
"Bin.3.18",0.074351,-0.079396,-0.0037799,0.099176,-0.092637,0.081389,-0.065182,0.05038,0.081342,-0.058452,-0.027777,-0.059207,-0.073003,0.057675,0.025395,0.038418,-0.065915,-0.057305,0.018034,-0.10585,0.078273,-0.017793,-0.068031,0.054248,-0.047511,-4.4209e-05,0.11087,-0.028423,0.0038443,-0.081237,0.055622,-0.09028,-0.0072504,-0.13415,-0.0065984,0.031565,0.013564,-0.054467,0.0066688,-0.025705,0.073075,-0.076838,-0.00011983,0.088425,-0.021389,-0.12333,0.0763,-0.031234,0.10919,0.057057
"Bin.3.14",0.041431,-0.095923,-0.092855,0.12812,-0.071785,0.047475,-0.057919,0.077404,0.071973,0.026791,-0.00047009,0.003064,0.05361,-0.024223,0.056936,-0.021604,-0.029183,0.038792,-0.010603,-0.004174,0.02923,-0.024115,0.056771,-0.0083469,-0.04387,0.017892,-0.02322,0.096367,0.090199,-0.083443,0.11841,0.010599,-0.062045,-0.013353,0.12289,0.096839,0.047222,0.0045031,0.044163,-0.0079351,0.1133,-0.039669,0.020104,0.012134,-0.094818,0.081834,-0.049904,-0.14798,-0.086497,-0.020383
"Bin.3.10",0.063582,0.013801,-0.024914,0.10842,-0.039874,0.0069091,-0.028502,0.011172,-0.016564,0.037306,-0.051323,-0.082974,0.0146,-0.0042443,0.25831,0.084032,0.24707,0.08691,0.044816,0.038201,-0.035346,0.11778,-0.086393,0.1324,-0.092063,0.038917,-0.098472,0.053308,0.063994,0.033856,0.19768,0.1196,0.0021663,0.078067,0.035871,-0.059625,0.12394,-0.095839,0.13047,-0.047043,0.050982,0.047878,-0.043311,0.001306,0.067622,0.049892,0.0081411,-0.061061,-0.081177,0.080023
"Bin.3.06",0.0071096,-0.059888,-0.12551,0.1491,0.067062,0.08942,-0.11993,-0.0026719,0.060335,-0.034831,-0.00017554,-0.011456,0.012134,-0.12106,-0.074546,-0.014272,0.043486,-0.033422,0.008573,0.06253,0.0043012,-0.025242,0.052803,-0.0027767,-0.041414,0.0023618,0.067119,-0.027187,-0.072778,-0.00096665,0.041148,-0.077598,0.041612,-0.001749,-0.068719,0.048027,-0.039866,0.029904,-0.086055,-0.046751,-0.013634,-0.009533,0.054231,-0.054966,0.028938,-0.068729,0.04254,0.051771,-0.042223,-0.028346
"Bin.3.02",0.022744,-0.048433,0.015351,0.037158,0.024719,0.1585,0.019833,0.020049,-0.13921,-0.09176,-0.076685,-0.13716,0.035625,0.094912,0.047136,-0.13839,-0.059998,-0.18369,0.0089571,0.11789,-0.057027,0.080109,-0.092385,-0.12363,0.1119,0.17578,0.037197,-0.015982,0.016363,-0.09017,-0.022109,-0.058661,0.18465,0.15852,0.0099839,-0.040148,0.16099,-0.028548,0.10219,0.02169,0.043322,0.073079,-0.06038,0.08891,0.084817,0.086093,-0.017889,-0.15224,-0.055911,0.050246
"Bin.3.04",0.01053,-0.067995,-0.11234,0.14829,0.064107,0.12356,-0.099339,0.00059927,0.021684,-0.05115,-0.017389,-0.038355,0.020249,-0.094711,-0.058162,-0.042144,0.022592,-0.072041,0.010335,0.090414,-0.01243,0.005175,0.021122,-0.037862,-0.018651,0.048477,0.080673,-0.028408,-0.043473,-0.024416,0.04152,-0.06954,0.097972,0.047215,-0.05054,0.046729,0.00081669,0.0098733,-0.046631,-0.055444,0.01566,-0.032557,0.052075,-0.053805,0.0618,-0.055762,0.017462,0.0013491,-0.029504,-0.070787
"Bin.2.98",0.07093,0.031971,-0.13169,-0.065637,0.0080173,0.10225,0.037433,-0.064096,-0.075704,0.011502,0.0077408,0.10726,0.043489,0.14327,0.058984,-0.01311,-0.055028,-0.081217,-0.010808,0.083112,0.0056473,0.023591,0.022677,0.012718,0.054569,0.13758,-0.049102,0.10256,-0.017835,0.038942,0.034612,-0.0023591,0.011489,-0.010821,-0.124,0.080302,0.090028,-0.16576,0.015923,0.088056,0.16548,0.090635,-0.10095,-0.082376,-0.001565,-0.044272,-0.054352,0.068112,-0.021707,0.031545
"Bin.2.94",0.074523,-0.027606,-0.1134,-0.012898,-0.061043,0.049789,-0.047371,-0.057816,-0.052032,-0.04798,0.16216,0.041006,-0.049443,0.016483,0.0056192,0.013253,0.077416,0.079423,0.0017282,-0.09006,-0.051125,0.02893,-0.017301,-0.0060118,0.24059,0.092268,0.011599,-0.03239,-0.12149,0.25736,0.167,0.0013866,0.060504,-0.10029,0.069355,0.11199,-0.089186,0.023669,0.025899,-0.052247,0.086488,-0.14903,-0.048763,-0.018502,0.11183,-0.016021,0.059778,0.037368,-0.012723,0.053438
"Bin.2.90",0.057433,-0.051963,-0.013887,0.035006,-0.016382,0.15817,0.047613,-0.032805,0.12345,-0.1023,0.061787,-0.20478,-0.060953,-0.10753,0.0034299,-0.0044546,-0.0029989,0.099562,0.030213,-0.051353,-0.13993,-0.11173,0.010255,-0.037503,-0.032378,-0.028804,-0.11473,0.033018,-0.042194,0.020232,-0.021044,-0.068315,-0.081083,-0.036963,-0.1186,-0.011352,0.044363,0.018781,0.062007,0.10819,-0.039293,0.031859,-0.044419,0.008252,0.011452,-0.072992,0.058355,0.080312,0.025642,0.015741
"Bin.2.86",0.076334,-0.0045264,0.0020629,-0.025771,-0.068923,0.10616,-0.0051417,-0.094279,0.093417,-0.080434,0.027305,-0.15783,-0.053007,-0.058309,-0.030495,0.021893,0.062507,0.10344,0.087753,-0.066448,0.12731,-0.10784,-0.0015576,-0.13872,0.059356,0.23726,-0.010071,-0.098294,0.027355,0.030671,0.11261,0.059349,-0.058871,0.2169,-0.027537,-0.11071,-0.0063433,-0.0098434,0.045224,-0.18222,0.0077557,0.14981,0.071256,-0.11679,-0.12683,0.034874,-0.12557,-0.15702,0.15143,-0.029232
"Bin.2.82",0.081275,-0.046662,-0.040997,0.018995,-0.072125,0.044877,0.012461,-0.13538,0.046854,0.038552,0.10393,0.080808,-0.029122,-0.15818,-0.010473,0.17592,0.010489,-0.013412,0.039033,-0.077012,0.049353,-0.055821,-0.17673,0.021408,0.040913,0.055161,-0.049745,-0.15934,-0.05475,-0.028065,0.02863,0.040895,0.030001,0.025106,-0.069114,-0.059581,-0.0058613,0.005593,-0.039764,0.083961,0.065128,0.0025826,-0.077179,0.071111,0.007833,0.030268,-0.19542,0.068322,0.036988,-0.051193
"Bin.2.78",0.072131,-0.016417,-0.086067,0.0039069,-0.02136,0.039449,0.025873,-0.10602,0.018011,0.086805,0.055851,0.17344,0.034616,-0.16583,-0.020339,0.18614,-0.015095,0.02952,0.099564,-0.060915,-0.07392,-0.09239,-0.1135,0.042534,0.065388,0.034268,-0.16307,-0.042033,-0.062417,-0.016789,-0.10715,-0.033021,-0.03525,0.020712,-0.14041,0.05909,0.037589,0.00086654,-0.067866,0.074967,0.04442,0.027665,0.13437,0.1406,0.10256,0.023233,-0.17234,-0.068025,0.022121,-0.054437
"Bin.2.74",0.019752,-0.039979,-0.073153,0.12855,0.038885,-0.038652,-0.082853,0.029482,-0.027965,0.10782,0.040983,0.21905,0.091573,-0.15559,-0.062935,0.090947,0.026442,0.0039984,0.05272,-0.042449,-0.1073,0.047233,0.020844,0.083505,-0.0024385,0.057184,0.091419,0.03118,-0.024353,-0.15913,0.024159,0.010173,0.089152,0.13013,0.046062,-0.06852,0.10889,0.054267,-0.01745,0.18442,-0.081338,-0.074752,0.021244,-0.059524,-0.026911,-0.044288,0.034795,-0.013085,-0.059445,0.13168
"Bin.2.70",-0.010184,-0.11231,-0.040273,0.092354,-0.10634,0.0023012,0.008105,0.098511,-0.017131,-0.015179,0.11313,-0.065972,0.038045,0.045152,0.013842,-0.098698,-0.043911,-0.038387,0.031132,-0.046615,-0.023693,-0.080762,-0.014384,-0.029971,0.11495,-0.10978,0.040746,0.025834,-0.047881,-0.083496,-0.10052,0.11163,0.0018867,0.053723,0.11391,-0.0090853,0.026636,-0.048407,0.10983,0.049096,-0.077665,-0.026119,0.00029505,0.07617,-0.12572,0.18935,0.025442,-0.014033,-0.071632,0.0053604
"Bin.2.66",0.0032258,-0.10779,-0.089954,0.027071,-0.12677,0.007382,0.010462,-0.00047646,0.010199,0.028413,0.16587,0.073612,-0.0057225,0.01077,-0.018501,-0.1093,0.012224,-0.033195,-0.028881,0.0040549,-0.012988,-0.11345,-0.004734,-0.018035,0.062088,-0.0075186,0.0056427,-0.030714,0.1067,-0.0065453,-0.07713,0.0037433,-0.078653,-0.17986,0.070081,0.076937,0.021407,-0.079166,-0.022123,0.041741,0.049721,-0.070759,-0.040645,-0.039334,0.061587,-0.15135,-0.072991,-0.23481,-0.070196,-0.036927
"Bin.2.62",0.04018,-0.089291,-0.087502,0.048839,-0.087503,-0.020274,0.055495,0.072897,-0.04461,0.07063,0.077155,-0.090304,0.0057996,-0.011367,0.057985,-0.098955,0.043027,0.0084995,0.030403,-0.22957,-0.045513,-0.13213,0.057829,0.0093049,-0.0088308,0.032382,-0.016097,-0.10197,0.00019703,0.096721,0.043364,0.045042,-0.1109,0.037743,-0.099935,-0.051068,0.18158,0.095273,-0.036123,-0.025773,-0.10647,0.10285,-0.063786,-0.16228,-0.12194,0.062583,-0.047248,0.030532,-0.061493,0.06412
"Bin.2.58",-0.018473,-0.083879,-0.08001,0.058763,-0.043315,-0.051817,0.010169,0.1159,-0.084577,0.075857,0.14763,-0.055907,0.085373,-0.065679,-0.030892,-0.077787,-0.00081045,0.070629,0.0072084,-0.13716,-0.11775,-0.12095,0.054071,-0.093703,0.1703,-0.080449,-0.023677,0.057059,-0.06604,-0.040322,-0.094519,-0.09105,0.082339,0.063926,0.10313,-0.14015,0.027501,-0.053614,0.15853,-0.020294,0.008871,-0.07447,-0.11383,-0.065114,-0.074247,-0.022759,-0.077119,0.021618,-0.022585,-0.00034178
"Bin.2.54",-0.0041199,-0.11652,-0.069144,0.079265,-0.12013,-0.0040571,-0.0011706,0.05033,0.016275,0.006952,0.13971,0.048441,0.050087,0.0015866,0.020533,-0.09524,0.011547,-0.014749,0.047327,0.015992,-0.0059538,-0.065054,-0.017709,-0.0073768,0.041321,-0.11444,0.034208,0.017947,-0.0087277,-0.036157,-0.064868,0.066081,-0.04758,-0.078429,0.082853,0.074854,-0.054527,-0.037184,0.023353,0.10021,-0.076228,-0.070827,0.029659,0.059115,-0.025505,0.050014,0.088028,-0.16023,-0.071984,-0.071316
"Bin.2.50",0.058916,-0.062493,-0.085736,0.10799,-0.15016,0.026359,-0.0056856,0.038088,-0.037688,-0.015679,-0.012175,-0.031609,0.058772,-0.031919,0.13812,-0.054754,0.095317,0.075395,-0.025898,0.020266,-0.040921,0.0081979,-0.079568,0.045838,-0.043004,-0.05563,0.011386,0.058595,-0.015799,0.043565,-0.011476,0.049886,-0.14005,-0.011568,-0.018811,0.050815,0.013956,0.035894,-0.048358,0.015882,0.00069761,0.046615,0.021961,0.13944,0.041912,0.0096093,0.043811,0.10834,-0.026363,-0.0084411
"Bin.2.46",0.070559,-0.068298,-0.03516,0.065003,-0.15722,-0.016274,0.0063379,0.082017,-0.027489,0.063467,0.0089019,0.0817,-0.01755,0.050649,0.031704,-0.12284,-0.067158,0.0094326,0.011265,-0.16525,-0.010274,0.03571,-0.066841,0.023838,-0.039557,-0.0060569,0.048559,0.042421,-0.012385,-0.028498,0.057456,-0.098311,0.055463,-0.06967,-0.051434,-0.072908,0.069653,-0.0065332,-0.077848,-0.13233,0.015623,0.13286,0.031222,0.058992,-0.024409,-0.083854,-0.051688,0.065462,-0.014254,0.080342
"Bin.2.42",0.092717,-0.03054,0.070242,0.064212,-0.15421,0.060676,0.046763,0.027168,0.031362,-0.01131,-0.063943,-0.013706,-0.066782,0.021311,0.012232,-0.047121,-0.019406,-0.040606,0.0062432,-0.11786,0.0065147,-0.061262,-0.048659,0.040955,0.040077,0.084093,0.045658,0.065477,0.045082,-0.036395,-0.092548,-0.066707,0.15598,-0.067786,0.015081,-0.0848,0.04938,-0.024728,-0.096177,0.0057387,0.068736,0.025997,0.028101,0.057296,0.022665,-0.039039,0.044708,0.0011415,0.034831,0.060506
"Bin.2.38",0.11046,-0.0045854,0.046898,0.084128,-0.11981,0.014177,0.066785,0.061552,0.021991,-0.032922,-0.069808,-0.074334,-0.031016,-0.010741,-0.050126,-0.017559,-0.0019433,-0.0036693,0.007243,-0.043932,0.025204,-0.060964,0.064708,0.031613,0.080246,0.098025,0.023994,5.8851e-05,-0.027962,0.032092,-0.028246,0.048213,0.0010005,0.095018,0.044501,0.046372,-0.082176,-0.01867,-0.089746,0.063443,0.071455,-0.039769,-0.12863,-0.0076647,-0.033918,-0.056396,0.080782,0.0064788,-0.00070299,-0.014903
"Bin.2.34",-0.0013545,-0.063948,0.12138,0.061844,0.03773,0.10738,0.040657,0.070507,-0.023872,-0.0050186,0.0064683,0.028447,0.26292,-0.045499,-0.024418,-0.034905,0.086601,0.0074325,0.014436,0.0033166,0.0080132,-0.072681,0.13743,-0.12702,-0.067422,-0.051205,-0.11984,-0.11719,-0.023421,0.0056783,0.098505,0.10815,-0.063321,-0.029266,-0.040759,0.02417,-0.055445,-0.0025743,0.044334,0.032919,0.066197,-0.0074548,0.044711,-0.083426,-0.0095716,0.021513,0.048254,0.11161,0.072861,-0.05019
"Bin.2.30",0.092097,0.050635,0.10434,-0.01794,-0.025069,-0.00015744,0.040676,0.084762,-0.093621,0.045136,-0.06889,0.11666,0.087692,-0.031852,0.035296,0.0087085,0.15886,0.0083469,0.0062882,-0.084974,0.032819,0.0331,0.045447,0.070983,0.0032045,0.068535,-0.018184,-0.0058448,-0.14878,0.037097,-0.015587,0.0050691,0.078914,0.073304,0.051976,0.090599,0.039685,0.0040687,0.014149,-0.025393,0.044404,0.022862,0.048032,-0.010464,-0.072903,-0.023629,0.038314,-0.018121,0.037498,-0.011017
"Bin.2.26",0.072835,0.015674,0.14691,-0.025773,0.047335,0.14953,-0.042158,0.070602,-0.038771,0.0049438,-0.04626,0.032021,0.080724,-0.099326,0.072453,0.0040689,0.058345,-0.029432,-0.098372,-0.10158,-0.0057961,0.0040188,0.026519,0.060935,0.054327,0.0074737,0.029284,-0.035066,-0.052187,0.037779,-0.042457,-0.0074884,0.045503,-0.015788,0.016264,-0.081329,0.032521,0.052877,0.04777,-0.042837,0.041275,0.0029507,-0.067803,-0.070561,-0.013137,0.09089,0.02934,-0.02571,-0.012193,-0.0021052
"Bin.2.22",0.11311,0.031429,0.074897,0.036925,-0.064899,-0.039263,0.083362,-0.027871,-0.065653,0.00042228,-0.057247,-0.055123,0.0053511,-0.019191,0.05045,0.039809,0.090529,-0.081207,-0.11035,-0.040033,0.040976,0.05915,0.023216,0.16283,-0.014397,-0.0091004,-0.010886,0.018624,-0.004903,-0.093266,0.02919,-0.097675,0.0079129,-0.047664,-0.048328,0.017131,0.03407,0.044796,0.039975,0.054218,0.053751,0.013527,0.0025353,0.0071891,0.08051,-0.033183,0.023565,-0.040006,0.038177,0.037924
"Bin.2.18",0.026974,-0.022951,-0.087522,0.026054,-0.022626,-0.095398,0.144,-0.019021,-0.11239,0.052421,-0.079209,-0.11115,-0.037985,-0.065889,0.141,-0.061212,0.22003,0.0016603,0.16666,0.041145,-0.13642,0.024594,-0.10085,-0.074522,-0.099175,0.020055,0.10749,-0.058168,0.077654,0.0060457,0.06422,-0.12202,-0.14065,-0.035051,-0.059197,0.0024751,0.19178,0.10851,0.021458,0.027149,-0.0051634,0.041233,0.0059361,-0.077364,-0.029435,0.032642,0.066021,0.060501,0.11477,0.068481
"Bin.2.14",0.10544,0.0067687,0.053556,0.034482,-0.10865,0.04851,0.013966,0.080235,-0.11131,0.034093,-0.049355,-0.00060708,-0.061934,-0.010657,0.063019,-0.10638,0.10011,0.00091144,0.099625,-0.038307,-0.047183,0.087331,-0.048312,-0.059938,0.011936,-0.040938,0.045926,0.029685,-0.05498,-0.00073612,0.12847,0.0013363,0.027736,-0.051518,-0.15396,0.065371,-0.0058836,-0.10206,0.023553,-0.083263,0.008047,-0.0014319,-0.0052257,0.027593,-0.078949,-0.029886,-0.02271,0.013658,-0.044705,-0.019707
"Bin.2.10",0.10567,0.072216,0.011854,0.016611,0.032858,0.12651,-0.053747,0.035345,-0.073092,0.029775,-0.051855,0.050962,0.080209,-0.041104,0.0022189,-0.079889,-0.044524,-0.048141,0.043084,0.00065641,0.045194,-0.028958,0.047619,0.01067,0.050884,0.066903,0.049193,0.013345,-0.059861,0.023784,-0.023415,-0.0090129,-0.0086228,0.14122,0.025797,-0.031861,-0.054893,0.0010289,-0.05771,-0.037178,0.044077,-0.064753,0.059277,-0.014165,0.061206,-0.090204,-0.016682,0.0078393,-0.11082,-0.015245
"Bin.2.06",0.090011,0.052559,-0.10015,0.079664,0.016655,-0.0055779,-0.050069,-0.079425,0.00090718,0.071194,0.026147,0.097407,0.055428,-0.043742,-0.038562,-0.0031409,-0.064194,-0.052832,0.11158,0.054949,0.11172,-0.083548,-0.063863,0.13761,-0.063716,0.086219,-0.0084464,0.099422,0.027488,-0.047306,0.0042407,-0.09002,-0.045807,-0.005869,0.096425,-0.00021397,0.098694,-0.068775,-0.040534,-0.07871,-0.010945,0.016242,-0.038393,-0.10183,0.0056525,-0.077787,0.010714,0.0062224,-0.094206,0.050439
"Bin.2.02",0.10772,0.026016,-0.064907,0.05307,-0.040207,0.10169,-0.027561,-0.083393,-0.020106,0.03443,-0.0038258,-0.0044435,0.051987,0.10995,0.019345,0.031624,-0.057855,-0.080809,0.043946,0.063493,0.1196,0.018611,-0.040396,0.12583,0.138,0.097661,-0.030929,0.094568,0.019149,0.01807,0.073833,-0.011618,0.0099174,-0.0038211,0.058092,-0.087452,-0.059158,-0.012349,0.12276,0.024167,0.052117,0.020428,-0.015688,0.0079991,-0.066792,-0.065783,0.0022787,-0.10316,0.09779,-0.040111
"Bin.1.98",0.10987,0.062437,-0.093674,0.011678,0.0029698,0.063065,-0.024329,-0.093855,0.001501,0.0029605,-0.06776,0.0081849,0.051299,0.019185,0.019406,0.038534,-0.0085906,-0.081481,-0.028681,0.0031583,-0.012227,-0.051861,-0.10273,0.011723,0.058533,0.017374,0.041884,0.0086134,0.038082,-0.014513,-0.10262,-0.057454,-0.0037326,0.096035,-0.016772,-0.049882,-0.1218,-0.01492,0.039869,-0.06687,0.048234,-0.015278,-0.0036989,-0.044117,-0.059866,0.075126,-0.011652,-0.10539,0.070164,0.031146
"Bin.1.94",0.081377,0.046771,0.026716,-0.029534,0.06584,0.13256,-0.043854,0.017409,0.011996,-0.014041,-0.065779,0.022272,0.13547,-0.15933,-0.035096,-0.070992,-0.048574,0.053128,-0.12227,-0.097912,-0.12323,-0.012292,0.019236,0.035741,-0.15746,-0.14267,-0.103,0.13403,0.077759,-0.030752,0.0044949,-0.039169,-0.0032572,-0.032573,0.028445,0.0024899,0.098183,0.089789,0.071165,0.043211,-0.014185,-0.0074387,0.1302,-0.015577,-0.10921,0.075566,0.015584,0.0017556,-0.034833,0.029634
"Bin.1.90",0.095502,0.038318,0.052744,0.010876,-0.036423,0.14925,-0.043117,-0.039256,0.046811,-0.081814,-0.13577,-0.1188,-0.019821,-0.073058,-0.081834,0.013384,-0.083002,-0.017654,-0.0065171,-0.057106,-0.069573,-0.047056,0.012459,-0.084364,-0.048615,-0.016662,-0.029593,0.0031202,0.063448,0.034652,0.003739,0.031014,0.024414,-0.0182,0.052933,-0.015674,-0.043342,0.035767,-0.021096,-0.020545,-0.060296,0.046871,0.035136,0.069835,-0.060336,0.021008,0.096357,0.083262,-0.035739,0.016828
"Bin.1.86",0.08833,0.089998,-0.093973,-0.017662,0.0036101,0.038358,0.0035478,-0.087522,-0.04824,-0.016233,-0.052506,-0.00094134,0.092371,-0.047894,-0.0057496,-0.0072531,0.066244,-0.020139,0.028859,0.032279,-0.068793,-0.10055,-0.06098,-0.07385,0.010202,0.062899,0.042852,-0.14575,0.021512,-0.09733,-0.0314,-0.041987,0.011452,0.0034613,-0.039104,0.068992,-0.08228,-0.039476,-0.0089235,-0.095643,-0.10528,0.032278,-0.086463,0.085801,-0.084087,0.11199,0.049218,0.0097354,-0.019875,-0.033163
"Bin.1.82",0.087292,0.080055,-0.10611,0.036093,0.016118,0.026879,-0.040906,-0.075861,-0.010799,-0.0072415,0.039318,0.0019215,0.12346,-0.06707,-0.030624,0.038732,0.0093347,0.017651,-0.14084,-0.016065,-0.077688,0.015916,-0.019093,0.10228,-0.072872,0.019829,-0.098916,0.0090469,0.045581,-0.080566,-0.016959,-0.034032,-0.11111,-0.002968,-0.057682,0.056632,0.001078,0.023357,0.0054805,-0.032629,-0.058216,-0.0082145,-0.14094,0.078861,0.019031,0.00309,-0.0074255,0.024837,-0.10898,-0.015704
"Bin.1.78",0.092648,0.082262,-0.10055,0.013254,-0.006381,0.01818,-0.080157,-0.060646,-0.0085406,-0.033751,-0.047794,-0.024352,0.086916,-0.071554,0.0060346,-0.027076,0.032979,0.0036799,-0.14148,-0.038299,-0.044936,0.025065,-0.013076,0.011151,-0.09255,-0.006593,-0.0054509,-0.071462,0.041973,0.057272,-0.084276,0.045693,-0.13189,-0.039362,-0.04749,0.042178,-0.0017321,-0.035772,0.057214,0.014853,-0.047261,0.057986,-0.039012,0.11878,-0.027924,-0.046377,-0.043963,-0.027764,0.036897,0.043956
"Bin.1.74",0.096182,0.088567,-0.069387,-0.011373,-0.043805,0.011721,-0.064726,-0.011027,-0.096172,-0.013801,-0.047373,0.036702,0.01174,0.024781,-0.1277,-0.026245,0.0029657,0.027828,0.056092,-0.045771,-0.086075,0.091021,-0.017381,-0.061703,-0.037597,-0.026907,-0.0080523,-0.01241,-0.015924,0.087927,0.038714,0.034727,0.05106,0.017029,0.10847,0.017525,-0.013746,-0.039372,0.05977,-0.11041,-0.089964,0.082612,0.00029025,0.13775,-0.060457,-0.048417,-0.011479,0.028111,-0.0020755,0.00059594
"Bin.1.70",0.093961,0.10546,-0.075096,-0.026261,0.0037389,0.025699,-0.02885,-0.033225,-0.078593,-0.019862,-0.050816,0.041064,0.016229,0.033745,-0.11037,-0.0010095,0.026293,0.0071826,0.046143,-0.0062659,-0.0078189,0.046769,0.01892,-0.034052,-0.036327,0.026342,-0.034771,-0.033596,0.032709,0.044943,-0.019503,0.039562,-0.0085398,-0.032842,0.055047,0.032898,-0.04129,-0.015069,0.085158,-0.04835,-0.027232,0.038008,0.0023346,0.080598,0.0063674,-0.010661,0.012054,0.086712,0.025131,-0.033487
"Bin.1.66",0.10381,0.089969,-0.057544,0.029273,0.0029634,0.042977,-0.0098062,-0.021014,-0.024921,-0.07799,-0.099619,-0.055235,-0.025944,0.032265,-0.0085129,0.0088287,0.058192,-0.015724,-0.08051,0.01165,-0.047651,0.06246,0.033081,0.037166,-0.04844,0.034576,0.068316,-0.10295,0.033468,0.072018,-0.029047,0.022354,-0.10516,-0.011008,0.013466,0.0059093,-0.046772,-0.010442,0.048192,0.024098,-0.086282,-0.10241,-0.059933,-0.062048,-0.0042809,-0.054902,-0.0024653,-0.019819,-0.085113,0.028439
"Bin.1.62",0.10723,0.091097,-0.032832,-0.0055602,-0.02025,0.028923,0.028104,-0.019699,-0.075912,-0.043636,-0.074153,0.015203,-0.025864,0.036179,-0.092852,0.025395,0.031918,-0.032021,-0.094913,-0.037142,-0.0084431,0.062914,0.024074,-0.0061048,-0.010148,0.049302,0.0013884,-0.14903,0.037214,0.010637,-0.092363,0.033772,-0.036764,-0.043798,-0.023133,0.082387,-0.080074,0.018774,0.0091061,0.082987,-0.028807,-0.028626,-0.015133,-0.097663,0.050144,-0.023916,-0.024829,0.0099254,0.016647,-0.023115
"Bin.1.58",0.10785,0.078843,-0.072358,0.0081904,0.0081814,0.015256,0.0019107,-0.033817,-0.090275,-0.038932,-0.001679,-0.024039,0.031873,-0.031752,-0.056372,-0.0042272,0.030077,-0.0080814,-0.19031,-0.044214,-0.07428,0.040409,-0.01457,-0.03113,0.020976,-0.020842,0.018514,-0.083584,0.0021255,0.013256,-0.048823,-0.024479,-0.048001,0.044257,-0.021225,0.09295,-0.081481,0.064317,0.013127,0.086404,-0.0078365,-0.084347,-0.03777,-0.09472,0.01773,-0.077496,-0.046885,0.0025022,0.0035362,-0.037073
"Bin.1.54",0.087398,0.055317,-0.015958,-0.0067088,-0.024557,-0.030382,-0.11013,-0.14181,-0.14857,-0.065685,0.090646,-0.066693,0.07294,0.015697,-0.05513,0.0056321,0.056149,0.078127,-0.14396,-0.078629,-0.0080035,0.040353,0.013921,-0.065972,0.034798,-0.063291,0.0082891,-0.010044,0.051703,0.024578,-0.020804,-0.036592,0.048618,0.036484,-0.022719,0.011484,0.027358,-0.056624,-0.022847,-0.05443,0.033601,0.038467,0.036227,-0.0019195,-0.032304,-0.00097144,-0.016327,-0.064137,0.04731,-0.043188
"Bin.1.50",0.09604,0.078659,0.0014745,0.011176,-0.11002,-0.01745,-0.052853,0.036405,-0.018426,-0.056037,-0.037851,0.036155,0.03873,0.033403,-0.075743,-0.092408,-0.080645,0.095416,-0.0028766,-0.039168,-0.067369,0.046226,-0.0043895,-0.19046,-0.0096451,-0.039823,0.0029738,0.11305,-0.093771,0.01697,-0.04974,-0.016997,-0.01061,0.073609,-0.012062,0.02466,-0.057647,-0.027909,0.031776,0.03956,-0.039956,-0.0019217,-0.0043522,0.016705,-0.060121,-0.087631,-0.088846,0.039287,0.0012186,0.035002
"Bin.1.46",0.098647,0.066711,0.076924,-0.0019509,-0.12899,-0.0025844,-0.038531,0.017118,0.00045783,-0.054662,-0.09946,0.0042863,0.036264,0.055853,-0.033759,0.007015,-0.017187,0.0024642,-0.017071,0.02125,-0.027897,0.043108,0.059629,-0.033965,-0.022013,0.0071978,0.053912,0.081153,-0.029645,0.03511,-0.028547,0.015243,-0.082589,-0.040871,0.10118,0.11201,-0.013602,0.020389,0.052885,0.062097,0.13517,-0.047583,0.0099807,0.028949,-0.098935,-0.077593,-0.096169,0.032848,0.077672,-0.056038
"Bin.1.42",0.096667,0.10509,0.021431,-0.035733,-0.075443,-0.004951,0.011043,-0.0072088,-0.054765,-0.016141,-0.072985,0.042085,0.051823,0.0087902,-0.079856,-0.0083301,0.012366,0.00052056,-0.014749,0.0042657,0.0017015,0.016708,0.04332,0.013115,-0.079427,0.07731,-0.038557,0.040416,0.047376,-0.055312,-0.071619,0.012107,-0.038819,-0.071638,0.0043945,0.083974,0.07482,0.046631,-0.0016,0.12269,0.044464,0.04125,-0.037015,-0.033705,-0.068886,-0.02074,-0.086921,0.016416,0.011904,-0.024139
"Bin.1.38",0.095831,0.075182,-0.034131,0.037808,-0.022845,0.066855,-0.0035704,-0.076454,0.05022,-0.072712,-0.018328,-0.15164,-0.017387,-0.042687,-0.048995,0.096782,0.028426,0.040594,0.037231,-0.034719,-0.081281,-0.062009,0.016151,-0.021826,-0.017899,0.036239,-0.043352,0.085207,0.1132,-0.01388,-0.091423,-0.015409,-0.0052612,0.018886,0.0655,-0.020866,-0.039756,0.032454,-0.10456,0.052358,0.16026,-0.056173,0.13333,0.071909,0.18019,-0.14427,0.10656,0.11123,-0.22555,0.070356
"Bin.1.34",0.10283,0.0070379,0.1264,0.022507,-0.10395,0.0077788,0.038434,-0.067382,0.042385,-0.059534,0.017434,-0.10887,-0.056267,0.05564,0.0058788,-0.0040668,-0.039106,0.030104,-0.024741,0.015654,0.012479,-0.01518,0.045794,-0.026799,-0.0025076,0.02399,-0.017619,0.036279,-0.0083319,-0.021475,0.00078314,-0.009552,0.038151,0.021284,0.042368,0.050945,0.040349,0.032797,0.11317,0.029898,0.0026486,0.0052027,0.023001,-0.024653,0.12499,-0.037514,0.069964,-0.022727,0.11761,-0.058928
"Bin.1.30",0.10222,-0.012225,0.046111,0.058546,-0.054271,0.0084282,0.099792,-0.031704,-0.014047,-0.062817,-0.0072183,-0.2421,-0.040115,-0.030228,0.031307,-0.0067014,-0.050051,-0.022951,-0.075696,0.045862,0.013894,-0.040184,-0.035215,-0.024267,0.055268,-0.072385,0.0085542,0.10651,-0.054108,0.041672,0.0008429,-0.02926,-0.052871,0.043618,0.1469,-0.0217,0.03995,0.060213,-0.04191,0.033038,-0.040735,-0.016792,0.0018032,-0.037803,0.069048,-0.041662,-0.03656,-0.02341,-0.037831,0.036199
"Bin.1.26",0.079751,-0.034801,-0.094431,0.080288,-0.067883,-0.09341,0.068133,0.10573,-0.083212,0.059022,-0.027548,-0.029413,0.10466,-0.06678,-0.032963,-0.062215,-0.0040422,0.039938,-0.10801,0.0052619,0.050353,0.030197,0.049317,0.054172,0.074918,-0.12931,0.045099,0.11317,0.004695,-0.032301,0.032036,0.052346,-0.047414,-0.02239,0.044158,-0.026505,-0.043566,-0.02312,-0.060126,0.00064678,-0.013006,0.041236,0.033122,0.085985,0.086627,0.15046,-0.083769,-0.00068648,0.12844,-0.065643
"Bin.1.22",0.07058,0.0032567,0.018054,0.058907,-0.12533,-0.10898,0.11325,0.044199,0.00095988,0.089011,-0.078062,0.0037981,0.055727,-0.039638,-0.069386,-0.012567,0.097368,0.0012129,-0.17867,-0.10238,0.15538,0.06629,0.14617,0.043935,0.14014,-0.053811,0.037132,-0.01665,-0.029978,-0.015185,0.052446,0.013026,-0.079207,-0.038641,-0.10515,-0.01952,0.13031,0.077067,0.0013237,0.031567,-0.06228,0.062602,0.091078,-0.059437,0.11796,-0.058512,0.012325,-0.041692,-0.034132,-0.040915
"Bin.1.18",0.079612,0.033993,0.10236,0.035317,-0.11828,0.0099326,0.10209,0.017021,0.052547,0.0077555,-0.078389,-0.14072,-0.06607,-0.020691,-0.024133,0.0097276,0.066522,-0.024526,-0.053703,-0.054928,0.10511,-0.052876,0.14423,0.06386,0.025637,0.057004,-0.058178,-0.011443,0.0079502,-0.020759,0.03869,0.091312,0.012353,-0.053246,0.021194,0.012306,0.2067,0.032105,-0.061442,0.0047911,-0.073111,-0.042643,0.068586,0.021745,-0.041449,0.076084,-0.042896,0.073202,-0.066591,-0.023467
"Bin.1.14",0.044926,0.053072,0.071239,0.042662,-0.090304,0.070353,0.063223,-0.0082985,0.11507,-0.11126,-0.072316,-0.24045,-0.084014,0.0074462,0.072253,0.06106,-0.014483,-0.028846,-0.047571,0.036785,-0.037387,-0.057222,0.014592,0.024602,0.11796,-0.028332,0.0054026,0.10724,-0.089181,0.02487,-0.018256,0.030998,0.070265,0.047779,-0.046573,-0.085221,-0.069729,0.099446,-0.08817,-0.038995,-0.092951,-0.18257,-0.031849,-0.022521,-0.0089122,0.0086428,-0.089482,-0.15458,-0.10407,-0.028374
"Bin.1.10",0.050299,0.035094,-0.12888,0.036679,-0.063384,0.017802,-0.031684,0.10353,0.032377,0.02507,0.07621,0.057342,0.15539,-0.027669,0.079412,-0.070614,-0.0094246,-0.037084,-0.054985,-0.0011099,0.080635,-0.12313,-0.15532,0.0031219,0.10328,-0.071757,-0.021356,0.23916,-0.16438,0.049756,-0.11326,0.083897,0.0053045,0.028613,-0.17234,0.079229,-0.014833,0.1088,-8.174e-05,-0.075561,-0.0066943,0.027818,-0.13934,-0.16985,0.2648,0.027989,0.025547,0.077106,0.082631,-0.10496
"Bin.1.06",0.083653,0.091821,-0.052163,-0.0071066,-0.11481,0.051766,0.0013636,0.064098,-0.024323,-0.042308,-0.042121,0.043449,0.013195,0.035091,-0.04657,-0.051618,0.044819,0.015051,0.041276,-0.069658,-0.011605,-0.12786,-0.023009,-0.13979,-0.053261,-0.10556,-0.034734,0.0083655,0.063062,0.0044191,-0.071582,0.034611,0.061852,-0.033816,-0.088038,-0.042427,0.039486,-0.051975,-0.12992,-0.063272,0.041309,0.0020416,-0.019341,-0.081585,0.051502,0.045756,0.023661,-0.048515,-0.016804,0.072833
"Bin.1.02",0.065055,0.12829,-0.027422,-0.065878,-0.012249,-0.020867,0.040775,0.025474,-0.10205,-0.00074457,-0.047132,0.071159,0.018649,0.04409,-0.036367,-0.069342,0.053139,0.021316,0.048932,-0.010637,-0.027368,-0.06578,0.0038727,-0.071116,-0.040671,-0.00099902,-0.016171,0.066285,-0.027455,0.032751,0.052004,-0.017363,0.094597,-0.0043408,-0.018962,-0.0052867,0.063083,0.047366,0.013737,-0.089808,0.010129,0.021549,0.072687,-0.019911,0.063996,0.070889,-0.060622,-0.058477,-0.094585,-0.043195
"Bin.0.98",0.078672,0.12501,-0.029991,-0.039681,-0.016908,-0.016038,0.04282,0.018008,-0.070158,0.028301,-0.041299,0.09696,0.0063004,0.045097,-0.056923,-0.045451,0.069434,0.029927,0.074087,0.012658,0.011757,-0.019441,0.049112,-0.031091,0.0049547,0.02044,0.0033064,0.069275,0.010831,-0.016136,0.02822,0.021514,0.069373,-0.056122,-0.017378,0.0244,-0.025492,0.0083934,0.032737,0.009003,-0.024681,0.022312,0.094149,-0.0058195,-0.012636,-0.014857,-0.024015,-0.025126,0.012099,0.0087252
"Bin.0.94",0.078682,0.13079,-0.029502,-0.035249,0.01778,0.033665,0.047285,-0.010586,-0.03172,0.025236,-0.041691,0.047828,0.014406,0.044595,-0.024363,-0.0091405,0.035941,0.049945,0.075784,0.056725,0.04244,-0.014779,0.063462,0.020965,-0.0018412,0.025781,0.0053292,0.034344,0.038996,-0.0305,0.036389,0.052055,0.013263,-0.076643,0.0079667,-0.00022135,-0.010975,0.010851,0.10415,0.063719,-0.0063803,-0.056473,0.079332,-0.03393,-0.048251,-0.0072376,0.028433,0.018959,-0.037822,0.042011
"Bin.0.90",0.093894,0.10733,-0.061519,-0.013146,0.00094456,0.045548,0.072124,0.020961,-0.04897,0.0058896,-0.040376,0.010006,0.013747,0.044932,-0.034579,0.0028428,0.031988,0.047338,0.045308,0.047356,-0.00064798,0.032957,0.093015,0.0037877,0.02422,-0.018576,0.10537,-0.016101,0.025531,-0.075171,0.016605,0.088752,0.013267,0.019401,0.037187,-0.0033337,-0.0077472,0.042935,0.09625,0.036844,0.028699,-0.20424,0.053253,0.0073669,-0.038198,0.019318,-0.072005,-0.041936,0.049451,-0.01832
"Bin.0.86",0.086848,0.11538,-0.054254,-0.023327,0.026658,0.039762,0.081773,0.020376,-0.045977,0.006968,-0.021683,-0.037299,0.026616,0.034333,0.037406,-0.02933,-0.021474,0.05083,-0.011944,0.08329,0.018215,-0.011395,0.063809,0.015161,0.039645,-0.018652,0.077738,0.025161,0.015637,-0.063841,0.029619,0.028402,-0.015062,-0.028183,-0.011741,-0.079693,-0.0013349,0.084245,0.079842,0.072866,-0.024102,-0.13756,0.046008,-0.045433,-0.044738,-0.012235,-0.13667,-0.036555,0.0027711,0.027678
"Bin.0.82",0.059258,0.13979,-0.045526,-0.06559,0.038468,0.04207,0.028331,-0.013791,-0.063148,-0.01913,-0.03236,0.027974,0.021222,0.020423,0.013218,0.018161,-0.012738,0.023273,0.036767,-0.0095439,-0.002912,-0.055479,0.029709,0.012172,0.026616,0.019323,0.007938,-0.018454,-0.022286,-0.021414,-0.0036391,-0.01385,0.013995,-0.017255,0.001025,-0.12817,-0.025301,0.05341,-0.010431,0.0093746,0.023896,0.018739,0.019751,0.029288,0.029229,0.056588,-0.070906,0.013992,-0.0042033,-0.034345
"Bin.0.78",0.033599,0.14908,-0.056881,-0.064224,0.03114,0.0077626,0.00092841,-0.0012616,-0.071642,0.0026366,-0.017408,0.042013,0.023034,0.011578,-0.0074695,0.0089119,0.025235,0.027652,0.039297,-0.039856,-0.062541,-0.039169,0.033396,0.041644,-0.02043,0.0225,0.020546,-0.0065233,-0.071125,0.00069432,-0.040078,-0.024046,-0.015492,0.021036,0.0033506,-0.082454,0.023102,0.085051,-0.061724,-0.045235,0.01607,0.024566,-0.024605,0.065721,0.01469,-0.026144,-0.10549,-0.022639,-0.034313,0.028316
"Bin.0.74",-0.11004,0.091934,0.014814,0.0012738,-0.081754,0.0094909,-0.092202,0.01008,0.030357,0.0024762,-0.01943,-0.011824,-0.001386,-0.042414,-0.059997,-0.023159,0.026247,0.036289,-0.0035594,0.05241,-0.054035,-0.0069742,0.030045,0.051233,-0.012382,0.019225,0.0044917,-0.0088918,-0.035324,0.012477,-0.010742,-0.029373,-0.0079609,0.017385,-0.037858,-0.0074649,0.027678,0.029108,-0.01742,0.0014505,0.043997,-0.017643,-0.059636,0.03868,-0.02674,-0.018119,-0.055974,0.0039508,0.00090691,0.05995
"Bin.0.70",-0.10435,0.10414,0.015261,-0.0042068,-0.077744,0.0049428,-0.08297,0.013999,0.017652,0.013821,-0.0051715,0.005344,0.016144,-0.046705,-0.024239,-0.033038,0.035139,0.036769,-0.011416,0.050571,-0.038556,-0.021138,0.018848,0.050654,0.014298,0.035426,-0.0087587,0.0065662,-0.017018,0.0017174,-0.01031,-0.042165,-0.012447,0.014587,-0.05397,-0.014042,0.056939,-0.0026906,0.0087073,0.015794,0.0035704,0.015376,-0.025906,0.015524,-0.029673,0.0069784,0.0092235,0.001665,-0.037507,0.075651
"Bin.0.66",-0.10214,0.105,0.011497,-0.0092045,-0.079258,0.011598,-0.087416,0.0039067,0.022423,0.015804,-0.011226,0.0095851,0.0057156,-0.047581,-0.040212,-0.028261,0.02641,0.016514,-0.018018,0.062532,-0.049659,-0.01077,0.025501,0.027185,0.0053995,0.043003,-0.010983,-0.0076115,-0.019006,0.034037,-0.015146,-0.067722,-0.0017798,0.0066592,-0.031122,-0.0037071,0.056096,0.036859,-0.0092657,0.0043688,0.018537,-0.0081297,-0.043737,0.031463,-0.051048,-0.01921,-0.011442,0.01072,-0.071655,0.068679
"Bin.0.62",-0.086459,0.10829,0.0083795,-0.034679,-0.060895,-0.027465,-0.052378,-0.0055362,-0.026225,-0.12115,-0.019219,0.043125,-0.0078579,-0.069336,0.011313,0.044834,-0.04277,0.052809,0.041235,-0.031914,0.0059169,0.050377,-0.00081489,-0.0074451,0.10144,-0.029441,-0.0049398,0.023211,-0.031802,-0.09872,0.069221,-0.076906,-0.13457,0.011045,0.060389,0.045307,0.043632,0.016561,-0.056626,0.029323,-0.019172,0.077361,0.10416,-0.12177,0.02429,0.053622,0.089867,-0.048816,-0.0091677,-0.042908
"Bin.0.58",-0.083401,0.10468,0.021711,-0.032762,-0.082965,-0.026479,-0.050585,0.0097336,-0.019276,-0.13057,-0.030528,0.055839,-0.012769,-0.052667,-0.010945,0.048038,-0.039739,0.056655,0.057298,-0.023481,0.033786,0.04586,-0.0030224,-0.0096706,0.12448,-0.017621,0.018774,-0.01246,-0.020919,-0.06516,0.057407,-0.043532,-0.11194,-0.024929,0.04096,0.055732,0.0083785,0.021406,-0.13684,-0.023099,-0.011479,0.039566,0.11792,-0.084542,0.054812,0.04727,0.033272,-0.012212,0.067431,-0.028738
"Bin.0.54",-0.088731,0.10291,0.014603,-0.022774,-0.081068,-0.0070355,-0.052044,0.0098141,-0.0081972,-0.13529,-0.023015,0.028015,-0.019031,-0.067918,-0.00075787,0.040822,-0.047035,0.045225,0.042143,-0.013796,0.02415,0.023211,-0.02311,-0.013318,0.11839,-0.018389,0.0043495,-0.0093644,-0.021397,-0.064098,0.071526,-0.02989,-0.13475,-0.012419,0.054004,0.050773,-0.0050091,0.042052,-0.10301,0.014902,0.0077736,0.062369,0.11579,-0.092182,0.035611,0.054421,0.07425,-0.03764,0.026666,0.047923
"Bin.0.50",-0.062829,0.099692,-0.016307,-0.07878,-0.028915,-0.04891,-0.026522,-0.061479,-0.056804,-0.038755,-0.0062379,0.12583,0.1182,-0.016716,0.11225,0.065554,-0.046242,-0.074257,0.10826,-0.049035,0.010463,0.045524,0.044268,-0.050995,0.016391,-0.014216,-0.052208,0.095023,-0.091284,-0.1454,-0.0024841,0.004351,-0.050628,0.027203,-0.059772,-0.0012564,0.15404,0.15136,0.097804,0.042129,-0.13653,0.072617,-0.089947,-0.00095123,-0.045707,-0.093263,0.066411,-0.16683,-0.086162,-0.076164
"Bin.0.46",-0.047434,0.099753,-0.01615,-0.040615,-0.083521,-0.029673,0.059812,0.04156,0.039152,-0.081633,-0.068241,0.06635,0.024394,-0.10787,0.1418,0.054666,-0.12034,-0.020892,0.13879,0.064118,-0.09352,-0.076167,0.034945,0.10291,-0.078963,0.018443,0.013039,0.14798,-0.015771,0.0043917,0.052122,0.10308,0.048846,-0.065155,0.0106,-0.11168,-0.019431,0.026571,-0.22204,-0.040147,-0.08574,-0.090048,-0.024976,0.025956,-0.067074,-0.070659,-0.11572,-0.14557,0.048792,0.048306
"Bin.0.42",-0.036028,0.084545,-0.0283,-0.029654,-0.10135,-0.076826,-0.067195,0.016947,-0.14038,0.061931,-0.010793,0.018978,0.076099,-0.13979,0.026127,-0.04569,-0.024678,-0.060559,-0.074471,0.021711,-0.004198,-0.080506,0.091906,0.0012856,0.036329,0.023382,0.0965,-0.02647,0.13866,0.24045,0.14366,0.073973,0.035297,-0.14634,-0.13049,-0.19608,-0.23936,0.052983,0.0039026,0.064614,0.166,0.068596,-0.083829,-0.01414,0.028438,-0.011045,0.064121,-0.14167,0.17839,0.12796
"Bin.0.38",-0.064647,0.078933,0.00031486,0.028123,-0.095611,-0.06623,-0.080853,0.0014064,-0.016127,0.020117,-0.016428,-0.063732,0.094084,-0.090937,-0.040861,-0.11429,-0.022659,-0.20483,-0.036636,0.015186,-0.0041457,-0.05204,-0.12997,0.0090426,0.14416,-0.023174,-0.13929,-0.12849,0.063232,0.045819,0.18938,-0.079466,0.029848,-0.082222,-0.017102,-0.10869,0.11399,-0.063413,-0.047811,0.090827,-0.08483,-0.14468,0.10449,0.031842,0.05386,-0.055723,-0.0047115,0.067202,-0.015394,-0.023929
"Bin.0.34",-0.044404,0.087322,-0.0047159,-0.020772,-0.12207,-0.062978,-0.014238,-0.029904,-0.071313,-0.053356,0.010953,-0.06174,-0.014258,-0.15399,0.1261,0.020078,-0.10703,-0.07104,-0.074701,-0.029945,-0.063701,-0.025224,0.063351,-0.068337,0.0097281,-0.058157,-0.01967,-0.05306,-0.12806,-0.14844,-0.15174,-0.091981,-0.16687,0.079422,0.044653,-0.12756,0.0012468,-0.29778,0.10777,0.005499,0.0461,0.068931,0.12948,0.12975,0.087063,-0.03386,0.004116,0.027417,0.024631,0.014701
"Bin.0.30",-0.030887,0.08445,-0.032731,-0.032942,-0.11144,-0.063364,-0.069367,-0.042645,-0.14133,-0.031054,0.0569,0.082398,-0.030311,-0.14333,0.094689,0.01361,-0.14816,-0.16571,-0.03955,0.047937,-0.01206,-0.012117,0.033804,-0.047825,-0.044955,0.060177,-0.048478,0.0069901,0.048606,0.078078,0.095344,-0.024269,0.002629,0.00039746,0.12229,0.030633,-0.072251,-0.081548,-0.031526,-0.094466,-0.16893,0.00068333,-0.054231,-0.0019881,-0.025495,0.14821,0.15456,0.041821,-0.16718,0.099938
"Bin.0.26",-0.012954,0.09549,-0.014257,-0.010168,-0.13018,-0.034994,-0.012659,-0.064739,-0.056941,-0.044119,0.045858,-0.070977,-0.019157,-0.12927,0.19383,0.044886,-0.12702,-0.11671,0.035763,-0.029767,-0.011611,0.029587,0.060358,-0.1143,-0.080749,0.06537,0.063904,-0.0057775,0.069474,-0.015291,-0.019277,-0.004899,0.13696,-0.033806,0.060322,0.14023,0.15653,0.021826,-0.02436,-0.07436,0.18105,0.044239,-0.1107,-0.072166,-0.11555,-0.13837,-0.01639,0.11542,-0.015,-0.05957
"Bin.0.22",-0.022138,0.097044,0.029436,0.0053696,-0.11452,-0.021267,0.014936,-0.022558,-0.082574,-0.050933,0.12431,-0.039682,0.0017717,-0.13722,0.21721,0.027606,-0.073698,-0.15254,-0.056873,-0.033334,-0.0037094,-0.026014,0.03172,-0.0049938,-0.0027482,-0.0011284,-0.076714,0.0038182,0.028465,0.069757,0.0073151,0.15715,0.055565,-0.08038,-0.026477,0.092597,-0.0070859,-0.011908,-0.074227,-0.12234,0.0029295,-0.014468,0.068517,-0.063481,-0.091734,-0.031806,0.16039,0.02508,0.030193,-0.08764
