{
 "omicstype": "",
"nodes": [
 {
 "id": "C002",
"label": "C002",
"size":       18,
"meta": "control",
"fx":  142.618,
"fy": 224.9956,
"fz": 28.81846,
"origX":  0.71309,
"origY":  0.51248,
"origZ":  0.84366,
"colorb": "#E6194B" 
},
{
 "id": "C004",
"label": "C004",
"size":       18,
"meta": "control",
"fx":  134.954,
"fy": 234.5622,
"fz": 193.6615,
"origX":  0.67477,
"origY":  0.55553,
"origZ":   1.3794,
"colorb": "#E6194B" 
},
{
 "id": "C005",
"label": "C005",
"size":       18,
"meta": "control",
"fx":   238.84,
"fy": 353.5333,
"fz": 63.27077,
"origX":   1.1942,
"origY":   1.0909,
"origZ":  0.95563,
"colorb": "#E6194B" 
},
{
 "id": "C006",
"label": "C006",
"size":       18,
"meta": "control",
"fx":    374.3,
"fy":   222.68,
"fz": 18.69846,
"origX":   1.8715,
"origY":  0.50206,
"origZ":  0.81077,
"colorb": "#E6194B" 
},
{
 "id": "C007",
"label": "C007",
"size":       18,
"meta": "control",
"fx":   262.62,
"fy": 309.8622,
"fz":   -162.4,
"origX":   1.3131,
"origY":  0.89438,
"origZ":   0.2222,
"colorb": "#E6194B" 
},
{
 "id": "C009",
"label": "C009",
"size":       18,
"meta": "control",
"fx":   287.82,
"fy": 420.8222,
"fz":  -430.16,
"origX":   1.4391,
"origY":   1.3937,
"origZ": -0.64802,
"colorb": "#E6194B" 
},
{
 "id": "C010",
"label": "C010",
"size":       18,
"meta": "control",
"fx":   217.44,
"fy": 119.7938,
"fz": -320.5477,
"origX":   1.0872,
"origY": 0.039072,
"origZ": -0.29178,
"colorb": "#E6194B" 
},
{
 "id": "C011",
"label": "C011",
"size":       18,
"meta": "control",
"fx":   378.34,
"fy":   -79.82,
"fz": -232.5647,
"origX":   1.8917,
"origY": -0.85919,
"origZ": -0.0058354,
"colorb": "#E6194B" 
},
{
 "id": "C012",
"label": "C012",
"size":       18,
"meta": "control",
"fx":   376.14,
"fy": 483.5778,
"fz": -73.55077,
"origX":   1.8807,
"origY":   1.6761,
"origZ":  0.51096,
"colorb": "#E6194B" 
},
{
 "id": "C015",
"label": "C015",
"size":       18,
"meta": "control",
"fx":   377.32,
"fy": 370.2444,
"fz": -109.9631,
"origX":   1.8866,
"origY":   1.1661,
"origZ":  0.39262,
"colorb": "#E6194B" 
},
{
 "id": "C016",
"label": "C016",
"size":       18,
"meta": "control",
"fx":   570.46,
"fy": -115.8667,
"fz": -411.7662,
"origX":   2.8523,
"origY":  -1.0214,
"origZ": -0.58824,
"colorb": "#E6194B" 
},
{
 "id": "C017",
"label": "C017",
"size":       18,
"meta": "control",
"fx":   441.82,
"fy": -353.6444,
"fz": -271.7877,
"origX":   2.2091,
"origY":  -2.0914,
"origZ": -0.13331,
"colorb": "#E6194B" 
},
{
 "id": "C019",
"label": "C019",
"size":       18,
"meta": "control",
"fx":      210,
"fy": 268.3644,
"fz": 367.4154,
"origX":     1.05,
"origY":  0.70764,
"origZ":   1.9441,
"colorb": "#E6194B" 
},
{
 "id": "C020",
"label": "C020",
"size":       18,
"meta": "control",
"fx":   288.78,
"fy": 527.9778,
"fz":    101.6,
"origX":   1.4439,
"origY":   1.8759,
"origZ":   1.0802,
"colorb": "#E6194B" 
},
{
 "id": "C021",
"label": "C021",
"size":       18,
"meta": "control",
"fx":   74.778,
"fy": 531.1333,
"fz": -194.5169,
"origX":  0.37389,
"origY":   1.8901,
"origZ":  0.11782,
"colorb": "#E6194B" 
},
{
 "id": "C022",
"label": "C022",
"size":       18,
"meta": "control",
"fx":    225.6,
"fy": 500.4889,
"fz": -832.8615,
"origX":    1.128,
"origY":   1.7522,
"origZ":  -1.9568,
"colorb": "#E6194B" 
},
{
 "id": "C024",
"label": "C024",
"size":       18,
"meta": "control",
"fx":   667.08,
"fy": -23.50889,
"fz": -495.9323,
"origX":   3.3354,
"origY": -0.60579,
"origZ": -0.86178,
"colorb": "#E6194B" 
},
{
 "id": "C026",
"label": "C026",
"size":       18,
"meta": "control",
"fx":   549.68,
"fy": 320.7444,
"fz": -815.6615,
"origX":   2.7484,
"origY":  0.94335,
"origZ":  -1.9009,
"colorb": "#E6194B" 
},
{
 "id": "C028",
"label": "C028",
"size":       18,
"meta": "control",
"fx":   554.66,
"fy": -30.53556,
"fz": 142.0308,
"origX":   2.7733,
"origY": -0.63741,
"origZ":   1.2116,
"colorb": "#E6194B" 
},
{
 "id": "C029",
"label": "C029",
"size":       18,
"meta": "control",
"fx":  193.718,
"fy": 260.1933,
"fz": -148.7723,
"origX":  0.96859,
"origY":  0.67087,
"origZ":  0.26649,
"colorb": "#E6194B" 
},
{
 "id": "C030",
"label": "C030",
"size":       18,
"meta": "control",
"fx":  130.186,
"fy": 22.66444,
"fz": -175.9969,
"origX":  0.65093,
"origY": -0.39801,
"origZ":  0.17801,
"colorb": "#E6194B" 
},
{
 "id": "C031",
"label": "C031",
"size":       18,
"meta": "control",
"fx":   279.54,
"fy": 43.93333,
"fz": 353.2923,
"origX":   1.3977,
"origY":  -0.3023,
"origZ":   1.8982,
"colorb": "#E6194B" 
},
{
 "id": "C032",
"label": "C032",
"size":       18,
"meta": "control",
"fx":    418.8,
"fy": 306.0289,
"fz":  -420.12,
"origX":    2.094,
"origY":  0.87713,
"origZ": -0.61539,
"colorb": "#E6194B" 
},
{
 "id": "C033",
"label": "C033",
"size":       18,
"meta": "control",
"fx":   486.12,
"fy": 450.0222,
"fz": -517.4738,
"origX":   2.4306,
"origY":   1.5251,
"origZ": -0.93179,
"colorb": "#E6194B" 
},
{
 "id": "C034",
"label": "C034",
"size":       18,
"meta": "control",
"fx":   313.02,
"fy": 16.13111,
"fz": 380.0923,
"origX":   1.5651,
"origY": -0.42741,
"origZ":   1.9853,
"colorb": "#E6194B" 
},
{
 "id": "P002",
"label": "P002",
"size":       18,
"meta": "patient",
"fx":  -5.4488,
"fy": -656.0889,
"fz": -799.8769,
"origX": -0.027244,
"origY":  -3.4524,
"origZ":  -1.8496,
"colorb": "#3CB44B" 
},
{
 "id": "P012",
"label": "P012",
"size":       18,
"meta": "patient",
"fx":  -617.24,
"fy": 444.4889,
"fz": -159.1446,
"origX":  -3.0862,
"origY":   1.5002,
"origZ":  0.23278,
"colorb": "#3CB44B" 
},
{
 "id": "P014",
"label": "P014",
"size":       18,
"meta": "patient",
"fx":   -261.6,
"fy": -510.6889,
"fz": -503.6092,
"origX":   -1.308,
"origY":  -2.7981,
"origZ": -0.88673,
"colorb": "#3CB44B" 
},
{
 "id": "P027",
"label": "P027",
"size":       18,
"meta": "patient",
"fx":  -218.28,
"fy":  117.518,
"fz": -205.8551,
"origX":  -1.0914,
"origY": 0.028831,
"origZ": 0.080971,
"colorb": "#3CB44B" 
},
{
 "id": "P034",
"label": "P034",
"size":       18,
"meta": "patient",
"fx":  -345.96,
"fy": -418.2889,
"fz": -87.01231,
"origX":  -1.7298,
"origY":  -2.3823,
"origZ":  0.46721,
"colorb": "#3CB44B" 
},
{
 "id": "P037",
"label": "P037",
"size":       18,
"meta": "patient",
"fx":   42.528,
"fy": -706.8667,
"fz": -739.3231,
"origX":  0.21264,
"origY":  -3.6809,
"origZ":  -1.6528,
"colorb": "#3CB44B" 
},
{
 "id": "P038",
"label": "P038",
"size":       18,
"meta": "patient",
"fx":  -419.78,
"fy": -143.5333,
"fz": 752.4923,
"origX":  -2.0989,
"origY":  -1.1459,
"origZ":   3.1956,
"colorb": "#3CB44B" 
},
{
 "id": "P041",
"label": "P041",
"size":       18,
"meta": "patient",
"fx":  -517.04,
"fy":    313.5,
"fz": -867.6308,
"origX":  -2.5852,
"origY":  0.91075,
"origZ":  -2.0698,
"colorb": "#3CB44B" 
},
{
 "id": "P042",
"label": "P042",
"size":       18,
"meta": "patient",
"fx":  -291.12,
"fy": 554.8444,
"fz": -595.9077,
"origX":  -1.4556,
"origY":   1.9968,
"origZ":  -1.1867,
"colorb": "#3CB44B" 
},
{
 "id": "P049",
"label": "P049",
"size":       18,
"meta": "patient",
"fx":  -401.04,
"fy": 193.7511,
"fz": -279.1969,
"origX":  -2.0052,
"origY":  0.37188,
"origZ": -0.15739,
"colorb": "#3CB44B" 
},
{
 "id": "P056",
"label": "P056",
"size":       18,
"meta": "patient",
"fx": -192.434,
"fy":    415.6,
"fz": -662.5231,
"origX": -0.96217,
"origY":   1.3702,
"origZ":  -1.4032,
"colorb": "#3CB44B" 
},
{
 "id": "P058",
"label": "P058",
"size":       18,
"meta": "patient",
"fx":  -245.66,
"fy": -214.1333,
"fz": -504.2092,
"origX":  -1.2283,
"origY":  -1.4636,
"origZ": -0.88868,
"colorb": "#3CB44B" 
},
{
 "id": "P060",
"label": "P060",
"size":       18,
"meta": "patient",
"fx":  -349.56,
"fy": 72.28222,
"fz": -300.0246,
"origX":  -1.7478,
"origY": -0.17473,
"origZ": -0.22508,
"colorb": "#3CB44B" 
},
{
 "id": "P064",
"label": "P064",
"size":       18,
"meta": "patient",
"fx":     -398,
"fy": 1.815556,
"fz": -63.86462,
"origX":    -1.99,
"origY": -0.49183,
"origZ":  0.54244,
"colorb": "#3CB44B" 
},
{
 "id": "P065",
"label": "P065",
"size":       18,
"meta": "patient",
"fx":  -389.54,
"fy": -54.25333,
"fz": 11.42769,
"origX":  -1.9477,
"origY": -0.74414,
"origZ":  0.78714,
"colorb": "#3CB44B" 
},
{
 "id": "P070",
"label": "P070",
"size":       18,
"meta": "patient",
"fx": -187.656,
"fy": -117.4222,
"fz": -179.4308,
"origX": -0.93828,
"origY":  -1.0284,
"origZ":  0.16685,
"colorb": "#3CB44B" 
},
{
 "id": "P080",
"label": "P080",
"size":       18,
"meta": "patient",
"fx":  -310.96,
"fy": -289.4667,
"fz": -270.9754,
"origX":  -1.5548,
"origY":  -1.8026,
"origZ": -0.13067,
"colorb": "#3CB44B" 
},
{
 "id": "P085",
"label": "P085",
"size":       18,
"meta": "patient",
"fx":  -746.38,
"fy": 635.3333,
"fz":  -334.48,
"origX":  -3.7319,
"origY":    2.359,
"origZ": -0.33706,
"colorb": "#3CB44B" 
},
{
 "id": "P086",
"label": "P086",
"size":       18,
"meta": "patient",
"fx":  -578.66,
"fy":   295.68,
"fz": 244.9538,
"origX":  -2.8933,
"origY":  0.83056,
"origZ":   1.5461,
"colorb": "#3CB44B" 
},
{
 "id": "P089",
"label": "P089",
"size":       18,
"meta": "patient",
"fx":  -371.52,
"fy": 192.4489,
"fz": 5.501538,
"origX":  -1.8576,
"origY":  0.36602,
"origZ":  0.76788,
"colorb": "#3CB44B" 
},
{
 "id": "P092",
"label": "P092",
"size":       18,
"meta": "patient",
"fx": -151.086,
"fy": -77.67333,
"fz":   -800.8,
"origX": -0.75543,
"origY": -0.84953,
"origZ":  -1.8526,
"colorb": "#3CB44B" 
},
{
 "id": "P099",
"label": "P099",
"size":       18,
"meta": "patient",
"fx":  -94.278,
"fy": -65.94667,
"fz": -814.0615,
"origX": -0.47139,
"origY": -0.79676,
"origZ":  -1.8957,
"colorb": "#3CB44B" 
},
{
 "id": "P113",
"label": "P113",
"size":       18,
"meta": "patient",
"fx":  -58.496,
"fy": -759.1333,
"fz":    115.2,
"origX": -0.29248,
"origY":  -3.9161,
"origZ":   1.1244,
"colorb": "#3CB44B" 
},
{
 "id": "P013b",
"label": "P013b",
"size":       18,
"meta": "patient",
"fx":  -502.48,
"fy": 799.3333,
"fz": -573.3231,
"origX":  -2.5124,
"origY":    3.097,
"origZ":  -1.1133,
"colorb": "#3CB44B" 
},
{
 "id": "P100b",
"label": "P100b",
"size":       18,
"meta": "patient",
"fx":  -582.92,
"fy": 148.0667,
"fz": 38.44308,
"origX":  -2.9146,
"origY":   0.1663,
"origZ":  0.87494,
"colorb": "#3CB44B" 
} 
],
"meta": [ "control", "control", "control", "control", "control", "control", "control", "control", "control", "control", "control", "control", "control", "control", "control", "control", "control", "control", "control", "control", "control", "control", "control", "control", "control", "patient", "patient", "patient", "patient", "patient", "patient", "patient", "patient", "patient", "patient", "patient", "patient", "patient", "patient", "patient", "patient", "patient", "patient", "patient", "patient", "patient", "patient", "patient", "patient", "patient" ],
"loading": [
 {
 "id": "Bin.0.82",
"label": "Bin.0.82",
"size":       24,
"opacity":     0.79,
"fx":   -880.7,
"fy":     1000,
"fz": -90.90909,
"origX": -0.52842,
"origY":        0,
"origZ":        0,
"seedArr": "notSeed",
"colorb": "#F04024",
"colorw": "#F04024" 
},
{
 "id": "Bin.2.70",
"label": "Bin.2.70",
"size":       24,
"opacity":     0.79,
"fx": 871.9167,
"fy":     1000,
"fz": -90.90909,
"origX":  0.52315,
"origY":        0,
"origZ":        0,
"seedArr": "notSeed",
"colorb": "#F04225",
"colorw": "#F04225" 
},
{
 "id": "Bin.2.54",
"label": "Bin.2.54",
"size":       24,
"opacity":     0.78,
"fx": 756.3333,
"fy":     1000,
"fz": -90.90909,
"origX":   0.4538,
"origY":        0,
"origZ":        0,
"seedArr": "notSeed",
"colorb": "#F14829",
"colorw": "#F14829" 
},
{
 "id": "Bin.0.94",
"label": "Bin.0.94",
"size":       24,
"opacity":     0.78,
"fx": -732.1167,
"fy":     1000,
"fz": -90.90909,
"origX": -0.43927,
"origY":        0,
"origZ":        0,
"seedArr": "notSeed",
"colorb": "#F14A2A",
"colorw": "#F14A2A" 
},
{
 "id": "Bin.8.74",
"label": "Bin.8.74",
"size":       24,
"opacity":     0.77,
"fx":   -365.9,
"fy":     1000,
"fz": -90.90909,
"origX": -0.21954,
"origY":        0,
"origZ":        0,
"seedArr": "notSeed",
"colorb": "#F15130",
"colorw": "#F15130" 
},
{
 "id": "Bin.3.66",
"label": "Bin.3.66",
"size":       24,
"opacity":      0.8,
"fx":        0,
"fy":  -922.85,
"fz": -90.90909,
"origX":        0,
"origY": -0.76914,
"origZ":        0,
"seedArr": "notSeed",
"colorb": "#F03B20",
"colorw": "#F03B20" 
},
{
 "id": "Bin.4.22",
"label": "Bin.4.22",
"size":       24,
"opacity":     0.78,
"fx":        0,
"fy":   -142.3,
"fz": -90.90909,
"origX":        0,
"origY": -0.45692,
"origZ":        0,
"seedArr": "notSeed",
"colorb": "#F04628",
"colorw": "#F04628" 
},
{
 "id": "Bin.3.62",
"label": "Bin.3.62",
"size":       24,
"opacity":     0.77,
"fx":        0,
"fy":   59.575,
"fz": -90.90909,
"origX":        0,
"origY": -0.37617,
"origZ":        0,
"seedArr": "notSeed",
"colorb": "#F14D2D",
"colorw": "#F14D2D" 
},
{
 "id": "Bin.3.70",
"label": "Bin.3.70",
"size":       24,
"opacity":     0.77,
"fx":        0,
"fy":  420.025,
"fz": -90.90909,
"origX":        0,
"origY": -0.23199,
"origZ":        0,
"seedArr": "notSeed",
"colorb": "#F14F2E",
"colorw": "#F14F2E" 
},
{
 "id": "Bin.3.22",
"label": "Bin.3.22",
"size":       24,
"opacity":     0.78,
"fx":        0,
"fy": 835.5475,
"fz": -864.6364,
"origX":        0,
"origY": -0.065781,
"origZ": -0.42555,
"seedArr": "notSeed",
"colorb": "#F14B2C",
"colorw": "#F14B2C" 
},
{
 "id": "Bin.9.90",
"label": "Bin.9.90",
"size":       24,
"opacity":      0.3,
"fx":        0,
"fy":     1000,
"fz": -90.90909,
"origX":        0,
"origY":        0,
"origZ":        0,
"seedArr": "notSeed",
"colorb": "#FCF5DF",
"colorw": "#FCF5DF" 
},
{
 "id": "Bin.9.86",
"label": "Bin.9.86",
"size":       24,
"opacity":      0.3,
"fx":        0,
"fy":     1000,
"fz": -90.90909,
"origX":        0,
"origY":        0,
"origZ":        0,
"seedArr": "notSeed",
"colorb": "#FCF4DE",
"colorw": "#FCF4DE" 
},
{
 "id": "Bin.9.82",
"label": "Bin.9.82",
"size":       24,
"opacity":     0.31,
"fx":        0,
"fy":     1000,
"fz": -90.90909,
"origX":        0,
"origY":        0,
"origZ":        0,
"seedArr": "notSeed",
"colorb": "#FCF4DD",
"colorw": "#FCF4DD" 
},
{
 "id": "Bin.9.46",
"label": "Bin.9.46",
"size":       24,
"opacity":     0.31,
"fx":        0,
"fy":     1000,
"fz": -90.90909,
"origX":        0,
"origY":        0,
"origZ":        0,
"seedArr": "notSeed",
"colorb": "#FCF4DD",
"colorw": "#FCF4DD" 
},
{
 "id": "Bin.9.42",
"label": "Bin.9.42",
"size":       24,
"opacity":     0.31,
"fx":        0,
"fy":     1000,
"fz": -90.90909,
"origX":        0,
"origY":        0,
"origZ":        0,
"seedArr": "notSeed",
"colorb": "#FCF4DC",
"colorw": "#FCF4DC" 
},
{
 "id": "Bin.9.38",
"label": "Bin.9.38",
"size":       24,
"opacity":     0.31,
"fx":        0,
"fy":     1000,
"fz": -90.90909,
"origX":        0,
"origY":        0,
"origZ":        0,
"seedArr": "notSeed",
"colorb": "#FCF4DB",
"colorw": "#FCF4DB" 
},
{
 "id": "Bin.9.34",
"label": "Bin.9.34",
"size":       24,
"opacity":     0.32,
"fx":        0,
"fy":     1000,
"fz": -90.90909,
"origX":        0,
"origY":        0,
"origZ":        0,
"seedArr": "notSeed",
"colorb": "#FCF4DB",
"colorw": "#FCF4DB" 
},
{
 "id": "Bin.9.30",
"label": "Bin.9.30",
"size":       24,
"opacity":     0.32,
"fx":        0,
"fy":     1000,
"fz": -90.90909,
"origX":        0,
"origY":        0,
"origZ":        0,
"seedArr": "notSeed",
"colorb": "#FCF4DA",
"colorw": "#FCF4DA" 
},
{
 "id": "Bin.9.26",
"label": "Bin.9.26",
"size":       24,
"opacity":     0.32,
"fx":        0,
"fy":     1000,
"fz": -90.90909,
"origX":        0,
"origY":        0,
"origZ":        0,
"seedArr": "notSeed",
"colorb": "#FCF4D9",
"colorw": "#FCF4D9" 
},
{
 "id": "Bin.9.22",
"label": "Bin.9.22",
"size":       24,
"opacity":     0.32,
"fx":        0,
"fy":     1000,
"fz": -90.90909,
"origX":        0,
"origY":        0,
"origZ":        0,
"seedArr": "notSeed",
"colorb": "#FCF4D9",
"colorw": "#FCF4D9" 
},
{
 "id": "Bin.9.18",
"label": "Bin.9.18",
"size":       24,
"opacity":     0.33,
"fx":        0,
"fy":     1000,
"fz": -90.90909,
"origX":        0,
"origY":        0,
"origZ":        0,
"seedArr": "notSeed",
"colorb": "#FCF4D8",
"colorw": "#FCF4D8" 
},
{
 "id": "Bin.9.14",
"label": "Bin.9.14",
"size":       24,
"opacity":     0.33,
"fx":        0,
"fy":     1000,
"fz": -90.90909,
"origX":        0,
"origY":        0,
"origZ":        0,
"seedArr": "notSeed",
"colorb": "#FCF4D7",
"colorw": "#FCF4D7" 
},
{
 "id": "Bin.9.10",
"label": "Bin.9.10",
"size":       24,
"opacity":     0.33,
"fx":        0,
"fy":     1000,
"fz": -90.90909,
"origX":        0,
"origY":        0,
"origZ":        0,
"seedArr": "notSeed",
"colorb": "#FCF3D7",
"colorw": "#FCF3D7" 
},
{
 "id": "Bin.9.06",
"label": "Bin.9.06",
"size":       24,
"opacity":     0.33,
"fx":        0,
"fy":     1000,
"fz": -90.90909,
"origX":        0,
"origY":        0,
"origZ":        0,
"seedArr": "notSeed",
"colorb": "#FCF3D6",
"colorw": "#FCF3D6" 
},
{
 "id": "Bin.9.02",
"label": "Bin.9.02",
"size":       24,
"opacity":     0.34,
"fx":        0,
"fy":     1000,
"fz": -90.90909,
"origX":        0,
"origY":        0,
"origZ":        0,
"seedArr": "notSeed",
"colorb": "#FCF3D5",
"colorw": "#FCF3D5" 
},
{
 "id": "Bin.8.98",
"label": "Bin.8.98",
"size":       24,
"opacity":     0.34,
"fx":        0,
"fy":     1000,
"fz": -90.90909,
"origX":        0,
"origY":        0,
"origZ":        0,
"seedArr": "notSeed",
"colorb": "#FCF3D5",
"colorw": "#FCF3D5" 
},
{
 "id": "Bin.8.94",
"label": "Bin.8.94",
"size":       24,
"opacity":     0.34,
"fx":        0,
"fy":     1000,
"fz": -90.90909,
"origX":        0,
"origY":        0,
"origZ":        0,
"seedArr": "notSeed",
"colorb": "#FCF3D4",
"colorw": "#FCF3D4" 
},
{
 "id": "Bin.8.90",
"label": "Bin.8.90",
"size":       24,
"opacity":     0.34,
"fx":        0,
"fy":     1000,
"fz": -90.90909,
"origX":        0,
"origY":        0,
"origZ":        0,
"seedArr": "notSeed",
"colorb": "#FCF3D3",
"colorw": "#FCF3D3" 
},
{
 "id": "Bin.8.86",
"label": "Bin.8.86",
"size":       24,
"opacity":     0.35,
"fx":        0,
"fy":     1000,
"fz": -90.90909,
"origX":        0,
"origY":        0,
"origZ":        0,
"seedArr": "notSeed",
"colorb": "#FCF3D3",
"colorw": "#FCF3D3" 
},
{
 "id": "Bin.8.82",
"label": "Bin.8.82",
"size":       24,
"opacity":     0.35,
"fx":        0,
"fy":     1000,
"fz": -90.90909,
"origX":        0,
"origY":        0,
"origZ":        0,
"seedArr": "notSeed",
"colorb": "#FCF3D2",
"colorw": "#FCF3D2" 
},
{
 "id": "Bin.8.78",
"label": "Bin.8.78",
"size":       24,
"opacity":     0.35,
"fx":        0,
"fy":     1000,
"fz": -90.90909,
"origX":        0,
"origY":        0,
"origZ":        0,
"seedArr": "notSeed",
"colorb": "#FCF3D1",
"colorw": "#FCF3D1" 
},
{
 "id": "Bin.8.70",
"label": "Bin.8.70",
"size":       24,
"opacity":     0.36,
"fx":        0,
"fy":     1000,
"fz": -90.90909,
"origX":        0,
"origY":        0,
"origZ":        0,
"seedArr": "notSeed",
"colorb": "#FCF3D1",
"colorw": "#FCF3D1" 
},
{
 "id": "Bin.8.66",
"label": "Bin.8.66",
"size":       24,
"opacity":     0.36,
"fx":        0,
"fy":     1000,
"fz": -90.90909,
"origX":        0,
"origY":        0,
"origZ":        0,
"seedArr": "notSeed",
"colorb": "#FCF3D0",
"colorw": "#FCF3D0" 
},
{
 "id": "Bin.8.62",
"label": "Bin.8.62",
"size":       24,
"opacity":     0.36,
"fx":        0,
"fy":     1000,
"fz": -90.90909,
"origX":        0,
"origY":        0,
"origZ":        0,
"seedArr": "notSeed",
"colorb": "#FCF3CF",
"colorw": "#FCF3CF" 
},
{
 "id": "Bin.8.58",
"label": "Bin.8.58",
"size":       24,
"opacity":     0.36,
"fx":        0,
"fy":     1000,
"fz": -90.90909,
"origX":        0,
"origY":        0,
"origZ":        0,
"seedArr": "notSeed",
"colorb": "#FCF2CF",
"colorw": "#FCF2CF" 
},
{
 "id": "Bin.8.54",
"label": "Bin.8.54",
"size":       24,
"opacity":     0.37,
"fx":        0,
"fy":     1000,
"fz": -90.90909,
"origX":        0,
"origY":        0,
"origZ":        0,
"seedArr": "notSeed",
"colorb": "#FCF2CE",
"colorw": "#FCF2CE" 
},
{
 "id": "Bin.8.50",
"label": "Bin.8.50",
"size":       24,
"opacity":     0.37,
"fx":        0,
"fy":     1000,
"fz": -90.90909,
"origX":        0,
"origY":        0,
"origZ":        0,
"seedArr": "notSeed",
"colorb": "#FCF2CD",
"colorw": "#FCF2CD" 
},
{
 "id": "Bin.8.46",
"label": "Bin.8.46",
"size":       24,
"opacity":     0.37,
"fx":        0,
"fy":     1000,
"fz": -90.90909,
"origX":        0,
"origY":        0,
"origZ":        0,
"seedArr": "notSeed",
"colorb": "#FCF2CD",
"colorw": "#FCF2CD" 
},
{
 "id": "Bin.8.42",
"label": "Bin.8.42",
"size":       24,
"opacity":     0.37,
"fx":        0,
"fy":     1000,
"fz": -90.90909,
"origX":        0,
"origY":        0,
"origZ":        0,
"seedArr": "notSeed",
"colorb": "#FCF2CC",
"colorw": "#FCF2CC" 
},
{
 "id": "Bin.8.38",
"label": "Bin.8.38",
"size":       24,
"opacity":     0.38,
"fx":        0,
"fy":     1000,
"fz": -90.90909,
"origX":        0,
"origY":        0,
"origZ":        0,
"seedArr": "notSeed",
"colorb": "#FCF2CB",
"colorw": "#FCF2CB" 
},
{
 "id": "Bin.8.34",
"label": "Bin.8.34",
"size":       24,
"opacity":     0.38,
"fx":        0,
"fy":     1000,
"fz": -90.90909,
"origX":        0,
"origY":        0,
"origZ":        0,
"seedArr": "notSeed",
"colorb": "#FCF2CB",
"colorw": "#FCF2CB" 
},
{
 "id": "Bin.8.30",
"label": "Bin.8.30",
"size":       24,
"opacity":     0.38,
"fx":        0,
"fy":     1000,
"fz": -90.90909,
"origX":        0,
"origY":        0,
"origZ":        0,
"seedArr": "notSeed",
"colorb": "#FCF2CA",
"colorw": "#FCF2CA" 
},
{
 "id": "Bin.8.26",
"label": "Bin.8.26",
"size":       24,
"opacity":     0.38,
"fx":        0,
"fy":     1000,
"fz": -90.90909,
"origX":        0,
"origY":        0,
"origZ":        0,
"seedArr": "notSeed",
"colorb": "#FDF2C9",
"colorw": "#FDF2C9" 
},
{
 "id": "Bin.8.22",
"label": "Bin.8.22",
"size":       24,
"opacity":     0.39,
"fx":        0,
"fy":     1000,
"fz": -90.90909,
"origX":        0,
"origY":        0,
"origZ":        0,
"seedArr": "notSeed",
"colorb": "#FDF2C9",
"colorw": "#FDF2C9" 
},
{
 "id": "Bin.8.18",
"label": "Bin.8.18",
"size":       24,
"opacity":     0.39,
"fx":        0,
"fy":     1000,
"fz": -90.90909,
"origX":        0,
"origY":        0,
"origZ":        0,
"seedArr": "notSeed",
"colorb": "#FDF2C8",
"colorw": "#FDF2C8" 
},
{
 "id": "Bin.8.14",
"label": "Bin.8.14",
"size":       24,
"opacity":     0.39,
"fx":        0,
"fy":     1000,
"fz": -90.90909,
"origX":        0,
"origY":        0,
"origZ":        0,
"seedArr": "notSeed",
"colorb": "#FDF2C7",
"colorw": "#FDF2C7" 
},
{
 "id": "Bin.8.10",
"label": "Bin.8.10",
"size":       24,
"opacity":      0.4,
"fx":        0,
"fy":     1000,
"fz": -90.90909,
"origX":        0,
"origY":        0,
"origZ":        0,
"seedArr": "notSeed",
"colorb": "#FDF1C7",
"colorw": "#FDF1C7" 
},
{
 "id": "Bin.8.06",
"label": "Bin.8.06",
"size":       24,
"opacity":      0.4,
"fx":        0,
"fy":     1000,
"fz": -90.90909,
"origX":        0,
"origY":        0,
"origZ":        0,
"seedArr": "notSeed",
"colorb": "#FDF1C6",
"colorw": "#FDF1C6" 
},
{
 "id": "Bin.8.02",
"label": "Bin.8.02",
"size":       24,
"opacity":      0.4,
"fx":        0,
"fy":     1000,
"fz": -90.90909,
"origX":        0,
"origY":        0,
"origZ":        0,
"seedArr": "notSeed",
"colorb": "#FDF1C5",
"colorw": "#FDF1C5" 
},
{
 "id": "Bin.7.98",
"label": "Bin.7.98",
"size":       24,
"opacity":      0.4,
"fx":        0,
"fy":     1000,
"fz": -90.90909,
"origX":        0,
"origY":        0,
"origZ":        0,
"seedArr": "notSeed",
"colorb": "#FDF1C5",
"colorw": "#FDF1C5" 
},
{
 "id": "Bin.7.94",
"label": "Bin.7.94",
"size":       24,
"opacity":     0.41,
"fx":        0,
"fy":     1000,
"fz": -90.90909,
"origX":        0,
"origY":        0,
"origZ":        0,
"seedArr": "notSeed",
"colorb": "#FDF1C4",
"colorw": "#FDF1C4" 
},
{
 "id": "Bin.7.90",
"label": "Bin.7.90",
"size":       24,
"opacity":     0.41,
"fx":        0,
"fy":     1000,
"fz": -90.90909,
"origX":        0,
"origY":        0,
"origZ":        0,
"seedArr": "notSeed",
"colorb": "#FDF1C3",
"colorw": "#FDF1C3" 
},
{
 "id": "Bin.7.86",
"label": "Bin.7.86",
"size":       24,
"opacity":     0.41,
"fx":        0,
"fy":     1000,
"fz": -90.90909,
"origX":        0,
"origY":        0,
"origZ":        0,
"seedArr": "notSeed",
"colorb": "#FDF1C3",
"colorw": "#FDF1C3" 
},
{
 "id": "Bin.7.82",
"label": "Bin.7.82",
"size":       24,
"opacity":     0.41,
"fx":        0,
"fy":     1000,
"fz": -90.90909,
"origX":        0,
"origY":        0,
"origZ":        0,
"seedArr": "notSeed",
"colorb": "#FDF1C2",
"colorw": "#FDF1C2" 
},
{
 "id": "Bin.7.78",
"label": "Bin.7.78",
"size":       24,
"opacity":     0.42,
"fx":        0,
"fy":     1000,
"fz": -90.90909,
"origX":        0,
"origY":        0,
"origZ":        0,
"seedArr": "notSeed",
"colorb": "#FDF1C1",
"colorw": "#FDF1C1" 
},
{
 "id": "Bin.7.74",
"label": "Bin.7.74",
"size":       24,
"opacity":     0.42,
"fx":        0,
"fy":     1000,
"fz": -90.90909,
"origX":        0,
"origY":        0,
"origZ":        0,
"seedArr": "notSeed",
"colorb": "#FDF1C1",
"colorw": "#FDF1C1" 
},
{
 "id": "Bin.7.70",
"label": "Bin.7.70",
"size":       24,
"opacity":     0.42,
"fx":        0,
"fy":     1000,
"fz": -90.90909,
"origX":        0,
"origY":        0,
"origZ":        0,
"seedArr": "notSeed",
"colorb": "#FDF1C0",
"colorw": "#FDF1C0" 
},
{
 "id": "Bin.7.66",
"label": "Bin.7.66",
"size":       24,
"opacity":     0.42,
"fx":        0,
"fy":     1000,
"fz": -90.90909,
"origX":        0,
"origY":        0,
"origZ":        0,
"seedArr": "notSeed",
"colorb": "#FDF1BF",
"colorw": "#FDF1BF" 
},
{
 "id": "Bin.7.62",
"label": "Bin.7.62",
"size":       24,
"opacity":     0.43,
"fx":        0,
"fy":     1000,
"fz": -90.90909,
"origX":        0,
"origY":        0,
"origZ":        0,
"seedArr": "notSeed",
"colorb": "#FDF0BF",
"colorw": "#FDF0BF" 
},
{
 "id": "Bin.7.58",
"label": "Bin.7.58",
"size":       24,
"opacity":     0.43,
"fx":        0,
"fy":     1000,
"fz": -90.90909,
"origX":        0,
"origY":        0,
"origZ":        0,
"seedArr": "notSeed",
"colorb": "#FDF0BE",
"colorw": "#FDF0BE" 
},
{
 "id": "Bin.7.54",
"label": "Bin.7.54",
"size":       24,
"opacity":     0.43,
"fx":        0,
"fy":     1000,
"fz": -90.90909,
"origX":        0,
"origY":        0,
"origZ":        0,
"seedArr": "notSeed",
"colorb": "#FDF0BD",
"colorw": "#FDF0BD" 
},
{
 "id": "Bin.7.50",
"label": "Bin.7.50",
"size":       24,
"opacity":     0.43,
"fx":        0,
"fy":     1000,
"fz": -90.90909,
"origX":        0,
"origY":        0,
"origZ":        0,
"seedArr": "notSeed",
"colorb": "#FDF0BD",
"colorw": "#FDF0BD" 
},
{
 "id": "Bin.7.46",
"label": "Bin.7.46",
"size":       24,
"opacity":     0.44,
"fx":        0,
"fy":     1000,
"fz": -90.90909,
"origX":        0,
"origY":        0,
"origZ":        0,
"seedArr": "notSeed",
"colorb": "#FDF0BC",
"colorw": "#FDF0BC" 
},
{
 "id": "Bin.7.42",
"label": "Bin.7.42",
"size":       24,
"opacity":     0.44,
"fx":        0,
"fy":     1000,
"fz": -90.90909,
"origX":        0,
"origY":        0,
"origZ":        0,
"seedArr": "notSeed",
"colorb": "#FDF0BB",
"colorw": "#FDF0BB" 
},
{
 "id": "Bin.7.38",
"label": "Bin.7.38",
"size":       24,
"opacity":     0.44,
"fx":        0,
"fy":     1000,
"fz": -90.90909,
"origX":        0,
"origY":        0,
"origZ":        0,
"seedArr": "notSeed",
"colorb": "#FDF0BB",
"colorw": "#FDF0BB" 
},
{
 "id": "Bin.7.34",
"label": "Bin.7.34",
"size":       24,
"opacity":     0.45,
"fx":        0,
"fy":     1000,
"fz": -90.90909,
"origX":        0,
"origY":        0,
"origZ":        0,
"seedArr": "notSeed",
"colorb": "#FDF0BA",
"colorw": "#FDF0BA" 
},
{
 "id": "Bin.7.30",
"label": "Bin.7.30",
"size":       24,
"opacity":     0.45,
"fx":        0,
"fy":     1000,
"fz": -90.90909,
"origX":        0,
"origY":        0,
"origZ":        0,
"seedArr": "notSeed",
"colorb": "#FDF0B9",
"colorw": "#FDF0B9" 
},
{
 "id": "Bin.7.26",
"label": "Bin.7.26",
"size":       24,
"opacity":     0.45,
"fx":        0,
"fy":     1000,
"fz": -90.90909,
"origX":        0,
"origY":        0,
"origZ":        0,
"seedArr": "notSeed",
"colorb": "#FDF0B9",
"colorw": "#FDF0B9" 
},
{
 "id": "Bin.7.22",
"label": "Bin.7.22",
"size":       24,
"opacity":     0.45,
"fx":        0,
"fy":     1000,
"fz": -90.90909,
"origX":        0,
"origY":        0,
"origZ":        0,
"seedArr": "notSeed",
"colorb": "#FDF0B8",
"colorw": "#FDF0B8" 
},
{
 "id": "Bin.7.18",
"label": "Bin.7.18",
"size":       24,
"opacity":     0.46,
"fx":        0,
"fy":     1000,
"fz": -90.90909,
"origX":        0,
"origY":        0,
"origZ":        0,
"seedArr": "notSeed",
"colorb": "#FDF0B7",
"colorw": "#FDF0B7" 
},
{
 "id": "Bin.7.14",
"label": "Bin.7.14",
"size":       24,
"opacity":     0.79,
"fx":        0,
"fy":     1000,
"fz": 891.7636,
"origX":        0,
"origY":        0,
"origZ":  0.54047,
"seedArr": "notSeed",
"colorb": "#F03E22",
"colorw": "#F03E22" 
},
{
 "id": "Bin.7.10",
"label": "Bin.7.10",
"size":       24,
"opacity":     0.46,
"fx":        0,
"fy":     1000,
"fz": -90.90909,
"origX":        0,
"origY":        0,
"origZ":        0,
"seedArr": "notSeed",
"colorb": "#FDEFB7",
"colorw": "#FDEFB7" 
},
{
 "id": "Bin.7.06",
"label": "Bin.7.06",
"size":       24,
"opacity":     0.79,
"fx":        0,
"fy":     1000,
"fz": -944.9636,
"origX":        0,
"origY":        0,
"origZ": -0.46973,
"seedArr": "notSeed",
"colorb": "#F04426",
"colorw": "#F04426" 
},
{
 "id": "Bin.7.02",
"label": "Bin.7.02",
"size":       24,
"opacity":     0.46,
"fx":        0,
"fy":     1000,
"fz": -90.90909,
"origX":        0,
"origY":        0,
"origZ":        0,
"seedArr": "notSeed",
"colorb": "#FDEFB6",
"colorw": "#FDEFB6" 
},
{
 "id": "Bin.6.98",
"label": "Bin.6.98",
"size":       24,
"opacity":     0.46,
"fx":        0,
"fy":     1000,
"fz": -90.90909,
"origX":        0,
"origY":        0,
"origZ":        0,
"seedArr": "notSeed",
"colorb": "#FDEFB5",
"colorw": "#FDEFB5" 
},
{
 "id": "Bin.6.94",
"label": "Bin.6.94",
"size":       24,
"opacity":     0.47,
"fx":        0,
"fy":     1000,
"fz": -90.90909,
"origX":        0,
"origY":        0,
"origZ":        0,
"seedArr": "notSeed",
"colorb": "#FEEFB5",
"colorw": "#FEEFB5" 
},
{
 "id": "Bin.6.90",
"label": "Bin.6.90",
"size":       24,
"opacity":     0.47,
"fx":        0,
"fy":     1000,
"fz": -90.90909,
"origX":        0,
"origY":        0,
"origZ":        0,
"seedArr": "notSeed",
"colorb": "#FEEFB4",
"colorw": "#FEEFB4" 
},
{
 "id": "Bin.6.86",
"label": "Bin.6.86",
"size":       24,
"opacity":     0.47,
"fx":        0,
"fy":     1000,
"fz": -90.90909,
"origX":        0,
"origY":        0,
"origZ":        0,
"seedArr": "notSeed",
"colorb": "#FEEFB3",
"colorw": "#FEEFB3" 
},
{
 "id": "Bin.6.82",
"label": "Bin.6.82",
"size":       24,
"opacity":     0.47,
"fx":        0,
"fy":     1000,
"fz": -90.90909,
"origX":        0,
"origY":        0,
"origZ":        0,
"seedArr": "notSeed",
"colorb": "#FEEFB3",
"colorw": "#FEEFB3" 
},
{
 "id": "Bin.6.78",
"label": "Bin.6.78",
"size":       24,
"opacity":     0.48,
"fx":        0,
"fy":     1000,
"fz": -90.90909,
"origX":        0,
"origY":        0,
"origZ":        0,
"seedArr": "notSeed",
"colorb": "#FEEFB2",
"colorw": "#FEEFB2" 
},
{
 "id": "Bin.6.74",
"label": "Bin.6.74",
"size":       24,
"opacity":     0.48,
"fx":        0,
"fy":     1000,
"fz": -90.90909,
"origX":        0,
"origY":        0,
"origZ":        0,
"seedArr": "notSeed",
"colorb": "#FEEFB1",
"colorw": "#FEEFB1" 
},
{
 "id": "Bin.6.70",
"label": "Bin.6.70",
"size":       24,
"opacity":     0.48,
"fx":        0,
"fy":     1000,
"fz": -90.90909,
"origX":        0,
"origY":        0,
"origZ":        0,
"seedArr": "notSeed",
"colorb": "#FEEFB1",
"colorw": "#FEEFB1" 
},
{
 "id": "Bin.6.66",
"label": "Bin.6.66",
"size":       24,
"opacity":     0.49,
"fx":        0,
"fy":     1000,
"fz": -90.90909,
"origX":        0,
"origY":        0,
"origZ":        0,
"seedArr": "notSeed",
"colorb": "#FEEFB0",
"colorw": "#FEEFB0" 
},
{
 "id": "Bin.6.62",
"label": "Bin.6.62",
"size":       24,
"opacity":     0.49,
"fx":        0,
"fy":     1000,
"fz": -90.90909,
"origX":        0,
"origY":        0,
"origZ":        0,
"seedArr": "notSeed",
"colorb": "#FEEEAF",
"colorw": "#FEEEAF" 
},
{
 "id": "Bin.6.58",
"label": "Bin.6.58",
"size":       24,
"opacity":     0.49,
"fx":        0,
"fy":     1000,
"fz": -90.90909,
"origX":        0,
"origY":        0,
"origZ":        0,
"seedArr": "notSeed",
"colorb": "#FEEEAF",
"colorw": "#FEEEAF" 
},
{
 "id": "Bin.6.54",
"label": "Bin.6.54",
"size":       24,
"opacity":     0.49,
"fx":        0,
"fy":     1000,
"fz": -90.90909,
"origX":        0,
"origY":        0,
"origZ":        0,
"seedArr": "notSeed",
"colorb": "#FEEEAE",
"colorw": "#FEEEAE" 
},
{
 "id": "Bin.6.50",
"label": "Bin.6.50",
"size":       24,
"opacity":      0.5,
"fx":        0,
"fy":     1000,
"fz": -90.90909,
"origX":        0,
"origY":        0,
"origZ":        0,
"seedArr": "notSeed",
"colorb": "#FEEEAD",
"colorw": "#FEEEAD" 
},
{
 "id": "Bin.6.46",
"label": "Bin.6.46",
"size":       24,
"opacity":      0.5,
"fx":        0,
"fy":     1000,
"fz": -90.90909,
"origX":        0,
"origY":        0,
"origZ":        0,
"seedArr": "notSeed",
"colorb": "#FEEEAD",
"colorw": "#FEEEAD" 
},
{
 "id": "Bin.6.42",
"label": "Bin.6.42",
"size":       24,
"opacity":      0.5,
"fx":        0,
"fy":     1000,
"fz": -90.90909,
"origX":        0,
"origY":        0,
"origZ":        0,
"seedArr": "notSeed",
"colorb": "#FEEEAC",
"colorw": "#FEEEAC" 
},
{
 "id": "Bin.6.38",
"label": "Bin.6.38",
"size":       24,
"opacity":      0.5,
"fx":        0,
"fy":     1000,
"fz": -90.90909,
"origX":        0,
"origY":        0,
"origZ":        0,
"seedArr": "notSeed",
"colorb": "#FEEEAB",
"colorw": "#FEEEAB" 
},
{
 "id": "Bin.6.34",
"label": "Bin.6.34",
"size":       24,
"opacity":     0.51,
"fx":        0,
"fy":     1000,
"fz": -90.90909,
"origX":        0,
"origY":        0,
"origZ":        0,
"seedArr": "notSeed",
"colorb": "#FEEEAB",
"colorw": "#FEEEAB" 
},
{
 "id": "Bin.6.30",
"label": "Bin.6.30",
"size":       24,
"opacity":     0.51,
"fx":        0,
"fy":     1000,
"fz": -90.90909,
"origX":        0,
"origY":        0,
"origZ":        0,
"seedArr": "notSeed",
"colorb": "#FEEEAA",
"colorw": "#FEEEAA" 
},
{
 "id": "Bin.4.38",
"label": "Bin.4.38",
"size":       24,
"opacity":     0.51,
"fx":        0,
"fy":     1000,
"fz": -90.90909,
"origX":        0,
"origY":        0,
"origZ":        0,
"seedArr": "notSeed",
"colorb": "#FEEEA9",
"colorw": "#FEEEA9" 
},
{
 "id": "Bin.4.34",
"label": "Bin.4.34",
"size":       24,
"opacity":     0.51,
"fx":        0,
"fy":     1000,
"fz": -90.90909,
"origX":        0,
"origY":        0,
"origZ":        0,
"seedArr": "notSeed",
"colorb": "#FEEEA9",
"colorw": "#FEEEA9" 
},
{
 "id": "Bin.4.30",
"label": "Bin.4.30",
"size":       24,
"opacity":     0.52,
"fx":        0,
"fy":     1000,
"fz": -90.90909,
"origX":        0,
"origY":        0,
"origZ":        0,
"seedArr": "notSeed",
"colorb": "#FEEEA8",
"colorw": "#FEEEA8" 
},
{
 "id": "Bin.4.26",
"label": "Bin.4.26",
"size":       24,
"opacity":     0.52,
"fx":        0,
"fy":     1000,
"fz": -90.90909,
"origX":        0,
"origY":        0,
"origZ":        0,
"seedArr": "notSeed",
"colorb": "#FEEDA7",
"colorw": "#FEEDA7" 
},
{
 "id": "Bin.4.18",
"label": "Bin.4.18",
"size":       24,
"opacity":     0.52,
"fx":        0,
"fy":     1000,
"fz": -90.90909,
"origX":        0,
"origY":        0,
"origZ":        0,
"seedArr": "notSeed",
"colorb": "#FEEDA7",
"colorw": "#FEEDA7" 
},
{
 "id": "Bin.4.14",
"label": "Bin.4.14",
"size":       24,
"opacity":     0.52,
"fx":        0,
"fy":     1000,
"fz": -90.90909,
"origX":        0,
"origY":        0,
"origZ":        0,
"seedArr": "notSeed",
"colorb": "#FEEDA6",
"colorw": "#FEEDA6" 
},
{
 "id": "Bin.4.10",
"label": "Bin.4.10",
"size":       24,
"opacity":     0.53,
"fx":        0,
"fy":     1000,
"fz": -90.90909,
"origX":        0,
"origY":        0,
"origZ":        0,
"seedArr": "notSeed",
"colorb": "#FEEDA5",
"colorw": "#FEEDA5" 
},
{
 "id": "Bin.4.06",
"label": "Bin.4.06",
"size":       24,
"opacity":     0.53,
"fx":        0,
"fy":     1000,
"fz": -90.90909,
"origX":        0,
"origY":        0,
"origZ":        0,
"seedArr": "notSeed",
"colorb": "#FEEDA5",
"colorw": "#FEEDA5" 
},
{
 "id": "Bin.4.02",
"label": "Bin.4.02",
"size":       24,
"opacity":     0.53,
"fx":        0,
"fy":     1000,
"fz": -90.90909,
"origX":        0,
"origY":        0,
"origZ":        0,
"seedArr": "notSeed",
"colorb": "#FEEDA4",
"colorw": "#FEEDA4" 
},
{
 "id": "Bin.4.04",
"label": "Bin.4.04",
"size":       24,
"opacity":     0.54,
"fx":        0,
"fy":     1000,
"fz": -90.90909,
"origX":        0,
"origY":        0,
"origZ":        0,
"seedArr": "notSeed",
"colorb": "#FEEDA3",
"colorw": "#FEEDA3" 
},
{
 "id": "Bin.3.98",
"label": "Bin.3.98",
"size":       24,
"opacity":     0.54,
"fx":        0,
"fy":     1000,
"fz": -90.90909,
"origX":        0,
"origY":        0,
"origZ":        0,
"seedArr": "notSeed",
"colorb": "#FEEDA3",
"colorw": "#FEEDA3" 
},
{
 "id": "Bin.3.94",
"label": "Bin.3.94",
"size":       24,
"opacity":     0.77,
"fx":        0,
"fy":     1000,
"fz": 74.18727,
"origX":        0,
"origY":        0,
"origZ": 0.090803,
"seedArr": "notSeed",
"colorb": "#F25331",
"colorw": "#F25331" 
},
{
 "id": "Bin.3.90",
"label": "Bin.3.90",
"size":       24,
"opacity":     0.54,
"fx":        0,
"fy":     1000,
"fz": -90.90909,
"origX":        0,
"origY":        0,
"origZ":        0,
"seedArr": "notSeed",
"colorb": "#FEEDA2",
"colorw": "#FEEDA2" 
},
{
 "id": "Bin.3.86",
"label": "Bin.3.86",
"size":       24,
"opacity":     0.54,
"fx":        0,
"fy":     1000,
"fz": -90.90909,
"origX":        0,
"origY":        0,
"origZ":        0,
"seedArr": "notSeed",
"colorb": "#FEEDA1",
"colorw": "#FEEDA1" 
},
{
 "id": "Bin.3.82",
"label": "Bin.3.82",
"size":       24,
"opacity":     0.55,
"fx":        0,
"fy":     1000,
"fz": -90.90909,
"origX":        0,
"origY":        0,
"origZ":        0,
"seedArr": "notSeed",
"colorb": "#FEEDA1",
"colorw": "#FEEDA1" 
},
{
 "id": "Bin.3.78",
"label": "Bin.3.78",
"size":       24,
"opacity":     0.55,
"fx":        0,
"fy":     1000,
"fz": -90.90909,
"origX":        0,
"origY":        0,
"origZ":        0,
"seedArr": "notSeed",
"colorb": "#FEEDA0",
"colorw": "#FEEDA0" 
},
{
 "id": "Bin.3.74",
"label": "Bin.3.74",
"size":       24,
"opacity":     0.55,
"fx":        0,
"fy":     1000,
"fz": -90.90909,
"origX":        0,
"origY":        0,
"origZ":        0,
"seedArr": "notSeed",
"colorb": "#FEEC9F",
"colorw": "#FEEC9F" 
},
{
 "id": "Bin.3.58",
"label": "Bin.3.58",
"size":       24,
"opacity":     0.55,
"fx":        0,
"fy":     1000,
"fz": -90.90909,
"origX":        0,
"origY":        0,
"origZ":        0,
"seedArr": "notSeed",
"colorb": "#FEEA9D",
"colorw": "#FEEA9D" 
},
{
 "id": "Bin.3.54",
"label": "Bin.3.54",
"size":       24,
"opacity":     0.56,
"fx":        0,
"fy":     1000,
"fz": -90.90909,
"origX":        0,
"origY":        0,
"origZ":        0,
"seedArr": "notSeed",
"colorb": "#FEE89C",
"colorw": "#FEE89C" 
},
{
 "id": "Bin.3.50",
"label": "Bin.3.50",
"size":       24,
"opacity":     0.56,
"fx":        0,
"fy":     1000,
"fz": -90.90909,
"origX":        0,
"origY":        0,
"origZ":        0,
"seedArr": "notSeed",
"colorb": "#FEE69B",
"colorw": "#FEE69B" 
},
{
 "id": "Bin.3.46",
"label": "Bin.3.46",
"size":       24,
"opacity":     0.56,
"fx":        0,
"fy":     1000,
"fz": -90.90909,
"origX":        0,
"origY":        0,
"origZ":        0,
"seedArr": "notSeed",
"colorb": "#FEE499",
"colorw": "#FEE499" 
},
{
 "id": "Bin.3.42",
"label": "Bin.3.42",
"size":       24,
"opacity":     0.56,
"fx":        0,
"fy":     1000,
"fz": -90.90909,
"origX":        0,
"origY":        0,
"origZ":        0,
"seedArr": "notSeed",
"colorb": "#FEE298",
"colorw": "#FEE298" 
},
{
 "id": "Bin.3.38",
"label": "Bin.3.38",
"size":       24,
"opacity":     0.57,
"fx":        0,
"fy":     1000,
"fz": -90.90909,
"origX":        0,
"origY":        0,
"origZ":        0,
"seedArr": "notSeed",
"colorb": "#FDE097",
"colorw": "#FDE097" 
},
{
 "id": "Bin.3.34",
"label": "Bin.3.34",
"size":       24,
"opacity":     0.57,
"fx":        0,
"fy":     1000,
"fz": -90.90909,
"origX":        0,
"origY":        0,
"origZ":        0,
"seedArr": "notSeed",
"colorb": "#FDDE95",
"colorw": "#FDDE95" 
},
{
 "id": "Bin.3.30",
"label": "Bin.3.30",
"size":       24,
"opacity":     0.57,
"fx":        0,
"fy":     1000,
"fz": -90.90909,
"origX":        0,
"origY":        0,
"origZ":        0,
"seedArr": "notSeed",
"colorb": "#FDDC94",
"colorw": "#FDDC94" 
},
{
 "id": "Bin.3.26",
"label": "Bin.3.26",
"size":       24,
"opacity":     0.58,
"fx":        0,
"fy":     1000,
"fz": -90.90909,
"origX":        0,
"origY":        0,
"origZ":        0,
"seedArr": "notSeed",
"colorb": "#FDDB93",
"colorw": "#FDDB93" 
},
{
 "id": "Bin.3.18",
"label": "Bin.3.18",
"size":       24,
"opacity":     0.58,
"fx":        0,
"fy":     1000,
"fz": -90.90909,
"origX":        0,
"origY":        0,
"origZ":        0,
"seedArr": "notSeed",
"colorb": "#FDD991",
"colorw": "#FDD991" 
},
{
 "id": "Bin.3.14",
"label": "Bin.3.14",
"size":       24,
"opacity":     0.58,
"fx":        0,
"fy":     1000,
"fz": -90.90909,
"origX":        0,
"origY":        0,
"origZ":        0,
"seedArr": "notSeed",
"colorb": "#FDD790",
"colorw": "#FDD790" 
},
{
 "id": "Bin.3.10",
"label": "Bin.3.10",
"size":       24,
"opacity":     0.58,
"fx":        0,
"fy":     1000,
"fz": -90.90909,
"origX":        0,
"origY":        0,
"origZ":        0,
"seedArr": "notSeed",
"colorb": "#FDD58F",
"colorw": "#FDD58F" 
},
{
 "id": "Bin.3.06",
"label": "Bin.3.06",
"size":       24,
"opacity":     0.59,
"fx":        0,
"fy":     1000,
"fz": -90.90909,
"origX":        0,
"origY":        0,
"origZ":        0,
"seedArr": "notSeed",
"colorb": "#FCD38D",
"colorw": "#FCD38D" 
},
{
 "id": "Bin.3.02",
"label": "Bin.3.02",
"size":       24,
"opacity":     0.59,
"fx":        0,
"fy":     1000,
"fz": -90.90909,
"origX":        0,
"origY":        0,
"origZ":        0,
"seedArr": "notSeed",
"colorb": "#FCD18C",
"colorw": "#FCD18C" 
},
{
 "id": "Bin.3.04",
"label": "Bin.3.04",
"size":       24,
"opacity":     0.59,
"fx":        0,
"fy":     1000,
"fz": -90.90909,
"origX":        0,
"origY":        0,
"origZ":        0,
"seedArr": "notSeed",
"colorb": "#FCCF8B",
"colorw": "#FCCF8B" 
},
{
 "id": "Bin.2.98",
"label": "Bin.2.98",
"size":       24,
"opacity":     0.59,
"fx":        0,
"fy":     1000,
"fz": -90.90909,
"origX":        0,
"origY":        0,
"origZ":        0,
"seedArr": "notSeed",
"colorb": "#FCCD89",
"colorw": "#FCCD89" 
},
{
 "id": "Bin.2.94",
"label": "Bin.2.94",
"size":       24,
"opacity":      0.6,
"fx":        0,
"fy":     1000,
"fz": -90.90909,
"origX":        0,
"origY":        0,
"origZ":        0,
"seedArr": "notSeed",
"colorb": "#FCCC88",
"colorw": "#FCCC88" 
},
{
 "id": "Bin.2.90",
"label": "Bin.2.90",
"size":       24,
"opacity":      0.6,
"fx":        0,
"fy":     1000,
"fz": -90.90909,
"origX":        0,
"origY":        0,
"origZ":        0,
"seedArr": "notSeed",
"colorb": "#FCCA86",
"colorw": "#FCCA86" 
},
{
 "id": "Bin.2.86",
"label": "Bin.2.86",
"size":       24,
"opacity":      0.6,
"fx":        0,
"fy":     1000,
"fz": -90.90909,
"origX":        0,
"origY":        0,
"origZ":        0,
"seedArr": "notSeed",
"colorb": "#FBC885",
"colorw": "#FBC885" 
},
{
 "id": "Bin.2.82",
"label": "Bin.2.82",
"size":       24,
"opacity":      0.6,
"fx":        0,
"fy":     1000,
"fz": -90.90909,
"origX":        0,
"origY":        0,
"origZ":        0,
"seedArr": "notSeed",
"colorb": "#FBC684",
"colorw": "#FBC684" 
},
{
 "id": "Bin.2.78",
"label": "Bin.2.78",
"size":       24,
"opacity":     0.61,
"fx":        0,
"fy":     1000,
"fz": -90.90909,
"origX":        0,
"origY":        0,
"origZ":        0,
"seedArr": "notSeed",
"colorb": "#FBC482",
"colorw": "#FBC482" 
},
{
 "id": "Bin.2.74",
"label": "Bin.2.74",
"size":       24,
"opacity":     0.61,
"fx":        0,
"fy":     1000,
"fz": -90.90909,
"origX":        0,
"origY":        0,
"origZ":        0,
"seedArr": "notSeed",
"colorb": "#FBC281",
"colorw": "#FBC281" 
},
{
 "id": "Bin.2.66",
"label": "Bin.2.66",
"size":       24,
"opacity":     0.61,
"fx":        0,
"fy":     1000,
"fz": -90.90909,
"origX":        0,
"origY":        0,
"origZ":        0,
"seedArr": "notSeed",
"colorb": "#FBC080",
"colorw": "#FBC080" 
},
{
 "id": "Bin.2.62",
"label": "Bin.2.62",
"size":       24,
"opacity":     0.61,
"fx":        0,
"fy":     1000,
"fz": -90.90909,
"origX":        0,
"origY":        0,
"origZ":        0,
"seedArr": "notSeed",
"colorb": "#FBBE7E",
"colorw": "#FBBE7E" 
},
{
 "id": "Bin.2.58",
"label": "Bin.2.58",
"size":       24,
"opacity":     0.62,
"fx":        0,
"fy":     1000,
"fz": -90.90909,
"origX":        0,
"origY":        0,
"origZ":        0,
"seedArr": "notSeed",
"colorb": "#FABC7D",
"colorw": "#FABC7D" 
},
{
 "id": "Bin.2.50",
"label": "Bin.2.50",
"size":       24,
"opacity":     0.62,
"fx":        0,
"fy":     1000,
"fz": -90.90909,
"origX":        0,
"origY":        0,
"origZ":        0,
"seedArr": "notSeed",
"colorb": "#FABB7C",
"colorw": "#FABB7C" 
},
{
 "id": "Bin.2.46",
"label": "Bin.2.46",
"size":       24,
"opacity":     0.62,
"fx":        0,
"fy":     1000,
"fz": -90.90909,
"origX":        0,
"origY":        0,
"origZ":        0,
"seedArr": "notSeed",
"colorb": "#FAB97A",
"colorw": "#FAB97A" 
},
{
 "id": "Bin.2.42",
"label": "Bin.2.42",
"size":       24,
"opacity":     0.63,
"fx":        0,
"fy":     1000,
"fz": -90.90909,
"origX":        0,
"origY":        0,
"origZ":        0,
"seedArr": "notSeed",
"colorb": "#FAB779",
"colorw": "#FAB779" 
},
{
 "id": "Bin.2.38",
"label": "Bin.2.38",
"size":       24,
"opacity":     0.63,
"fx":        0,
"fy":     1000,
"fz": -90.90909,
"origX":        0,
"origY":        0,
"origZ":        0,
"seedArr": "notSeed",
"colorb": "#FAB578",
"colorw": "#FAB578" 
},
{
 "id": "Bin.2.34",
"label": "Bin.2.34",
"size":       24,
"opacity":     0.63,
"fx":        0,
"fy":     1000,
"fz": -90.90909,
"origX":        0,
"origY":        0,
"origZ":        0,
"seedArr": "notSeed",
"colorb": "#FAB376",
"colorw": "#FAB376" 
},
{
 "id": "Bin.2.30",
"label": "Bin.2.30",
"size":       24,
"opacity":     0.63,
"fx":        0,
"fy":     1000,
"fz": -90.90909,
"origX":        0,
"origY":        0,
"origZ":        0,
"seedArr": "notSeed",
"colorb": "#FAB175",
"colorw": "#FAB175" 
},
{
 "id": "Bin.2.26",
"label": "Bin.2.26",
"size":       24,
"opacity":     0.64,
"fx":        0,
"fy":     1000,
"fz": -90.90909,
"origX":        0,
"origY":        0,
"origZ":        0,
"seedArr": "notSeed",
"colorb": "#F9AF73",
"colorw": "#F9AF73" 
},
{
 "id": "Bin.2.22",
"label": "Bin.2.22",
"size":       24,
"opacity":     0.64,
"fx":        0,
"fy":     1000,
"fz": -90.90909,
"origX":        0,
"origY":        0,
"origZ":        0,
"seedArr": "notSeed",
"colorb": "#F9AD72",
"colorw": "#F9AD72" 
},
{
 "id": "Bin.2.18",
"label": "Bin.2.18",
"size":       24,
"opacity":     0.64,
"fx":        0,
"fy":     1000,
"fz": -90.90909,
"origX":        0,
"origY":        0,
"origZ":        0,
"seedArr": "notSeed",
"colorb": "#F9AC71",
"colorw": "#F9AC71" 
},
{
 "id": "Bin.2.14",
"label": "Bin.2.14",
"size":       24,
"opacity":     0.64,
"fx":        0,
"fy":     1000,
"fz": -90.90909,
"origX":        0,
"origY":        0,
"origZ":        0,
"seedArr": "notSeed",
"colorb": "#F9AA6F",
"colorw": "#F9AA6F" 
},
{
 "id": "Bin.2.10",
"label": "Bin.2.10",
"size":       24,
"opacity":     0.65,
"fx":        0,
"fy":     1000,
"fz": -90.90909,
"origX":        0,
"origY":        0,
"origZ":        0,
"seedArr": "notSeed",
"colorb": "#F9A86E",
"colorw": "#F9A86E" 
},
{
 "id": "Bin.2.06",
"label": "Bin.2.06",
"size":       24,
"opacity":     0.65,
"fx":        0,
"fy":     1000,
"fz": -90.90909,
"origX":        0,
"origY":        0,
"origZ":        0,
"seedArr": "notSeed",
"colorb": "#F9A66D",
"colorw": "#F9A66D" 
},
{
 "id": "Bin.2.02",
"label": "Bin.2.02",
"size":       24,
"opacity":     0.65,
"fx":        0,
"fy":     1000,
"fz": -90.90909,
"origX":        0,
"origY":        0,
"origZ":        0,
"seedArr": "notSeed",
"colorb": "#F8A46B",
"colorw": "#F8A46B" 
},
{
 "id": "Bin.1.98",
"label": "Bin.1.98",
"size":       24,
"opacity":     0.65,
"fx":        0,
"fy":     1000,
"fz": -90.90909,
"origX":        0,
"origY":        0,
"origZ":        0,
"seedArr": "notSeed",
"colorb": "#F8A26A",
"colorw": "#F8A26A" 
},
{
 "id": "Bin.1.94",
"label": "Bin.1.94",
"size":       24,
"opacity":     0.66,
"fx":        0,
"fy":     1000,
"fz": -90.90909,
"origX":        0,
"origY":        0,
"origZ":        0,
"seedArr": "notSeed",
"colorb": "#F8A069",
"colorw": "#F8A069" 
},
{
 "id": "Bin.1.90",
"label": "Bin.1.90",
"size":       24,
"opacity":     0.66,
"fx":        0,
"fy":     1000,
"fz": -90.90909,
"origX":        0,
"origY":        0,
"origZ":        0,
"seedArr": "notSeed",
"colorb": "#F89E67",
"colorw": "#F89E67" 
},
{
 "id": "Bin.1.86",
"label": "Bin.1.86",
"size":       24,
"opacity":     0.66,
"fx":        0,
"fy":     1000,
"fz": -90.90909,
"origX":        0,
"origY":        0,
"origZ":        0,
"seedArr": "notSeed",
"colorb": "#F89C66",
"colorw": "#F89C66" 
},
{
 "id": "Bin.1.82",
"label": "Bin.1.82",
"size":       24,
"opacity":     0.67,
"fx":        0,
"fy":     1000,
"fz": -90.90909,
"origX":        0,
"origY":        0,
"origZ":        0,
"seedArr": "notSeed",
"colorb": "#F89B65",
"colorw": "#F89B65" 
},
{
 "id": "Bin.1.78",
"label": "Bin.1.78",
"size":       24,
"opacity":     0.67,
"fx":        0,
"fy":     1000,
"fz": -90.90909,
"origX":        0,
"origY":        0,
"origZ":        0,
"seedArr": "notSeed",
"colorb": "#F79963",
"colorw": "#F79963" 
},
{
 "id": "Bin.1.74",
"label": "Bin.1.74",
"size":       24,
"opacity":     0.67,
"fx":        0,
"fy":     1000,
"fz": -90.90909,
"origX":        0,
"origY":        0,
"origZ":        0,
"seedArr": "notSeed",
"colorb": "#F79762",
"colorw": "#F79762" 
},
{
 "id": "Bin.1.70",
"label": "Bin.1.70",
"size":       24,
"opacity":     0.67,
"fx":        0,
"fy":     1000,
"fz": -90.90909,
"origX":        0,
"origY":        0,
"origZ":        0,
"seedArr": "notSeed",
"colorb": "#F79561",
"colorw": "#F79561" 
},
{
 "id": "Bin.1.66",
"label": "Bin.1.66",
"size":       24,
"opacity":     0.68,
"fx":        0,
"fy":     1000,
"fz": -90.90909,
"origX":        0,
"origY":        0,
"origZ":        0,
"seedArr": "notSeed",
"colorb": "#F7935F",
"colorw": "#F7935F" 
},
{
 "id": "Bin.1.62",
"label": "Bin.1.62",
"size":       24,
"opacity":     0.68,
"fx":        0,
"fy":     1000,
"fz": -90.90909,
"origX":        0,
"origY":        0,
"origZ":        0,
"seedArr": "notSeed",
"colorb": "#F7915E",
"colorw": "#F7915E" 
},
{
 "id": "Bin.1.58",
"label": "Bin.1.58",
"size":       24,
"opacity":     0.68,
"fx":        0,
"fy":     1000,
"fz": -90.90909,
"origX":        0,
"origY":        0,
"origZ":        0,
"seedArr": "notSeed",
"colorb": "#F78F5C",
"colorw": "#F78F5C" 
},
{
 "id": "Bin.1.54",
"label": "Bin.1.54",
"size":       24,
"opacity":     0.68,
"fx":        0,
"fy":     1000,
"fz": -90.90909,
"origX":        0,
"origY":        0,
"origZ":        0,
"seedArr": "notSeed",
"colorb": "#F68D5B",
"colorw": "#F68D5B" 
},
{
 "id": "Bin.1.50",
"label": "Bin.1.50",
"size":       24,
"opacity":     0.69,
"fx":        0,
"fy":     1000,
"fz": -90.90909,
"origX":        0,
"origY":        0,
"origZ":        0,
"seedArr": "notSeed",
"colorb": "#F68B5A",
"colorw": "#F68B5A" 
},
{
 "id": "Bin.1.46",
"label": "Bin.1.46",
"size":       24,
"opacity":     0.69,
"fx":        0,
"fy":     1000,
"fz": -90.90909,
"origX":        0,
"origY":        0,
"origZ":        0,
"seedArr": "notSeed",
"colorb": "#F68A58",
"colorw": "#F68A58" 
},
{
 "id": "Bin.1.42",
"label": "Bin.1.42",
"size":       24,
"opacity":     0.69,
"fx":        0,
"fy":     1000,
"fz": -90.90909,
"origX":        0,
"origY":        0,
"origZ":        0,
"seedArr": "notSeed",
"colorb": "#F68857",
"colorw": "#F68857" 
},
{
 "id": "Bin.1.38",
"label": "Bin.1.38",
"size":       24,
"opacity":     0.69,
"fx":        0,
"fy":     1000,
"fz": -90.90909,
"origX":        0,
"origY":        0,
"origZ":        0,
"seedArr": "notSeed",
"colorb": "#F68656",
"colorw": "#F68656" 
},
{
 "id": "Bin.1.34",
"label": "Bin.1.34",
"size":       24,
"opacity":      0.7,
"fx":        0,
"fy":     1000,
"fz": -90.90909,
"origX":        0,
"origY":        0,
"origZ":        0,
"seedArr": "notSeed",
"colorb": "#F68454",
"colorw": "#F68454" 
},
{
 "id": "Bin.1.30",
"label": "Bin.1.30",
"size":       24,
"opacity":      0.7,
"fx":        0,
"fy":     1000,
"fz": -90.90909,
"origX":        0,
"origY":        0,
"origZ":        0,
"seedArr": "notSeed",
"colorb": "#F68253",
"colorw": "#F68253" 
},
{
 "id": "Bin.1.26",
"label": "Bin.1.26",
"size":       24,
"opacity":      0.8,
"fx":        0,
"fy":     1000,
"fz": 901.4727,
"origX":        0,
"origY":        0,
"origZ":  0.54581,
"seedArr": "notSeed",
"colorb": "#F03C21",
"colorw": "#F03C21" 
},
{
 "id": "Bin.1.22",
"label": "Bin.1.22",
"size":       24,
"opacity":      0.7,
"fx":        0,
"fy":     1000,
"fz": -90.90909,
"origX":        0,
"origY":        0,
"origZ":        0,
"seedArr": "notSeed",
"colorb": "#F58052",
"colorw": "#F58052" 
},
{
 "id": "Bin.1.18",
"label": "Bin.1.18",
"size":       24,
"opacity":      0.7,
"fx":        0,
"fy":     1000,
"fz": -90.90909,
"origX":        0,
"origY":        0,
"origZ":        0,
"seedArr": "notSeed",
"colorb": "#F57E50",
"colorw": "#F57E50" 
},
{
 "id": "Bin.1.14",
"label": "Bin.1.14",
"size":       24,
"opacity":     0.71,
"fx":        0,
"fy":     1000,
"fz": -90.90909,
"origX":        0,
"origY":        0,
"origZ":        0,
"seedArr": "notSeed",
"colorb": "#F57C4F",
"colorw": "#F57C4F" 
},
{
 "id": "Bin.1.10",
"label": "Bin.1.10",
"size":       24,
"opacity":     0.71,
"fx":        0,
"fy":     1000,
"fz": -90.90909,
"origX":        0,
"origY":        0,
"origZ":        0,
"seedArr": "notSeed",
"colorb": "#F57B4E",
"colorw": "#F57B4E" 
},
{
 "id": "Bin.1.06",
"label": "Bin.1.06",
"size":       24,
"opacity":     0.71,
"fx":        0,
"fy":     1000,
"fz": -90.90909,
"origX":        0,
"origY":        0,
"origZ":        0,
"seedArr": "notSeed",
"colorb": "#F5794C",
"colorw": "#F5794C" 
},
{
 "id": "Bin.1.02",
"label": "Bin.1.02",
"size":       24,
"opacity":     0.72,
"fx":        0,
"fy":     1000,
"fz": -90.90909,
"origX":        0,
"origY":        0,
"origZ":        0,
"seedArr": "notSeed",
"colorb": "#F5774B",
"colorw": "#F5774B" 
},
{
 "id": "Bin.0.98",
"label": "Bin.0.98",
"size":       24,
"opacity":     0.72,
"fx":        0,
"fy":     1000,
"fz": -90.90909,
"origX":        0,
"origY":        0,
"origZ":        0,
"seedArr": "notSeed",
"colorb": "#F47549",
"colorw": "#F47549" 
},
{
 "id": "Bin.0.90",
"label": "Bin.0.90",
"size":       24,
"opacity":     0.72,
"fx":        0,
"fy":     1000,
"fz": -90.90909,
"origX":        0,
"origY":        0,
"origZ":        0,
"seedArr": "notSeed",
"colorb": "#F47348",
"colorw": "#F47348" 
},
{
 "id": "Bin.0.86",
"label": "Bin.0.86",
"size":       24,
"opacity":     0.72,
"fx":        0,
"fy":     1000,
"fz": -90.90909,
"origX":        0,
"origY":        0,
"origZ":        0,
"seedArr": "notSeed",
"colorb": "#F47147",
"colorw": "#F47147" 
},
{
 "id": "Bin.0.78",
"label": "Bin.0.78",
"size":       24,
"opacity":     0.73,
"fx":        0,
"fy":     1000,
"fz": -90.90909,
"origX":        0,
"origY":        0,
"origZ":        0,
"seedArr": "notSeed",
"colorb": "#F46F45",
"colorw": "#F46F45" 
},
{
 "id": "Bin.0.74",
"label": "Bin.0.74",
"size":       24,
"opacity":     0.73,
"fx":        0,
"fy":     1000,
"fz": -90.90909,
"origX":        0,
"origY":        0,
"origZ":        0,
"seedArr": "notSeed",
"colorb": "#F46D44",
"colorw": "#F46D44" 
},
{
 "id": "Bin.0.70",
"label": "Bin.0.70",
"size":       24,
"opacity":     0.73,
"fx":        0,
"fy":     1000,
"fz": -90.90909,
"origX":        0,
"origY":        0,
"origZ":        0,
"seedArr": "notSeed",
"colorb": "#F46B43",
"colorw": "#F46B43" 
},
{
 "id": "Bin.0.66",
"label": "Bin.0.66",
"size":       24,
"opacity":     0.73,
"fx":        0,
"fy":     1000,
"fz": -90.90909,
"origX":        0,
"origY":        0,
"origZ":        0,
"seedArr": "notSeed",
"colorb": "#F36A41",
"colorw": "#F36A41" 
},
{
 "id": "Bin.0.62",
"label": "Bin.0.62",
"size":       24,
"opacity":     0.74,
"fx":        0,
"fy":     1000,
"fz": -90.90909,
"origX":        0,
"origY":        0,
"origZ":        0,
"seedArr": "notSeed",
"colorb": "#F36840",
"colorw": "#F36840" 
},
{
 "id": "Bin.0.58",
"label": "Bin.0.58",
"size":       24,
"opacity":     0.74,
"fx":        0,
"fy":     1000,
"fz": -90.90909,
"origX":        0,
"origY":        0,
"origZ":        0,
"seedArr": "notSeed",
"colorb": "#F3663F",
"colorw": "#F3663F" 
},
{
 "id": "Bin.0.54",
"label": "Bin.0.54",
"size":       24,
"opacity":     0.74,
"fx":        0,
"fy":     1000,
"fz": -90.90909,
"origX":        0,
"origY":        0,
"origZ":        0,
"seedArr": "notSeed",
"colorb": "#F3643D",
"colorw": "#F3643D" 
},
{
 "id": "Bin.0.50",
"label": "Bin.0.50",
"size":       24,
"opacity":     0.74,
"fx":        0,
"fy":     1000,
"fz": -90.90909,
"origX":        0,
"origY":        0,
"origZ":        0,
"seedArr": "notSeed",
"colorb": "#F3623C",
"colorw": "#F3623C" 
},
{
 "id": "Bin.0.46",
"label": "Bin.0.46",
"size":       24,
"opacity":     0.75,
"fx":        0,
"fy":     1000,
"fz": -90.90909,
"origX":        0,
"origY":        0,
"origZ":        0,
"seedArr": "notSeed",
"colorb": "#F3603B",
"colorw": "#F3603B" 
},
{
 "id": "Bin.0.42",
"label": "Bin.0.42",
"size":       24,
"opacity":     0.75,
"fx":        0,
"fy":     1000,
"fz": -90.90909,
"origX":        0,
"origY":        0,
"origZ":        0,
"seedArr": "notSeed",
"colorb": "#F35E39",
"colorw": "#F35E39" 
},
{
 "id": "Bin.0.38",
"label": "Bin.0.38",
"size":       24,
"opacity":     0.75,
"fx":        0,
"fy":     1000,
"fz": -90.90909,
"origX":        0,
"origY":        0,
"origZ":        0,
"seedArr": "notSeed",
"colorb": "#F25C38",
"colorw": "#F25C38" 
},
{
 "id": "Bin.0.34",
"label": "Bin.0.34",
"size":       24,
"opacity":     0.76,
"fx":        0,
"fy":     1000,
"fz": -90.90909,
"origX":        0,
"origY":        0,
"origZ":        0,
"seedArr": "notSeed",
"colorb": "#F25B37",
"colorw": "#F25B37" 
},
{
 "id": "Bin.0.30",
"label": "Bin.0.30",
"size":       24,
"opacity":     0.76,
"fx":        0,
"fy":     1000,
"fz": -90.90909,
"origX":        0,
"origY":        0,
"origZ":        0,
"seedArr": "notSeed",
"colorb": "#F25935",
"colorw": "#F25935" 
},
{
 "id": "Bin.0.26",
"label": "Bin.0.26",
"size":       24,
"opacity":     0.76,
"fx":        0,
"fy":     1000,
"fz": -90.90909,
"origX":        0,
"origY":        0,
"origZ":        0,
"seedArr": "notSeed",
"colorb": "#F25734",
"colorw": "#F25734" 
},
{
 "id": "Bin.0.22",
"label": "Bin.0.22",
"size":       24,
"opacity":     0.76,
"fx":        0,
"fy":     1000,
"fz": -90.90909,
"origX":        0,
"origY":        0,
"origZ":        0,
"seedArr": "notSeed",
"colorb": "#F25532",
"colorw": "#F25532" 
} 
],
"misc": "",
"ticks": {
 "x": [       -5,       -4,       -3,       -2,       -1,        0,        1,        2,        3,        4,        5 ],
"y": [       -5,       -4,       -3,       -2,       -1,        0,        1,        2,        3,        4 ],
"z": [     -2.5,       -2,     -1.5,       -1,     -0.5,        0,      0.5,        1,      1.5,        2,      2.5,        3,      3.5,        4 ] 
},
"ticksLoading": {
 "x": [     -0.6,     -0.5,     -0.4,     -0.3,     -0.2,     -0.1,        0,      0.1,      0.2,      0.3,      0.4,      0.5,      0.6 ],
"y": [     -0.8,     -0.7,     -0.6,     -0.5,     -0.4,     -0.3,     -0.2,     -0.1,        0 ],
"z": [     -0.5,     -0.4,     -0.3,     -0.2,     -0.1,        0,      0.1,      0.2,      0.3,      0.4,      0.5,      0.6 ] 
},
"axis": [ "Component1 (20.3%)", "Component2 (7.9%)", "Component3 (3.6%)" ],
"axisLoading": [ "Loading 1", "Loading 2", "Loading 3" ],
"metaCol": {
 "label": [ "control", "patient" ],
"color": [ "#E6194B", "#3CB44B" ],
"type": null 
} 
}